q,nu,chi1z,chi2z,chieff,ecc,ecc_gi,m_ano_gi,E0,J0,Emrg_til,Jmrg_til,Heff_til,b_massless,b_massless_Heff,b_massless_EOB,a_f,A_220,A_320,A_440,v_kick,A_peak22,omega_peak22,Mf,af,v_kick_qc,A_peak22_qc,omega_peak22_qc,Mf_qc,af_qc,ID,catalog,c3A_32_from_32_32_qc,c3p_32_from_32_32_qc,c4p_32_from_32_32_qc,A_320_from_32_320_qc,phi_320_from_32_320_qc,A_320_from_32_320_220_qc,phi_320_from_32_320_220_qc,A_220_from_32_320_220_qc,phi_220_from_32_320_220_qc,c3A_22_from_22_22_qc,c3p_22_from_22_22_qc,c4p_22_from_22_22_qc,A_220_from_22_220_qc,phi_220_from_22_220_qc,c3A_21_from_21_21_qc,c3p_21_from_21_21_qc,c4p_21_from_21_21_qc,A_210_from_21_210_qc,phi_210_from_21_210_qc,c3A_33_from_33_33_qc,c3p_33_from_33_33_qc,c4p_33_from_33_33_qc,A_330_from_33_330_qc,phi_330_from_33_330_qc,c3A_44_from_44_44_qc,c3p_44_from_44_44_qc,c4p_44_from_44_44_qc,A_440_from_44_440_qc,phi_440_from_44_440_qc,c3A_20_from_20_20_qc,c3p_20_from_20_20_qc,c4p_20_from_20_20_qc,A_200_from_20_200_qc,phi_200_from_20_200_qc,A_320_from_32_320_median_ta,A_320_from_32_320_low_ta,A_320_from_32_320_high_ta,phi_320_from_32_320_median_ta,phi_320_from_32_320_low_ta,phi_320_from_32_320_high_ta,A_320_from_32_320_220_median_ta,A_320_from_32_320_220_low_ta,A_320_from_32_320_220_high_ta,phi_320_from_32_320_220_median_ta,phi_320_from_32_320_220_low_ta,phi_320_from_32_320_220_high_ta,A_220_from_32_320_220_median_ta,A_220_from_32_320_220_low_ta,A_220_from_32_320_220_high_ta,phi_220_from_32_320_220_median_ta,phi_220_from_32_320_220_low_ta,phi_220_from_32_320_220_high_ta,A_220_from_22_220_median_ta,A_220_from_22_220_low_ta,A_220_from_22_220_high_ta,phi_220_from_22_220_median_ta,phi_220_from_22_220_low_ta,phi_220_from_22_220_high_ta,A_210_from_21_210_median_ta,A_210_from_21_210_low_ta,A_210_from_21_210_high_ta,phi_210_from_21_210_median_ta,phi_210_from_21_210_low_ta,phi_210_from_21_210_high_ta,A_330_from_33_330_median_ta,A_330_from_33_330_low_ta,A_330_from_33_330_high_ta,phi_330_from_33_330_median_ta,phi_330_from_33_330_low_ta,phi_330_from_33_330_high_ta,A_440_from_44_440_median_ta,A_440_from_44_440_low_ta,A_440_from_44_440_high_ta,phi_440_from_44_440_median_ta,phi_440_from_44_440_low_ta,phi_440_from_44_440_high_ta,A_200_from_20_200_median_ta,A_200_from_20_200_low_ta,A_200_from_20_200_high_ta,phi_200_from_20_200_median_ta,phi_200_from_20_200_low_ta,phi_200_from_20_200_high_ta
0.999999941578016,0.2499999999999997,-1.91310409172e-05,-1.91459174249e-05,-1.913847917083272e-05,0.2211163,0.0778393984032017,3.790289531884916,0.9924272356373416,1.082315375017643,0.9700737997112442,2.8048615490708557,0.8820863537724221,2.891389861169079,3.1798038106760105,3.084644364958772,0.686469814726,0.0,0.0,0.0,,0.3927353877239301,0.360280013138663,0.951943772847,0.686469814726,1.0,0.3948311960035225,0.3598129996606911,0.9515844622397504,0.6863640265555292,1357,SXS,,,,,,,,,,,,,,,,,,,,,,,,,,,,,,,,,,,,,,,,,,,,,,,,,,,,,,,,,,,,,,,,,,,,,,,,,,,,,,,,,,
1.0,0.25,0.0,0.0,0.0,0.157,,,0.988891921934176,0.920723994267227,0.9691342745176568,2.792801564946779,0.8784424840897294,2.8817488333458967,3.1792651374788305,3.0811348125098244,0.6832662972,0.9251414693637472,0.011106210638454,0.031926547529371,0.0,0.3891956785669325,0.3601454129075705,0.9514192921,0.6832662972,1.0,0.39483117025625,0.35981440246,0.9515839428556588,0.686369879389307,1110,RIT,0.622746426583853,9.452534562211989,3.98027275310162,0.03046874999999999,2.3560937500000136,0.03046874999999999,2.3560937500000136,0.06719615939479105,0.16368903272907576,-0.35551,4.0225124999999995,2.032025,0.9802968749999998,0.0,0.0269135561201225,1.757068516912403,0.47721683137325066,0.0,3.141592653589793,-0.08392499999999997,1.5211750000000002,0.3718999999999999,0.0,0.0,0.38656500000000005,8.230348369807949,6.019950000000001,0.04241015624999989,-2.5925603071794048,0.0,0.0,0.0,1.0,0.0,0.059079210423716666,0.03740224496196155,0.0748885312516539,2.6830590973039636,2.0613145801479056,3.3450371844470768,0.02965243152724939,0.027690343447523174,0.030938428102207337,1.9963416751683807,1.9276433030323652,2.137074272033177,0.0643820215745704,0.062496562622950856,0.06624348665803488,-0.3384956220995443,-0.38304318892592537,-0.2731698351410792,0.9387704157560152,0.9264502214752558,0.9453884187060384,-0.34525061468661344,-0.37121630302922615,-0.303753771467945,1.2932940599263854e-06,2.583141906443738e-09,0.0005004685328767626,3.048368280308076,0.09026215422383112,6.0242993551035795,1.3305105154284654e-06,2.8808850195950427e-09,0.0006185898949447083,3.2786615893948956,0.3563094868060552,6.213230307677719,0.032334140359981056,0.026338388177866053,0.0379721984488761,-3.236327423611394,-3.3917111968904967,-2.963791756036838,0.021668282207161882,0.007179589999113174,0.0405961713168686,-0.7221067149694145,-2.0401053949343986,0.3192261454055201
0.6,0.2343749999999999,0.0,0.0,0.0,0.7975,,,0.991671109524989,0.567659230100399,0.990416763405204,2.3660845297942608,0.9593074458326178,2.3889786776824145,2.4664507088659677,2.4428141281735023,0.5464603303,0.0,0.0,0.0,92.16,0.2505920920275915,0.2917364657967223,0.9856451022,0.5464603303,1.0,0.3662667109852408,0.3527113535796874,0.9571899292820022,0.6513011211070794,1411,RIT,0.06720986804102091,12.945682506053204,4.036187802965097,0.019445141293108432,1.852697513103493,0.019445141293108432,1.852697513103493,0.046061378910199506,0.18370166045699182,-0.368196875,4.01133046875,1.9971234375,0.921378650665283,0.0,0.01965705721653513,1.7419899034765147,0.43751934203272236,0.09096421876791287,2.412011665344238,-0.1045890625,1.6174203125000002,0.46046875,0.1296405029296876,0.28599705078125,0.3364103125000001,4.856638693197723,5.6572000000000005,0.019396620303159386,-2.4688778948605195,0.0,0.0,0.0,1.0,0.0,0.01586830911520143,0.0049796183563222424,0.02627479058029933,-5.364569292735978,-7.413771015335372,-2.361807385918572,0.00988867436074048,0.007715311494174948,0.011646326463539743,5.29784558560772,4.968715703980544,5.51210791070672,0.02306394368314002,0.020543245516387056,0.024807297129296156,2.429348662744427,2.330265717512583,2.54998842253323,0.481294375137443,0.46686839979185746,0.4994771994976169,2.3246986173727384,2.2785199846529687,2.354697468765933,0.052651728268652054,0.047802221810027835,0.05506314039429176,4.431221410673436,4.373106900673581,4.471853524786181,0.05542432184364232,0.05416337564164918,0.05690918263411352,0.5384577369498731,0.5055148765035832,0.5720614827929055,0.006898227794054912,0.0035526852384039805,0.009609659637111377,2.830017819194978,2.562553539913451,3.0920194835870003,0.047131204680951,0.016113708332806488,0.08134757691685865,-0.1996738614000093,-3.815369346285971,2.2546864525746853
0.7500000000000013,0.2448979591836735,0.0,0.0,0.0,0.002,,,0.990905356253029,0.981448206547702,0.9708477875735604,2.822415938398533,0.882696912716141,2.9071662669722884,3.1974915712729697,3.10427761775547,0.6750214533,0.0,0.0,0.0,72.42,0.3841476680606814,0.3593060998571218,0.9535166382,0.6750214533,1.0,0.385416566825435,0.3574701254265389,0.9534713184168964,0.6750187370840793,1242,RIT,0.4260003573942982,10.549511866711324,3.9975928802337006,0.025960735080191092,2.224787943243811,0.025960735080191092,2.224787943243811,0.06467865362586017,0.16507280906692615,-0.3596526530612244,4.018861224489796,2.0206285714285714,0.9611101496825304,0.0,0.02436249195759436,1.752194615083263,0.46440132620896324,0.05515817928810085,2.4366878469005266,-0.09067244897959176,1.5526020408163264,0.4008204081632649,0.07813601475575616,0.3116678029987506,0.37018795918367364,6.780630176006653,5.901501020408165,0.0318067131257991,-2.6373216687780077,0.0,0.0,0.0,1.0,0.0,0.040580952685037364,0.015347619648320347,0.07090889713986846,-5.858578272748542,-8.073707439751956,-2.9580930366593634,0.025729536048051616,0.023589223728037442,0.02710002383760156,4.368501078756527,4.269832117373626,4.522143818671433,0.06339377630254328,0.061393414312784125,0.06566868471412331,2.1088562896287426,2.057434072853262,2.1733332985429343,0.9380929157233735,0.925117818543006,0.943684695035844,2.101720300241338,2.080202160630203,2.141414995663271,0.0542645417754124,0.05199884857985527,0.055754561091840224,3.5404075192581974,3.486523510662387,3.589513622529876,0.07356589447812267,0.07211724927996714,0.07525931199586786,0.27151423307262446,0.23128971139677662,0.3311450104420896,0.027588419515012785,0.021430939199204236,0.03358796030057405,1.700982902580504,1.5263186998017064,1.991772799735645,0.02111470830050466,0.004517939668130221,0.03842116153481522,-0.8310056194006932,-2.1233702294770254,0.05974244046134395
0.9000000000000008,0.2493074792243767,0.0,0.0,0.0,0.75,,,0.991389957451351,0.670926593630886,0.9888783371574243,2.5976841730150264,0.9556378445412388,2.6268996654150474,2.718272604892562,2.688040893466737,0.6341114843,0.0,0.0,0.0,29.31,0.3075413564949972,0.3298712653420335,0.9807522098,0.6341114843,1.0,0.3935482092334095,0.3594947871327383,0.951843459226394,0.6848348051898036,1341,RIT,0.5956875967256099,9.596620032564594,3.9825735289591884,0.02979993948902209,2.340576225547977,0.02979993948902209,2.340576225547977,0.06000383404810991,0.1715518702010167,-0.35607229916897504,4.0220168975069255,2.0304781163434904,0.9776955937970423,0.0,0.026558874621321553,1.7564108618115646,0.4754875382272201,0.02089819929801155,2.4482155701686192,-0.08484085872576169,1.5254407202216067,0.3758254847645426,0.029419954533320806,0.3227599757138142,0.3843420775623271,8.004593836280062,6.003872437673132,0.04076639267494243,-2.6061789900677685,0.0,0.0,0.0,1.0,0.0,0.026451855286665937,0.00563422746979631,0.045154819067488194,-4.430900798677896,-6.216240895848858,-0.9948765708047018,0.019914391443386702,0.01786340792008754,0.021704859641762286,0.3136848821565086,0.18221207562926722,0.4286410423291714,0.035180984007133764,0.03283330681824421,0.03713359211900443,3.4254226628638476,3.357166558768543,3.4662548897696057,0.5780669612581777,0.5538023785307831,0.5919362231312937,3.3481481800777884,3.304919188550161,3.3808134541014603,0.013214250695399943,0.011090166817000207,0.01444818528499049,4.997817287161796,4.879994292694099,5.098965585314565,0.015430703162038581,0.01468555271316442,0.016922697334875603,2.1884445853751364,2.119997965212346,2.252053877252793,0.016268595970361566,0.012328733596930347,0.01942569688680546,-1.9131689975372814,-2.0642825485500156,-1.7091935048890292,0.04652881770640083,0.02643141219515588,0.084733220434453,-0.24421585067096263,-3.806176193708004,2.5659192455910413
0.6,0.2343749999999999,0.0,0.0,0.0,0.19,0.0672785784130852,5.758971256874375,0.99465311821405,1.13531846020077,0.9728550447081068,2.852797239284813,0.8857534677632262,2.93239702543842,3.220757629647129,3.133330307784333,0.6523605853,0.0,0.0,0.0,119.75,0.3689089299249831,0.3497256273589073,0.9571966337,0.6523605853,1.0,0.3662667109852408,0.3527113535796874,0.9571899292820022,0.6513011211070794,1399,RIT,0.06720986804102091,12.945682506053204,4.036187802965097,0.019445141293108432,1.852697513103493,0.019445141293108432,1.852697513103493,0.05893068107960918,0.1687370213479011,-0.368196875,4.01133046875,1.9971234375,0.921378650665283,0.0,0.01965705721653513,1.7419899034765147,0.43751934203272236,0.09096421876791287,2.412011665344238,-0.1045890625,1.6174203125000002,0.46046875,0.1296405029296876,0.28599705078125,0.3364103125000001,4.856638693197723,5.6572000000000005,0.019396620303159386,-2.4688778948605195,0.0,0.0,0.0,1.0,0.0,0.03603547431642362,0.02126267528600275,0.05699387570106688,-2.823621612397855,-5.131792291558767,-0.1663961430509957,0.016961794045348658,0.013786909123479593,0.01871986215978644,0.8212503506959211,0.6386031316106588,1.0079973605823187,0.058599413415077795,0.0570999850251776,0.06151820941174681,5.011974267702221,4.9650132842975765,5.069461016652292,0.921430808970167,0.9070692604280488,0.9291432106771618,4.9744777705615455,4.95291575105277,5.01432753830018,0.09081758922583527,0.08612458349535128,0.09664772850916382,4.846151816303394,4.786007750961508,4.939971764993462,0.12510282506125125,0.11913084154534309,0.1313830294130594,4.5540092558438365,4.486903749914522,4.584277535026839,0.017888924261611816,0.01106952201536257,0.025635832762869994,1.3658763695124012,1.1690829709440747,1.716509734522168,0.05464856126396946,0.011613427893438624,0.08679195407658183,-6.7784306774997365,-10.389787328946813,-2.5230069587147295
1.0,0.25,0.0,0.0,0.0,0.51,,,0.992617986707402,0.941037860523075,0.9695413040016612,2.8455443988337543,0.8800206803304831,2.9349388077528245,3.233497192094552,3.1350090841090617,0.6879906801,1.1334504253761788,0.0119812847411859,0.0371560364820983,0.0,0.4059610073420587,0.3570712402556637,0.9484456114,0.6879906801,1.0,0.39483117025625,0.35981440246,0.9515839428556588,0.686369879389307,1303,RIT,0.622746426583853,9.452534562211989,3.98027275310162,0.03046874999999999,2.3560937500000136,0.03046874999999999,2.3560937500000136,0.067908097449259,0.16288316137676967,-0.35551,4.0225124999999995,2.032025,0.9802968749999998,0.0,0.0269135561201225,1.757068516912403,0.47721683137325066,0.0,3.141592653589793,-0.08392499999999997,1.5211750000000002,0.3718999999999999,0.0,0.0,0.38656500000000005,8.230348369807949,6.019950000000001,0.04241015624999989,-2.5925603071794048,0.0,0.0,0.0,1.0,0.0,0.050106259330385594,0.016032324520124045,0.08735921533425764,-2.8254022181928002,-5.311414426743532,-0.057082876123916826,0.03610969880769954,0.03264780634883419,0.03814846458794442,0.5885237370447909,0.4869252607749873,0.7979505610264899,0.08069851053182565,0.07825954254715765,0.08268219057685211,5.028005860472989,4.977195039928867,5.1265803571305595,1.15734023478917,1.1331773934154439,1.1702268625996395,5.06178737565757,5.0329411149907,5.121365874172412,8.153587409625372e-07,2.975169954443974e-09,0.0003724072912215641,3.082784978114636,0.1495309486904888,6.133822537720726,1.3140320996986183e-06,2.873230872039868e-09,0.0006387847406698581,3.1583565844590957,0.20456897412381317,6.198711641585191,0.04219288129027433,0.03493906017709532,0.048837898478774414,-5.116066714250525,-5.348603819982038,-4.747257139574027,0.04570521311904264,0.007468746192500376,0.07959427385427324,-2.0351573661884217,-4.2442337696685986,-0.3977714595284958
0.4000000000000005,0.2040816326530613,0.0,0.0,0.0,0.64,,,0.993420353191394,0.659033447256521,0.989399476873671,3.061993178628243,0.94833274585284,3.0947996741453765,3.2288173028071263,3.194590150318028,0.6019942614,0.0,0.0,0.0,207.28,0.3131033250157676,0.3350863484535953,0.9788628506,0.6019942614,1.0,0.3130205025590105,0.3395856389194502,0.9667043606611544,0.5806968749960989,1453,RIT,-0.17713434875626832,15.30073209089457,4.173107790214681,0.015808657610918667,0.4708867591439869,0.015808657610918667,0.4708867591439869,0.04594803654439988,0.17624709222850934,-0.3927938775510203,3.9896510204081634,1.9294571428571432,0.8058805429710412,0.0,0.013145618369968656,1.7139660485900672,0.36085163153749455,0.13665707124131585,2.3592046553731865,-0.14465204081632638,1.8040183673469383,0.6321836734693871,0.18826441363717494,0.2183900020824658,0.23917163265306163,2.5807229317012483,4.953909183673472,0.025869161555951935,-1.937605324022137,0.0,0.0,0.0,1.0,0.0,0.02493944081640609,0.01850245023597712,0.031926779125285576,-1.6617265255817997,-4.11163914902662,0.3562763291956443,0.006939302450044926,0.004778255241806874,0.00856112149027311,0.2422623558469319,0.021807856191578087,0.38869159838571443,0.03782191150957336,0.03566079101762318,0.039052991506695015,-0.3073838612766393,-0.3674496140926937,-0.2691528814275328,0.6760806150240043,0.6667022538527388,0.6878909382488214,-0.3679239523321345,-0.39231567917924526,-0.3509760260882695,0.12250647909330159,0.11420063459631329,0.12817802480403184,-0.43835458057440024,-0.4946977460003854,-0.4018318059327992,0.1565118222731532,0.15460446113393758,0.15998896727913073,-0.27395133978464714,-0.2943289846980548,-0.2459493415864511,0.01624336785246061,0.014621391330337886,0.01856972168782597,-0.8483339352606214,-1.0510910797441078,-0.6252675036481756,0.03248923843281726,0.004337983155147205,0.05220767018786695,-0.9611190016335426,-3.786526354542394,1.0235164724065227
0.4999999999999993,0.222222222222222,0.0,0.0,0.0,0.11,,,0.990627310225494,0.841363291701012,0.9743381397258069,2.8634613090826724,0.8860033236797782,2.938878395839552,3.231885516173969,3.1489493216357243,0.6218839179,0.0,0.0,0.0,147.58,0.3429495263004374,0.3526295820139609,0.9609743937,0.6218839179,1.0,0.3445819394768172,0.3473434123990122,0.9612091161354084,0.6233940746778821,1216,RIT,-0.18790136354779619,15.239396488866545,4.086138574069609,0.015762688614540447,1.3182228318853646,0.015762688614540447,1.3182228318853646,0.05223934989930821,0.1733765468503456,-0.37806444444444454,4.002633333333333,1.9699777777777774,0.8752373113854589,0.0,0.015516703337507386,1.7302072009968983,0.4061529083839812,0.11443919833057686,2.3879403292181074,-0.12066111111111122,1.6922777777777787,0.5293555555555562,0.16210699588477395,0.25775302469135775,0.2974011111111108,3.5843356544981253,5.375061111111108,0.016664783108566984,-2.161595516402621,0.0,0.0,0.0,1.0,0.0,0.03073506713078622,0.023926702824418375,0.041311214288228044,-7.795557645644715,-10.103220785973793,-5.418050776985422,0.008387505865039224,0.006452916907561392,0.009619715886195744,1.7810422104531143,1.5233867599106243,2.024957832690203,0.04929776552352261,0.04838824522602551,0.05083495989426471,0.050663441582213475,0.007039373113861128,0.10054543521081737,0.8238394477166595,0.8132873579116539,0.828980072208145,0.011866103825818985,-0.0035100982457114682,0.04397459120451207,0.11428428238797861,0.11237233480345608,0.1171215019925487,2.542900261138624,2.50623083126832,2.589507464096908,0.1467351078706399,0.14415147256407349,0.14935151239441607,3.3927729936562083,3.3703774836142193,3.4386206157381785,0.009459063958550673,0.004702968487864665,0.015710407479904875,-1.353539484129036,-1.5450028040491421,-0.8360901040589344,0.022171352295552005,0.008271362564147363,0.036878464414768275,-0.9127124778364155,-1.7534372036156185,-0.43250513017350656
0.4000000000000005,0.2040816326530613,0.0,0.0,0.0,0.19,0.0672396718712211,5.620672570708287,0.99534498494723,0.988550170884782,0.9779429051372516,2.927729405771345,0.8931121979853043,2.993763122971321,3.2781205008460983,3.2058146859874155,0.5814966189,0.0,0.0,0.0,165.67,0.3152951957011238,0.3430064081122737,0.9668301828,0.5814966189,1.0,0.3130205025590105,0.3395856389194502,0.9667043606611544,0.5806968749960989,1445,RIT,-0.17713434875626832,15.30073209089457,4.173107790214681,0.015808657610918667,0.4708867591439869,0.015808657610918667,0.4708867591439869,0.043802284345314864,0.17908896257429732,-0.3927938775510203,3.9896510204081634,1.9294571428571432,0.8058805429710412,0.0,0.013145618369968656,1.7139660485900672,0.36085163153749455,0.13665707124131585,2.3592046553731865,-0.14465204081632638,1.8040183673469383,0.6321836734693871,0.18826441363717494,0.2183900020824658,0.23917163265306163,2.5807229317012483,4.953909183673472,0.025869161555951935,-1.937605324022137,0.0,0.0,0.0,1.0,0.0,0.027771183506706376,0.020420191674745583,0.03379088902966139,-3.015386100726287,-5.359034057748523,-1.0218149733180004,0.005754396424320296,0.0032395673090271655,0.008457742271372649,-1.5274089773162358,-2.013711024738712,-1.1657847137289403,0.04023070342517732,0.037543027669741325,0.04209994607695718,4.67041943923056,4.617157175179297,4.720519386949279,0.7844399386582298,0.771163230080797,0.7895825414192627,4.604350944288485,4.583692694829565,4.634290688522109,0.12683004809828133,0.12355268043466731,0.13102894376666013,4.7625013163501615,4.654632604978461,4.880080729491237,0.17593223688818949,0.16676079986773143,0.1883072654944275,3.9615082902689673,3.921904873636125,4.006644730943202,0.018475644315112172,0.012935177345257754,0.02440617117761065,2.578315778552478,2.2352214258946366,3.0136749766183373,0.04013638529006147,0.006299741508951597,0.0698086256416019,-6.537679777741679,-9.929170675890633,-2.117654726451481
1.0,0.25,0.0,0.0,0.0,0.64,,,0.99193873251433,0.806603880448357,0.984489489380525,2.9914939974255166,0.938439109401454,3.038624616813196,3.187733724496544,3.138290346710682,0.7166207057,0.843377141252101,0.015169021769983,0.0306886288085534,0.0,0.4095980495061917,0.3662207973171441,0.9655945151,0.7166207057,1.0,0.39483117025625,0.35981440246,0.9515839428556588,0.686369879389307,1315,RIT,0.622746426583853,9.452534562211989,3.98027275310162,0.03046874999999999,2.3560937500000136,0.03046874999999999,2.3560937500000136,0.0723772698465506,0.15777984782158122,-0.35551,4.0225124999999995,2.032025,0.9802968749999998,0.0,0.0269135561201225,1.757068516912403,0.47721683137325066,0.0,3.141592653589793,-0.08392499999999997,1.5211750000000002,0.3718999999999999,0.0,0.0,0.38656500000000005,8.230348369807949,6.019950000000001,0.04241015624999989,-2.5925603071794048,0.0,0.0,0.0,1.0,0.0,0.04138994208269353,0.010856815925140149,0.0688505939471028,-1.6109754135806633,-3.528764374160599,1.4627082854715996,0.027679400463156423,0.022510875784262762,0.03176059025685855,2.801395743228777,2.640097730404218,2.9343363343236666,0.062029862266285596,0.05762797483810453,0.06568678218589741,-0.05032685201778975,-0.13495406083808614,-0.0023292197146123073,0.8571485093004245,0.8431317213534847,0.8760253519923499,-0.07700144769640649,-0.12289381911405073,-0.03606256755546067,1.1028515091198222e-06,2.842206179925428e-09,0.00030141906163463347,3.2733588849221538,0.19511360702660874,6.176062245006578,1.2211873127840209e-06,3.068392553877904e-09,0.00043593222843429507,2.9110695549422685,0.28673039457920735,6.1524697668315005,0.030350651464080114,0.024568237692484084,0.03542333071863015,-2.5512020085940517,-2.6950191326894863,-2.31572459793882,0.04872326427821516,0.009971752398440843,0.08189159681614118,-6.907525656688822,-10.548445718225564,-3.4578045424957944
0.3333333333333333,0.1875,0.0,0.0,0.0,0.6636,,,0.993859441769228,0.584864324127507,0.9911071306094568,2.991597365891943,0.9527822515864282,3.018439958203444,3.139854212135868,3.1119318987219966,0.5458076978,0.0,0.0,0.0,207.08,0.2649094218392199,0.3327408253793749,0.9842377434,0.5458076978,1.0,0.2849550865647949,0.33276172592,0.971248210181883,0.5405636817226854,1477,RIT,0.04316486925554247,12.104987282981323,4.267052150529734,0.0195087661743164,-0.2104132080077932,0.0195087661743164,-0.2104132080077932,0.03703599618354205,0.1837848780311109,-0.4062575,3.9777843749999997,1.89241875,0.7420158691406249,0.0,0.01654776200957613,1.7036939313984176,0.3258825422735166,0.1497074382305145,2.33851416015625,-0.16658124999999996,1.9061562500000002,0.7261749999999998,0.19871484375,0.18534031250000002,0.18594624999999998,2.13382630909159,4.56895,0.03969810390472408,-2.0624280134784603,0.0,0.0,0.0,1.0,0.0,0.01903886186348669,0.004919517167582994,0.02962079437093134,-1.9148407971593606,-5.01892888228557,-0.17328402886336303,0.0120578618105176,0.009656156324279453,0.013300600970826833,-0.45713804426164567,-0.6228811042705109,-0.34688647231925795,0.025685571696511977,0.02368490843933365,0.02689291887395987,5.5259496505581955,5.44868369357898,5.570237158680218,0.5265331173733969,0.5131521352228994,0.5395250405470677,5.413959997580092,5.384363080590365,5.4280670218480065,0.1163202166655738,0.10783111839342222,0.12216101610133545,-0.44914044200406167,-0.5036757885949612,-0.410885735782065,0.13607079997926264,0.13478136741247723,0.13883105771017962,5.25743288013527,5.242371186629476,5.280623288336272,0.02276322446352741,0.021428688970653677,0.024989284744288964,4.635714591516086,4.542797281719264,4.762096541604534,0.02767208992350012,0.0018854219277004676,0.04547481276713045,-0.45740107913275585,-3.7665636435855827,1.23007646384246
0.4999999999999993,0.222222222222222,0.0,0.0,0.0,0.19,,,0.989789309742607,0.802658974966421,0.9766946756953574,2.943294772983235,0.8963481014462334,3.013525973086479,3.2836514834296056,3.207124920704858,0.6286688775,0.0,0.0,0.0,145.75,0.3527308977310847,0.3390447813562431,0.9611568898,0.6286688775,1.0,0.3445819394768172,0.3473434123990122,0.9612091161354084,0.6233940746778821,1224,RIT,-0.18790136354779619,15.239396488866545,4.086138574069609,0.015762688614540447,1.3182228318853646,0.015762688614540447,1.3182228318853646,0.05305468094147042,0.17236987403562098,-0.37806444444444454,4.002633333333333,1.9699777777777774,0.8752373113854589,0.0,0.015516703337507386,1.7302072009968983,0.4061529083839812,0.11443919833057686,2.3879403292181074,-0.12066111111111122,1.6922777777777787,0.5293555555555562,0.16210699588477395,0.25775302469135775,0.2974011111111108,3.5843356544981253,5.375061111111108,0.016664783108566984,-2.161595516402621,0.0,0.0,0.0,1.0,0.0,0.03771857499554665,0.030094997440905276,0.04583633077428056,-4.6203317751815165,-7.0720295695075155,-2.328928117114131,0.009861646546519443,0.006893689510259589,0.011569998864450282,4.409120433939268,4.136263353902458,4.68445567132226,0.06062117691570639,0.0593691247151432,0.06259116478245247,3.1400940942746267,3.093110191434941,3.2057341929010286,0.9979954517061658,0.9755822300090522,1.0105811153737907,3.0912419403108573,3.0656287355934433,3.138548863848768,0.13800760042332527,0.13468428005776412,0.14136479537191005,0.5433142978126314,0.49864155150724704,0.6202033151512233,0.17974013125550325,0.17387138401982816,0.1828607892725686,-1.495535360181933,-1.5303302844028117,-1.4288376247453591,0.013004316706529129,0.006649002889687273,0.022608848498850146,-1.7008410163852195,-1.865438552588433,-1.2962972670506607,0.026236902484888525,0.007399782949701317,0.043034008463499834,-1.8843329680902925,-2.6836975755398513,-1.2531603457632325
1.0,0.25,0.0,0.0,0.0,0.235,,,0.987973994315934,0.877094507446426,0.9682896093908478,2.7837281357019066,0.8751695353085613,2.874892086731317,3.180787291367996,3.07992328391409,0.6808873569,0.9415546856060936,0.0116808420274947,0.032737662329613,0.0,0.3901660545251276,0.3551534452610951,0.9505235866,0.6808873569,1.0,0.39483117025625,0.35981440246,0.9515839428556588,0.686369879389307,1118,RIT,0.622746426583853,9.452534562211989,3.98027275310162,0.03046874999999999,2.3560937500000136,0.03046874999999999,2.3560937500000136,0.06684024139874467,0.16409123441626136,-0.35551,4.0225124999999995,2.032025,0.9802968749999998,0.0,0.0269135561201225,1.757068516912403,0.47721683137325066,0.0,3.141592653589793,-0.08392499999999997,1.5211750000000002,0.3718999999999999,0.0,0.0,0.38656500000000005,8.230348369807949,6.019950000000001,0.04241015624999989,-2.5925603071794048,0.0,0.0,0.0,1.0,0.0,0.04211333392402361,0.01179770856528813,0.07549484366782964,-4.757845877174186,-7.028441384508637,-1.7934959762331584,0.03011277807766166,0.027578347828838494,0.031930027836660976,5.387194422610821,5.301452232317517,5.555794040880021,0.06581397179351234,0.0634025083798944,0.06849012406487111,3.134349592211485,3.081694063074922,3.2144580491699783,0.9586239814244056,0.9413263206934307,0.9727083888256863,3.1388376285445228,3.115364383384523,3.1821003546546516,1.254862098207838e-06,3.025336538673544e-09,0.0005584392037066733,3.141234722476971,0.1957671732011253,6.115002142765087,8.2813123576947e-07,2.8704232853881807e-09,0.0006429806550199588,3.0937269170941097,0.2347476215541501,6.2042765418754495,0.03318572018094279,0.0267690256317409,0.03923660192058853,-2.5749997512862723,-2.7366285961503163,-2.2783919002126325,0.022008878872089355,0.004241147534779407,0.0415567327415922,-0.7967091222144755,-2.0389270180414982,0.17942231047771218
1.0,0.25,0.0,0.0,0.0,0.444975,0.3921138216459049,3.67334129108637,0.992957639069585,1.0015331515567,0.9687462116750958,2.760562449557896,0.8769384452696989,2.8496239946936184,3.147954642026096,3.049569133987813,0.6812185864,0.8908153002392443,0.0110928983614289,0.0299040286340917,0.0,0.3848219573934657,0.3582166140943172,0.9519339606,0.6812185864,1.0,0.39483117025625,0.35981440246,0.9515839428556588,0.686369879389307,1292,RIT,0.622746426583853,9.452534562211989,3.98027275310162,0.03046874999999999,2.3560937500000136,0.03046874999999999,2.3560937500000136,0.06688969514208501,0.16403537768679513,-0.35551,4.0225124999999995,2.032025,0.9802968749999998,0.0,0.0269135561201225,1.757068516912403,0.47721683137325066,0.0,3.141592653589793,-0.08392499999999997,1.5211750000000002,0.3718999999999999,0.0,0.0,0.38656500000000005,8.230348369807949,6.019950000000001,0.04241015624999989,-2.5925603071794048,0.0,0.0,0.0,1.0,0.0,0.04073556547754942,0.013890673128354836,0.0718356345450966,-2.246755280597221,-4.325853722744739,0.8115866901636208,0.028336304159582215,0.025638938773027663,0.02998567564671869,1.9319630835307047,1.8348838724171526,2.059444181176912,0.06161296459531285,0.059940166948278896,0.06385604164878267,-0.5494463755669012,-0.6109720740650522,-0.4767667940238134,0.9027388710071547,0.8918247296110983,0.9079845506885281,-0.5119606392125531,-0.5354139173114572,-0.4735668253161984,1.8817502060864924e-06,2.759786514577464e-09,0.00036446765320894927,3.1788768749503697,0.1876333269638675,6.1551769583029605,1.4414185220840912e-06,3.4613732111699312e-09,0.0003351390553197885,3.430274086903752,0.12541812218454215,6.043257890643725,0.030523856570049086,0.024918729623792296,0.03556208528524685,-3.542100456173836,-3.7133103766576583,-3.282294916113786,0.03325964440818796,0.00701610591742546,0.05355196490185056,-1.335071023759344,-4.628831295029347,0.14554010525261438
1.0,0.25,0.0,0.0,0.0,0.3276,0.1854906216856484,1.2761538174674456,0.993570386164343,1.10235863661276,0.9694580612278108,2.807591659275066,0.8796978649591713,2.896042409219099,3.1915408359043504,3.0940649911052183,0.6855195723,0.9862629368850372,0.0118276716223991,0.0373242468481578,0.0,0.3956211657397162,0.3551607824477401,0.9508768245,0.6855195723,1.0,0.39483117025625,0.35981440246,0.9515839428556588,0.686369879389307,1284,RIT,0.622746426583853,9.452534562211989,3.98027275310162,0.03046874999999999,2.3560937500000136,0.03046874999999999,2.3560937500000136,0.06753486177117354,0.16330591364842395,-0.35551,4.0225124999999995,2.032025,0.9802968749999998,0.0,0.0269135561201225,1.757068516912403,0.47721683137325066,0.0,3.141592653589793,-0.08392499999999997,1.5211750000000002,0.3718999999999999,0.0,0.0,0.38656500000000005,8.230348369807949,6.019950000000001,0.04241015624999989,-2.5925603071794048,0.0,0.0,0.0,1.0,0.0,0.044505022154284535,0.013039249505706283,0.07949714531603272,-4.928063371612391,-7.162793499788427,-1.991201485245381,0.03126769337694613,0.027931529397132143,0.03393780615856633,5.244024447238803,5.114634524298949,5.380422040382664,0.06916990153681167,0.06668841509662614,0.07291445502187112,3.0368972795641302,2.985166324504284,3.096865939896342,1.0021360275292517,0.9879235441573997,1.0113266226122501,3.0552540212995356,3.028622023031031,3.101886666037843,2.5603427725851194e-06,2.9335435782956614e-09,0.00037963127810555536,3.1501344918384375,0.28115936526222823,6.209271336330961,2.5308608408523646e-06,3.4196435179109516e-09,0.00048348663602833426,3.063640501721099,0.28297229739212837,6.119241380233977,0.03506547686516201,0.02857261156387008,0.04155523620457614,-2.7572938089475167,-2.915558029310903,-2.461786005007401,0.036831994844651494,0.006732369950519928,0.06145434234610765,-1.6112862523334281,-4.649017938840838,-0.02156362503637066
0.4999999999999993,0.222222222222222,0.0,0.0,0.0,0.3,,,0.988635473769499,0.746169643659133,0.9805102115340174,3.0523842439603226,0.913150618575588,3.113057067692175,3.342695259541846,3.277546836027133,0.6419456897,0.0,0.0,0.0,135.82,0.3685404070734168,0.3380860203194338,0.9628256104,0.6419456897,1.0,0.3445819394768172,0.3473434123990122,0.9612091161354084,0.6233940746778821,1232,RIT,-0.18790136354779619,15.239396488866545,4.086138574069609,0.015762688614540447,1.3182228318853646,0.015762688614540447,1.3182228318853646,0.0546784077946507,0.17035757312457284,-0.37806444444444454,4.002633333333333,1.9699777777777774,0.8752373113854589,0.0,0.015516703337507386,1.7302072009968983,0.4061529083839812,0.11443919833057686,2.3879403292181074,-0.12066111111111122,1.6922777777777787,0.5293555555555562,0.16210699588477395,0.25775302469135775,0.2974011111111108,3.5843356544981253,5.375061111111108,0.016664783108566984,-2.161595516402621,0.0,0.0,0.0,1.0,0.0,0.041388884895266286,0.03350793069079478,0.04918600255401191,-4.965548756014186,-7.355609055490751,-2.71498620961552,0.010638249491583651,0.007302618203266359,0.012306459012789026,4.012650711515808,3.7745062910444145,4.27189825901268,0.06685233865702711,0.06549041628412827,0.06850194991428815,2.8293306396459608,2.7830718241532497,2.8956689467833074,1.0733251765909326,1.0451434433368896,1.0995325057154952,2.7695692297951697,2.730807925822742,2.82032759835853,0.14500530507067366,0.1421534590421964,0.14773183696290182,0.3026911594262752,0.25367843940484847,0.3853157267802238,0.19670903949467367,0.19054372415959417,0.19999051598784495,4.3073416316307895,4.277388227694228,4.375698027825388,0.013636723168787801,0.005939530734543736,0.024071623332386004,-2.440658477759585,-2.6140002435845173,-2.040245163841739,0.026098607527979545,0.007171120580383472,0.04182131059239374,-2.1610914488057342,-2.972671901307221,-1.4771012006058868
0.9000000000000008,0.2493074792243767,0.0,0.0,0.0,0.36,0.2212530322114778,0.8446732557375825,0.993425714809437,1.07348254980942,0.9699219104766156,2.819908477376795,0.8811678499142304,2.907356197357273,3.200194466526751,3.10393873087032,0.6860118902,0.0,0.0,0.0,27.75,0.3971750318064175,0.3544324404775238,0.9509207068,0.6860118902,1.0,0.3935482092334095,0.3594947871327383,0.951843459226394,0.6848348051898036,1331,RIT,0.5956875967256099,9.596620032564594,3.9825735289591884,0.02979993948902209,2.340576225547977,0.02979993948902209,2.340576225547977,0.06742966625190369,0.16322190193831454,-0.35607229916897504,4.0220168975069255,2.0304781163434904,0.9776955937970423,0.0,0.026558874621321553,1.7564108618115646,0.4754875382272201,0.02089819929801155,2.4482155701686192,-0.08484085872576169,1.5254407202216067,0.3758254847645426,0.029419954533320806,0.3227599757138142,0.3843420775623271,8.004593836280062,6.003872437673132,0.04076639267494243,-2.6061789900677685,0.0,0.0,0.0,1.0,0.0,0.044829596746202904,0.01523822432742732,0.0792702780308817,-7.320086902146571,-9.639811412406907,-4.410577501518588,0.03139675561534405,0.02839401479306639,0.03373525813825634,2.7334897119120747,2.631069829850141,2.905469673636098,0.07026629768624881,0.06753803491078837,0.07274228409155534,0.5592954669712271,0.49553425613630736,0.6471167233302662,1.021332784613582,1.0036979928906098,1.0293306767497514,0.590241159054421,0.5659108820648043,0.6379889676416338,0.020493355768238766,0.018560870085111914,0.021630711001844077,-0.4905364626133848,-0.6415204764421549,-0.38400752870800314,0.029680376532258745,0.028506612004621335,0.03178938710822322,1.126041906026744,1.0585451266606736,1.1956268322131494,0.035490423672378535,0.02815223404055232,0.04156290335567388,-1.4055657480094061,-1.5956957584015514,-1.076808365100547,0.03805483406047827,0.00471219488021418,0.0636183370433208,-1.5897032956867112,-4.39179712134033,-0.09810822434807953
0.7000000000000002,0.2422145328719723,0.0,0.0,0.0,0.75,,,0.991634391694937,0.651834196966488,0.9892727063382812,2.600445995285444,0.9559491492085396,2.6286442339148324,2.720276489014541,2.6910952842758125,0.6173010187,0.0,0.0,0.0,92.44,0.2963332091598276,0.3283905644857974,0.9818212269,0.6173010187,1.0,0.3804993433230282,0.3562468440587541,0.9544415030841792,0.6690097871088613,1387,RIT,0.3265881140705068,11.153498935176525,4.007055730052486,0.02396175247053387,2.141370632250485,0.02396175247053387,2.141370632250485,0.05616863691203393,0.1740483754473277,-0.36183148788927333,4.016940830449827,2.0146346020761245,0.9509984572182889,0.0,0.02308431348782734,1.7496076183442026,0.4575965863535246,0.06704961102622825,2.430026725081553,-0.09422128027681648,1.5691311418685119,0.41603114186851164,0.09523601320414665,0.30501450886603365,0.3615744290657442,6.180623266186942,5.839202595155712,0.027531877626598915,-2.6188364737988867,0.0,0.0,0.0,1.0,0.0,0.02338078970397428,0.006397936466267495,0.03860592628262263,-4.431120890336652,-6.238425116037747,-1.22210207585747,0.015505941414971303,0.01350310922372197,0.01747208638878449,0.34100648742760686,0.18496419913407383,0.49928534256403123,0.03202502969815468,0.029400791184383313,0.03375766224812768,3.47593377100223,3.3929250732762672,3.5232600220878783,0.5551645062002455,0.5314790482867418,0.5690081525333832,3.398169100239711,3.3541589877555436,3.427781802161905,0.04282376442355085,0.0386379121019635,0.04544949326692263,5.03411733733115,4.971145497768288,5.079461835037488,0.04909410900534204,0.04816596294966819,0.05055038038823395,2.2543213660492523,2.221050709989589,2.2819205587768767,0.011730558454202499,0.008057621105096224,0.014913930719120082,-1.6646867350221966,-1.8365992726979519,-1.466875344523733,0.04519277752762474,0.026140609460135605,0.08177361844641785,-0.3234020052677271,-3.8793526117826187,2.517267292960436
1.0,0.25,0.0,0.0,0.0,0.02,0.013032786203698,6.0370542842289385,0.990502046289445,0.992724434704118,0.9697165745815778,2.809497525593506,0.8807004700364574,2.8972357482966338,3.1900715636920283,3.093465269413532,0.686542189,0.9312347679428384,0.0109810495844675,0.0311188814695291,0.0,0.3937320339979368,0.3675906579650245,0.9515316745,0.686542189,1.0,0.39483117025625,0.35981440246,0.9515839428556588,0.686369879389307,1097,RIT,0.622746426583853,9.452534562211989,3.98027275310162,0.03046874999999999,2.3560937500000136,0.03046874999999999,2.3560937500000136,0.06768908917589371,0.16313129175358412,-0.35551,4.0225124999999995,2.032025,0.9802968749999998,0.0,0.0269135561201225,1.757068516912403,0.47721683137325066,0.0,3.141592653589793,-0.08392499999999997,1.5211750000000002,0.3718999999999999,0.0,0.0,0.38656500000000005,8.230348369807949,6.019950000000001,0.04241015624999989,-2.5925603071794048,0.0,0.0,0.0,1.0,0.0,0.042327375351190244,0.013096507471329852,0.07600335497640197,-2.4966759075116,-4.6387965311789,0.5016902311987582,0.02972679911157461,0.02743134311013983,0.031075910944467083,1.5391103989475212,1.4576857050378276,1.6871862524003791,0.06540712898220247,0.06334470579868112,0.06771372696076211,5.47197825171705,5.417177579142545,5.541235654116739,0.9449070100582799,0.932465507214939,0.9506208123837612,-0.8106433196184282,-0.8328826432540017,-0.7706501461296469,1.9998596039848395e-06,3.374913857783439e-09,0.0005555215204583127,3.328194241226065,0.13222197121378773,6.1347317960944725,9.496773411176672e-07,2.662917335020194e-09,0.00032048188587883184,3.1153066470530377,0.2154912890161664,6.146174049533385,0.0327252973250442,0.027006445859064053,0.038286764948805424,2.118954023864047,1.9639902245717278,2.3910989210630107,0.021475289760261522,0.0060745572877161525,0.039506237608131926,-0.7418047071239391,-2.1626180511232826,0.36792333062533117
0.7500000000000013,0.2448979591836735,0.0,0.0,0.0,0.24,,,0.988163212698088,0.856463602395098,0.9696486233070662,2.82191050955414,0.8779460075576315,2.910240309453318,3.214218739264441,3.11666277553554,0.6716629855,0.0,0.0,0.0,65.9,0.3833594953445977,0.35058666680235,0.951631256,0.6716629855,1.0,0.385416566825435,0.3574701254265389,0.9534713184168964,0.6750187370840793,1270,RIT,0.4260003573942982,10.549511866711324,3.9975928802337006,0.025960735080191092,2.224787943243811,0.025960735080191092,2.224787943243811,0.06419450858890531,0.1656284154890602,-0.3596526530612244,4.018861224489796,2.0206285714285714,0.9611101496825304,0.0,0.02436249195759436,1.752194615083263,0.46440132620896324,0.05515817928810085,2.4366878469005266,-0.09067244897959176,1.5526020408163264,0.4008204081632649,0.07813601475575616,0.3116678029987506,0.37018795918367364,6.780630176006653,5.901501020408165,0.0318067131257991,-2.6373216687780077,0.0,0.0,0.0,1.0,0.0,0.042217836958549526,0.017324034862827357,0.0729655580887335,-6.956065341898311,-9.339063872355094,-4.16725549912433,0.027724379908998564,0.025889308015296267,0.029486742583380562,2.920929293001804,2.8231241222542782,3.099134956728811,0.06766463491688235,0.06582523579859602,0.06949141667304924,0.9102080708817739,0.8627498261006803,0.9865241020288003,1.012981565661928,0.9960898356729742,1.0251688886491543,0.8952317013101102,0.8708939658925493,0.9395432622963472,0.058258289689749554,0.056798292196419915,0.06012368284608248,-0.4166723582514187,-0.4737355495482758,-0.34133104101781786,0.07924645707243883,0.0770919267331758,0.08172574249753278,1.5524337854956212,1.5101694680745354,1.6218820107120637,0.030778972842046226,0.02366410263381176,0.03710084168811511,-0.7721916381081875,-0.9734229997928807,-0.4244393028913436,0.023961434043488605,0.005471704876834734,0.043689528492828075,-1.377631379770492,-2.4716178581985604,-0.3989269781819891
0.4999999999999993,0.222222222222222,0.0,0.0,0.0,0.36,0.2201287953587136,5.118889501983844,0.994135088187824,0.956030288437187,0.9755217450378852,2.8818820384258026,0.8911960188439617,2.954195591318041,3.2337240937904004,3.1545681709454656,0.6256975118,0.0,0.0,0.0,144.94,0.3469786144909956,0.3491512304438515,0.9618113865,0.6256975118,1.0,0.3445819394768172,0.3473434123990122,0.9612091161354084,0.6233940746778821,1423,RIT,-0.18790136354779619,15.239396488866545,4.086138574069609,0.015762688614540447,1.3182228318853646,0.015762688614540447,1.3182228318853646,0.0526964447994278,0.17281251270710365,-0.37806444444444454,4.002633333333333,1.9699777777777774,0.8752373113854589,0.0,0.015516703337507386,1.7302072009968983,0.4061529083839812,0.11443919833057686,2.3879403292181074,-0.12066111111111122,1.6922777777777787,0.5293555555555562,0.16210699588477395,0.25775302469135775,0.2974011111111108,3.5843356544981253,5.375061111111108,0.016664783108566984,-2.161595516402621,0.0,0.0,0.0,1.0,0.0,0.03232132341765337,0.026348723075876348,0.04281909739945144,-5.182719404684776,-7.542200214574346,-2.8108785767963576,0.007952767201717342,0.005677278304711578,0.009574155220438368,4.268832544876349,3.8940688838884956,4.606638691796048,0.052017817449884984,0.05065660529004819,0.054573518299005426,2.5968436934213255,2.5301958289849327,2.6583193106495315,0.8526779201489052,0.8403753766738915,0.8600106601216823,2.5766286912475316,2.5603242417746928,2.6124590391868727,0.1208496318781559,0.11752365629449958,0.1261575813069603,0.6090472814559544,0.5754024288989669,0.6466903145683554,0.15277133025890044,0.14761784936770725,0.15586499547839341,4.091639585815378,4.054358614225496,4.148540974396712,0.009841193951852123,0.005531347985468658,0.01744490567994533,-2.530250660685404,-2.765499688477015,-2.055802795146957,0.030695313072076846,0.008130256223284518,0.05417024692232182,-1.4849391721690113,-3.929545544716105,-0.4329233460550128
1.0,0.25,0.0,0.0,0.0,0.275,,,0.987502914576513,0.853856083654836,0.9713001244677736,2.905232690538713,0.8868478635822246,2.991076205339357,3.275908766136812,3.1818905922937555,0.697838049,1.037004788936304,0.013196100972687,0.0420759536827812,0.0,0.418165632619189,0.368310236379493,0.9494543385,0.697838049,1.0,0.39483117025625,0.35981440246,0.9515839428556588,0.686369879389307,1122,RIT,0.622746426583853,9.452534562211989,3.98027275310162,0.03046874999999999,2.3560937500000136,0.03046874999999999,2.3560937500000136,0.06941453624551644,0.16117160008147452,-0.35551,4.0225124999999995,2.032025,0.9802968749999998,0.0,0.0269135561201225,1.757068516912403,0.47721683137325066,0.0,3.141592653589793,-0.08392499999999997,1.5211750000000002,0.3718999999999999,0.0,0.0,0.38656500000000005,8.230348369807949,6.019950000000001,0.04241015624999989,-2.5925603071794048,0.0,0.0,0.0,1.0,0.0,0.047159662676717895,0.017177272340183677,0.08343205772947543,-1.1878764596019575,-3.5211160732076645,1.6843002559584082,0.03289280848589027,0.030870912076991937,0.034386015002930634,2.5250644683816357,2.438081994951827,2.6999150508637446,0.07494279299382327,0.07270028986069378,0.07701461169949077,0.4042256005803726,0.3592942931020468,0.4811916338007242,1.05725454987527,1.03681528995788,1.0809169487498316,0.39383068764441637,0.36530267077038914,0.4352974751772169,2.237058008388168e-06,3.237144234511066e-09,0.0005765354482529473,2.991259635953605,0.1748140061343012,6.069452424515437,1.1910199280995674e-06,2.5980174361687495e-09,0.00036705766501791943,3.2744885626487656,0.09616113758011736,6.122018421552749,0.03858530530464954,0.03128365841805652,0.04518440938586843,-1.8014270185088355,-1.9716382037626587,-1.4831949538856684,0.021751478872343633,0.005214727981838175,0.03925991352647777,-6.461888138988047,-8.415500377814901,-2.41952207868264
0.4999999999999993,0.222222222222222,0.0,0.0,0.0,0.03,,,0.991464331833306,0.878363789753296,0.9753251519797016,2.888995881599232,0.8903330921895131,2.962084875731122,3.2448483684848712,3.164782228143594,0.623346469,0.0,0.0,0.0,147.38,0.3445942053767971,0.3408420975654564,0.9611513009,0.623346469,1.0,0.3445819394768172,0.3473434123990122,0.9612091161354084,0.6233940746778821,1208,RIT,-0.18790136354779619,15.239396488866545,4.086138574069609,0.015762688614540447,1.3182228318853646,0.015762688614540447,1.3182228318853646,0.05241429654615625,0.17316077026938512,-0.37806444444444454,4.002633333333333,1.9699777777777774,0.8752373113854589,0.0,0.015516703337507386,1.7302072009968983,0.4061529083839812,0.11443919833057686,2.3879403292181074,-0.12066111111111122,1.6922777777777787,0.5293555555555562,0.16210699588477395,0.25775302469135775,0.2974011111111108,3.5843356544981253,5.375061111111108,0.016664783108566984,-2.161595516402621,0.0,0.0,0.0,1.0,0.0,0.03396494556455443,0.026875835002974652,0.04452852939929736,-5.848343859916324,-8.227346825829542,-3.4857176802155077,0.009244062180045691,0.0062382464280946615,0.011046693930408115,3.5171349094622344,3.211539112927701,3.7594049002355896,0.054478822927391035,0.053141502795466505,0.05716997405206972,2.0116888722208333,1.9610078911183735,2.0631602250912695,0.9084834367782293,0.8930692361178211,0.9156814099919378,1.9742554599507465,1.9547040888418534,2.0126036149560553,0.12457324781926293,0.12303894324627572,0.12785380489367407,0.1697807981813666,0.12013879608829833,0.233255975462846,0.1623385708419378,0.1591490128247167,0.16631125329684474,3.1454548353186262,3.120165421731721,3.1963399171527986,0.011077594437863936,0.005530433802119057,0.01898663538126259,2.455375931870868,2.2701726001569256,3.0312618312432127,0.023691499764664895,0.008890944867290043,0.04021018278153738,-1.4016487502447377,-2.1398231775691583,-0.8109615898213693
0.7500000000000013,0.2448979591836735,0.0,0.0,0.0,0.2,,,0.988624661414392,0.878713115406245,0.9724902065796378,2.8648078912190704,0.889213453865501,2.9458475487325844,3.221732508393188,3.1331033126316257,0.6798372669,0.0,0.0,0.0,65.69,0.3897492630103334,0.3553927853374361,0.9542619382,0.6798372669,1.0,0.385416566825435,0.3574701254265389,0.9534713184168964,0.6750187370840793,1266,RIT,0.4260003573942982,10.549511866711324,3.9975928802337006,0.025960735080191092,2.224787943243811,0.025960735080191092,2.224787943243811,0.06537851929186259,0.16426801144891767,-0.3596526530612244,4.018861224489796,2.0206285714285714,0.9611101496825304,0.0,0.02436249195759436,1.752194615083263,0.46440132620896324,0.05515817928810085,2.4366878469005266,-0.09067244897959176,1.5526020408163264,0.4008204081632649,0.07813601475575616,0.3116678029987506,0.37018795918367364,6.780630176006653,5.901501020408165,0.0318067131257991,-2.6373216687780077,0.0,0.0,0.0,1.0,0.0,0.04144853523450365,0.01659493659244945,0.0721365930705808,-6.697414813986889,-8.993416664948906,-3.8570181882674124,0.026699611058811735,0.024942542822114444,0.028090716115485866,3.3573628440950767,3.2638488076641132,3.518709766799309,0.06595840369172701,0.06409050927015668,0.06772609680442152,1.1645132179121946,1.1249675413732896,1.2301355070873337,0.9715220194395865,0.9547323994090554,0.9812315208941487,1.1427987858560582,1.1178125291582122,1.1866590512104398,0.055378251256603894,0.05376814579594053,0.057335429864956725,-0.15303442569135028,-0.205224910836316,-0.08585661612836137,0.07668178967833883,0.0746210210749217,0.07881052940692104,1.968685383093796,1.9267997764930527,2.0285406588481094,0.029376786776842967,0.023074283554675275,0.035586793017569944,-0.2315129892394001,-0.41932710933613926,0.08924501531357273,0.020597485598690346,0.0010819845560470836,0.036914048483358324,-1.097672378250107,-2.195408253139087,-0.006563790412223547
0.4999999999999993,0.222222222222222,0.0,0.0,0.0,0.84,,,0.991902532652122,0.478015144218592,0.991348605225421,2.1200586913131083,0.9612371284353722,2.1385602200257616,2.2055522290987413,2.1864711260688554,0.4656421383,0.0,0.0,0.0,79.26,0.2092887498726567,0.2389511478495727,0.9882808138,0.4656421383,1.0,0.3445819394768172,0.3473434123990122,0.9612091161354084,0.6233940746778821,1435,RIT,-0.18790136354779619,15.239396488866545,4.086138574069609,0.015762688614540447,1.3182228318853646,0.015762688614540447,1.3182228318853646,0.03562945670063522,0.19336083019003586,-0.37806444444444454,4.002633333333333,1.9699777777777774,0.8752373113854589,0.0,0.015516703337507386,1.7302072009968983,0.4061529083839812,0.11443919833057686,2.3879403292181074,-0.12066111111111122,1.6922777777777787,0.5293555555555562,0.16210699588477395,0.25775302469135775,0.2974011111111108,3.5843356544981253,5.375061111111108,0.016664783108566984,-2.161595516402621,0.0,0.0,0.0,1.0,0.0,0.011241410673088703,0.006315599095937138,0.018468007270952,-6.529140255218325,-8.862639192448281,-3.934476030994732,0.005178967388278499,0.0038682761104794953,0.007354631817163244,3.4373008085876937,3.0987230090789817,3.7157275156657934,0.017473303662180473,0.015657613660504357,0.018757896906478062,1.210489720880337,1.1323867301462234,1.294833297406424,0.42924771805851275,0.411193263847642,0.4433420966144263,1.080421291199879,1.0324702972375743,1.131977358405383,0.06289960980248455,0.06074639895132881,0.06484767889784523,3.5740271877017897,3.5135455974010883,3.6116031241363005,0.0620965865731523,0.06094435268900711,0.06344195442134665,4.833373354743067,4.8019249727084885,4.87199071600874,0.00635403629277953,0.004185420086393465,0.008365326918130989,1.0879961772987878,0.9011072225879155,1.433697402756414,0.05035303465761465,0.00899757311292719,0.0811662256969832,-0.3054717930005091,-4.057506341922431,1.6953312520565689
0.7999999999999985,0.2469135802469135,0.0,0.0,0.0,0.7975,,,0.991226615618626,0.598034521315622,0.9898219842315455,2.362916088765658,0.9589888099478504,2.387213182176513,2.463966278078003,2.4388879904467857,0.5742997344,0.0,0.0,0.0,46.0,0.2671939244991948,0.2935529629417654,0.9843251342,0.5742997344,1.0,0.3891256046145102,0.3583933726890412,0.9527324493167656,0.6795146807490542,1365,RIT,0.5028462423056482,10.106837059522054,3.990647173447231,0.027627491095340576,2.2812137574892404,0.027627491095340576,2.2812137574892404,0.05176573535240947,0.18006064616018766,-0.35801604938271614,4.0203037037037035,2.0251308641975303,0.9686962052231571,0.0,0.025352588670204106,1.7541277574781549,0.469484522925366,0.043442380310503216,2.4418658261218082,-0.08800679012345691,1.5401864197530875,0.38939506172839566,0.061382241866924474,0.3167135490016765,0.37665790123456755,7.2984070651607516,5.948295679012343,0.035589057653982833,-2.6339908286138543,0.0,0.0,0.0,1.0,0.0,0.020012055325701272,0.0014547075731237494,0.034842602166252554,-5.5378159120199335,-7.3993998113690935,-2.121495673773099,0.015910294366470512,0.013117569688912574,0.017623633011812856,5.341250428817688,5.19118165053201,5.4782107680623815,0.02682256984373088,0.024670680020521522,0.028633328104718626,2.3470668676078295,2.2541048823816503,2.4372524950876655,0.5182552064851508,0.5026619198408737,0.5361139278999436,2.248048907504171,2.1926367804397886,2.282018926436074,0.025013314410616272,0.022152307759597114,0.026657875882636222,4.382299971454941,4.298485537412303,4.430602836768962,0.026875591243737507,0.02570380464163697,0.028065540282998076,0.4372756519327693,0.3841714796662667,0.47778830698636343,0.011775332703149677,0.008366385320876456,0.014071445419994959,2.180759237145552,1.952350529812876,2.4268948040614324,0.051112590129816726,0.015470814391960075,0.09082186961827826,-0.2498898693381877,-3.8446983030079918,2.2812222499871497
1.0,0.25,0.0,0.0,0.0,0.4959,,,0.992691668479867,0.954481258530544,0.9719200632092444,2.8177914182741346,0.8892572185373238,2.899200793293525,3.168702327667264,3.079725366597647,0.6876940974,0.9549202311841996,0.0088667898137133,0.0308787836377224,0.0,0.390419136041389,0.3556664438581265,0.9538955577,0.6876940974,1.0,0.39483117025625,0.35981440246,0.9515839428556588,0.686369879389307,1301,RIT,0.622746426583853,9.452534562211989,3.98027275310162,0.03046874999999999,2.3560937500000136,0.03046874999999999,2.3560937500000136,0.0678632018583329,0.16293403971887396,-0.35551,4.0225124999999995,2.032025,0.9802968749999998,0.0,0.0269135561201225,1.757068516912403,0.47721683137325066,0.0,3.141592653589793,-0.08392499999999997,1.5211750000000002,0.3718999999999999,0.0,0.0,0.38656500000000005,8.230348369807949,6.019950000000001,0.04241015624999989,-2.5925603071794048,0.0,0.0,0.0,1.0,0.0,0.04340297364351642,0.014553277395351323,0.08165372205272295,-2.3531831273115897,-4.5856544720565715,0.5895933937884937,0.030164367518482504,0.022540146040341952,0.03549120075323007,1.5497080788063111,1.2979756364757036,1.7817267622633182,0.06747556319687437,0.06144962106361675,0.07529555331639506,5.50048101982502,5.352272417413137,5.597737019920807,0.9689722145590842,0.9547046944652112,0.9817571305678153,-0.7629212259207856,-0.7990867355862985,-0.7132794432483038,1.566062649589104e-06,2.2803367647399468e-09,0.0005799368072075542,3.159347962893203,0.10906270106900462,6.064860047990114,1.7240504699810017e-06,2.7412734789003864e-09,0.000602003104036195,3.0160765136470937,0.06824202883442058,6.168748715460765,0.033941061259733084,0.027979498363012473,0.039414816542648536,-4.080018083208668,-4.2715734661141,-3.784639143438551,0.03525052099557355,0.00810005306925163,0.05774517098083743,-1.4768449824550332,-4.485904416281045,-0.040711132145363926
0.4000000000000005,0.2040816326530613,0.0,0.0,0.0,0.5775,,,0.993687983934194,0.713952901194557,0.9861868820630793,3.196132671339861,0.9327831875655792,3.240899599732688,3.4264475538857813,3.3791176297192838,0.613337946,0.0,0.0,0.0,134.84,0.3543526825711727,0.339437960705105,0.9695939697,0.613337946,1.0,0.3130205025590105,0.3395856389194502,0.9667043606611544,0.5806968749960989,1451,RIT,-0.17713434875626832,15.30073209089457,4.173107790214681,0.015808657610918667,0.4708867591439869,0.015808657610918667,0.4708867591439869,0.0471664485835058,0.17462425514344573,-0.3927938775510203,3.9896510204081634,1.9294571428571432,0.8058805429710412,0.0,0.013145618369968656,1.7139660485900672,0.36085163153749455,0.13665707124131585,2.3592046553731865,-0.14465204081632638,1.8040183673469383,0.6321836734693871,0.18826441363717494,0.2183900020824658,0.23917163265306163,2.5807229317012483,4.953909183673472,0.025869161555951935,-1.937605324022137,0.0,0.0,0.0,1.0,0.0,0.042513530631164254,0.028747828120440095,0.051004702848895765,-5.335511264860218,-7.579918036060427,-3.4936657619173537,0.01124227864456162,0.009210382873670535,0.013314967065939532,1.7843516675706128,1.5759096462375768,1.9145905086897355,0.059635925263306855,0.05725583131499911,0.06065693933402927,2.317735576520847,2.2591939266971632,2.3660875669910895,1.0298877844128789,1.0047606945356664,1.0500861062904694,2.269996870991085,2.2357945439710365,2.3178422205615488,0.1793671479108363,0.17559559688634396,0.18497693373111712,0.042711005805331936,-0.014640266355470999,0.13083474256234054,0.24253936738939608,0.2341232740810717,0.24701819715171788,3.56315192042508,3.5341521027700873,3.626720308399299,0.022802206125921765,0.02023127477084267,0.028359146268214563,-2.1923812155605145,-2.446756018555456,-1.8867765213116714,0.04194722922621341,0.002161210779647255,0.08169667914453532,-2.292988239043114,-3.542029496611271,-0.810226600657634
0.4999999999999993,0.222222222222222,0.0,0.0,0.0,0.004,,,0.991736155009758,0.89005783164428,0.9748459449336698,2.874258804632984,0.8882303867956441,2.948423614593333,3.2359383864383227,3.1545414140746013,0.6234983168,0.0,0.0,0.0,147.42,0.3444401233693956,0.3495130327325171,0.9612641292,0.6234983168,1.0,0.3445819394768172,0.3473434123990122,0.9612091161354084,0.6233940746778821,1202,RIT,-0.18790136354779619,15.239396488866545,4.086138574069609,0.015762688614540447,1.3182228318853646,0.015762688614540447,1.3182228318853646,0.05243248531892558,0.1731383293948169,-0.37806444444444454,4.002633333333333,1.9699777777777774,0.8752373113854589,0.0,0.015516703337507386,1.7302072009968983,0.4061529083839812,0.11443919833057686,2.3879403292181074,-0.12066111111111122,1.6922777777777787,0.5293555555555562,0.16210699588477395,0.25775302469135775,0.2974011111111108,3.5843356544981253,5.375061111111108,0.016664783108566984,-2.161595516402621,0.0,0.0,0.0,1.0,0.0,0.03146869424585974,0.0240868313532569,0.04247031718253712,-5.668083327033333,-8.009190170326844,-3.2565438304780203,0.008543422201670592,0.006058614703482264,0.009750683103844821,3.947121387318671,3.7186075129670684,4.176311681086041,0.050170287177996986,0.04926462509206286,0.05214857066959931,2.2049173012019887,2.14944870554641,2.2515855267732303,0.8380848790911819,0.8262621443128634,0.8441987933601237,2.1708983094299823,2.153129624052386,2.203971958534317,0.11418462835873489,0.11259956279586865,0.11704088253091874,0.45114666045685115,0.40778257637313203,0.5060577217376657,0.1494438417774655,0.14694049263777934,0.15315508784619844,3.4860303737791942,3.4565071410298605,3.5255751404653473,0.009630404541127846,0.004772133332275328,0.016466860243518,2.9551085844506737,2.7234123157406938,3.6153097093951114,0.02150664479933362,0.007429714657196812,0.03621524174735516,-0.9772171380739414,-1.8381402768068433,-0.4337654408655558
0.4000000000000005,0.2040816326530613,0.0,0.0,0.0,0.4375,0.3630934635871166,2.648919692436376,0.994287100517318,0.823791809070652,0.9771255636619772,2.9052387808374243,0.889197199546255,2.973250203330521,3.267260380846821,3.192523641265397,0.5791404102,0.0,0.0,0.0,159.5,0.3151317726965218,0.3384772075588103,0.9657228833,0.5791404102,1.0,0.3130205025590105,0.3395856389194502,0.9667043606611544,0.5806968749960989,1447,RIT,-0.17713434875626832,15.30073209089457,4.173107790214681,0.015808657610918667,0.4708867591439869,0.015808657610918667,0.4708867591439869,0.04356003541538219,0.17940853957170064,-0.3927938775510203,3.9896510204081634,1.9294571428571432,0.8058805429710412,0.0,0.013145618369968656,1.7139660485900672,0.36085163153749455,0.13665707124131585,2.3592046553731865,-0.14465204081632638,1.8040183673469383,0.6321836734693871,0.18826441363717494,0.2183900020824658,0.23917163265306163,2.5807229317012483,4.953909183673472,0.025869161555951935,-1.937605324022137,0.0,0.0,0.0,1.0,0.0,0.03106328704240624,0.02038918176619946,0.03893428753644369,-5.233684520313762,-7.703816946883229,-3.3503374247646094,0.009339422153049837,0.006767721897106071,0.011465088903619006,2.230147868579256,2.0312908158747134,2.453200679653008,0.04399487862801036,0.04103428617171416,0.04538725011882161,2.436270697923794,2.3655486308465634,2.4874341093266112,0.8136612997486198,0.8007463321655028,0.820147809063822,2.4106016449831253,2.3956339501654473,2.445047519179987,0.1497776053196277,0.1469839818529799,0.15541905387916316,0.4107652610579905,0.3649101797625095,0.4637006005480469,0.18303316503505815,0.17722940561002723,0.1858813221929291,3.785423792953101,3.751255930533251,3.8359665771289984,0.019104356085687883,0.017260454918537158,0.022259381324663256,-1.8605605674828407,-2.1052197717749266,-1.6320084154291985,0.031158725640373364,0.01318772767241218,0.05395938748161544,-1.6649043302705149,-3.29718063355652,-1.0038039819533182
0.4999999999999993,0.222222222222222,0.0,0.0,0.0,0.09,0.1023871302673341,4.910445693633847,0.990836656313252,0.850764290655124,0.97583477284274,2.8997999705315283,0.8925703837503444,2.9716095913286784,3.24881939096762,3.170310932391976,0.6244773732,0.0,0.0,0.0,146.26,0.3448075595053677,0.3436884737696033,0.9615214123,0.6244773732,1.0,0.3445819394768172,0.3473434123990122,0.9612091161354084,0.6233940746778821,1214,RIT,-0.18790136354779619,15.239396488866545,4.086138574069609,0.015762688614540447,1.3182228318853646,0.015762688614540447,1.3182228318853646,0.05254987362758306,0.17299346681128694,-0.37806444444444454,4.002633333333333,1.9699777777777774,0.8752373113854589,0.0,0.015516703337507386,1.7302072009968983,0.4061529083839812,0.11443919833057686,2.3879403292181074,-0.12066111111111122,1.6922777777777787,0.5293555555555562,0.16210699588477395,0.25775302469135775,0.2974011111111108,3.5843356544981253,5.375061111111108,0.016664783108566984,-2.161595516402621,0.0,0.0,0.0,1.0,0.0,0.03422782952877801,0.027044723107866722,0.04414477236049314,-6.095084983814923,-8.444451245073367,-3.7589807234874995,0.009331970448700377,0.007085252024054766,0.010583280810733401,3.2218716569217385,2.9665291662702256,3.488316922375585,0.0551948229546505,0.0542852187974356,0.057078884471679,1.7366272547778454,1.686268002968583,1.7903910479138867,0.917831493320611,0.9026852754895326,0.9246890165772563,1.6961482045776264,1.6760301545679497,1.7354023511329817,0.12620796497673648,0.12460841836990175,0.12938272310859947,0.01216871024091537,-0.030579062560053494,0.07595704764379263,0.1642595885667765,0.16077332635688374,0.1677259748466312,2.7254892236243045,2.6974446537008885,2.777726399236836,0.01121593571020929,0.005266825632161903,0.019274850499299112,1.8886085908966974,1.6973965839774878,2.4099674622730083,0.024002320422769508,0.009566228754929927,0.040017577700905985,-1.448189362228987,-2.1732932435951486,-0.8341270191375321
0.4999999999999993,0.222222222222222,0.0,0.0,0.0,0.6156,,,0.992946983043763,0.740923473538839,0.9866003215077248,3.101161974748148,0.9401054373980788,3.1432809286023184,3.298738472709194,3.2545364377447927,0.6564797107,0.0,0.0,0.0,159.99,0.3699164227104108,0.3498686700052467,0.9705411035,0.6564797107,1.0,0.3445819394768172,0.3473434123990122,0.9612091161354084,0.6233940746778821,1429,RIT,-0.18790136354779619,15.239396488866545,4.086138574069609,0.015762688614540447,1.3182228318853646,0.015762688614540447,1.3182228318853646,0.056501032831092216,0.16808530721444798,-0.37806444444444454,4.002633333333333,1.9699777777777774,0.8752373113854589,0.0,0.015516703337507386,1.7302072009968983,0.4061529083839812,0.11443919833057686,2.3879403292181074,-0.12066111111111122,1.6922777777777787,0.5293555555555562,0.16210699588477395,0.25775302469135775,0.2974011111111108,3.5843356544981253,5.375061111111108,0.016664783108566984,-2.161595516402621,0.0,0.0,0.0,1.0,0.0,0.0345415064653819,0.027560334410502183,0.04563936336295798,-7.183685138058941,-9.46113801653451,-4.807748304033073,0.00892409480496148,0.006364330226590374,0.01078328992461058,2.48814330968834,2.231074322491344,2.6802832358880586,0.05525804810754977,0.05316844317824325,0.05756796291425434,0.5361101963024111,0.4958252270362576,0.5712557772073983,0.8635838726040365,0.8466420498444323,0.8807181509495209,0.4787195997498901,0.4447883325284257,0.5159402578600207,0.11469680933496906,0.1091065995091203,0.11985614178388555,-0.2740008384690782,-0.3315451779508036,-0.21805649964341267,0.1611644311667888,0.15807527859873885,0.16463600036322867,1.0124466729751895,0.9862746543742404,1.056034422708152,0.008635373506907018,0.0026856606259083884,0.015801222641653703,-0.4324872298412106,-0.728772889452471,-0.0336475319883478,0.039028694568572345,0.003932271600095185,0.06313644167830587,-6.687643471698616,-10.241984172217082,-2.2130513509516536
1.0,0.25,0.0,0.0,0.0,0.6975,,,0.991638164963081,0.739386890410985,0.9872544962596358,2.8100738204048974,0.9493428807697344,2.846352010602424,2.960019901478029,2.9222929567521883,0.682866725,0.6691150767226786,0.0111571356852047,0.0181233997704463,0.0,0.352912784557951,0.3524832750930269,0.9751293337,0.682866725,1.0,0.39483117025625,0.35981440246,0.9515839428556588,0.686369879389307,1317,RIT,0.622746426583853,9.452534562211989,3.98027275310162,0.03046874999999999,2.3560937500000136,0.03046874999999999,2.3560937500000136,0.06713625915622043,0.16375675520775412,-0.35551,4.0225124999999995,2.032025,0.9802968749999998,0.0,0.0269135561201225,1.757068516912403,0.47721683137325066,0.0,3.141592653589793,-0.08392499999999997,1.5211750000000002,0.3718999999999999,0.0,0.0,0.38656500000000005,8.230348369807949,6.019950000000001,0.04241015624999989,-2.5925603071794048,0.0,0.0,0.0,1.0,0.0,0.032995076879049665,0.0077597182484252765,0.055013654930040734,-3.1362843520286754,-4.937899755434746,0.1572077291713113,0.02295065198551427,0.02087705020335964,0.024357879812803636,1.6237735912565106,1.5426992927474206,1.7108922340972295,0.04543272100552653,0.043333989889066386,0.04712649087553922,4.700224047784445,4.641069006235718,4.751063999551514,0.6703533505831154,0.6580846184398403,0.6814911480844903,4.654633604935177,4.624718278698027,4.6734864319432665,1.395426541727987e-06,2.8850185836435254e-09,0.0003033117366495353,3.1116705854414954,0.10590267413754359,6.21437504331345,1.587108815335666e-06,2.9112065348499626e-09,0.0002461416685563539,3.226855655149074,0.15386019483801108,6.215078056833404,0.02142155127719747,0.017550587545612478,0.025223384121583432,0.6934723974336983,0.5767137862057146,0.8747459760297619,0.04562691172545463,0.01996538767023868,0.08070286022296805,-6.671351010602421,-10.27820890987141,-3.633632967796023
0.7000000000000002,0.2422145328719723,0.0,0.0,0.0,0.4671,0.4131739034672576,5.525048474227486,0.993069853767933,0.951677927571079,0.9724026750066556,2.825790869177358,0.8876346580147771,2.9059883747831288,3.183506686745793,3.0956504180931845,0.6713525701,0.0,0.0,0.0,86.39,0.3772090960308541,0.3634704203641945,0.9561635555,0.6713525701,1.0,0.3804993433230282,0.3562468440587541,0.9544415030841792,0.6690097871088613,1379,RIT,0.3265881140705068,11.153498935176525,4.007055730052486,0.02396175247053387,2.141370632250485,0.02396175247053387,2.141370632250485,0.06347500972846228,0.16567954811625057,-0.36183148788927333,4.016940830449827,2.0146346020761245,0.9509984572182889,0.0,0.02308431348782734,1.7496076183442026,0.4575965863535246,0.06704961102622825,2.430026725081553,-0.09422128027681648,1.5691311418685119,0.41603114186851164,0.09523601320414665,0.30501450886603365,0.3615744290657442,6.180623266186942,5.839202595155712,0.027531877626598915,-2.6188364737988867,0.0,0.0,0.0,1.0,0.0,0.038003550949025744,0.016812154222027725,0.06416580803301941,-1.7326236314292944,-3.872561589367832,1.1748545641635368,0.02219393017588056,0.020060633333717014,0.024243937875183353,2.396590654883937,2.29629587673895,2.543113478097777,0.05873853797215567,0.0571492187426709,0.06076695527459189,-0.04845500718987528,-0.1037892942619143,0.01207806600783877,0.8750362599219482,0.8655736354049344,0.880716437667193,-0.03158582058465065,-0.048807472191652934,0.0020490392894190637,0.06153317697433869,0.05937770328287356,0.06491087268706534,-0.5652089121025059,-0.6288490285857593,-0.5010753026574744,0.08470963182825952,0.08199962118915667,0.08694552935603389,0.24530136774987713,0.19915181897500114,0.2880151927544591,0.022854333467319687,0.01658316447707262,0.028474520776053544,-2.481408026036107,-2.658689899166924,-2.1976459552523266,0.03394155241855468,0.005308224045576842,0.053635022755425914,-1.342642194336221,-4.612098042014019,0.24628714670920038
0.9999999628583028,0.2499999999999999,-1.63733813807e-05,-1.63946309037e-05,-1.638400614200269e-05,0.067823,0.042305492301637,1.068585201558964,0.992136711772551,1.071881257280293,0.9690861846367714,2.8044448773470503,0.8782560665077093,2.8939065707537663,3.193197273886901,3.094483362943597,0.686053505285,0.0,0.0,0.0,,0.3934193020441854,0.3586876915528592,0.951500091142,0.686053505285,1.0,0.3948311922977833,0.359813201555089,0.9515843874889636,0.6863648689159009,1355,SXS,,,,,,,,,,,,,,,,,,,,,,,,,,,,,,,,,,,,,,,,,,,,,,,,,,,,,,,,,,,,,,,,,,,,,,,,,,,,,,,,,,
1.0,0.25,0.0,0.0,0.0,0.1,,,0.989562151569711,0.951342565252917,0.9697349418965614,2.806956885247878,0.8807717150702545,2.894560940289689,3.186928959252491,3.0904763691291834,0.6847326911,0.9549938784459602,0.0115061576021768,0.0320754114877093,0.0,0.3908517918258069,0.3619751315094532,0.9515512051,0.6847326911,1.0,0.39483117025625,0.35981440246,0.9515839428556588,0.686369879389307,1104,RIT,0.622746426583853,9.452534562211989,3.98027275310162,0.03046874999999999,2.3560937500000136,0.03046874999999999,2.3560937500000136,0.06741640577781872,0.1634399736104469,-0.35551,4.0225124999999995,2.032025,0.9802968749999998,0.0,0.0269135561201225,1.757068516912403,0.47721683137325066,0.0,3.141592653589793,-0.08392499999999997,1.5211750000000002,0.3718999999999999,0.0,0.0,0.38656500000000005,8.230348369807949,6.019950000000001,0.04241015624999989,-2.5925603071794048,0.0,0.0,0.0,1.0,0.0,0.0428862317537575,0.012337074024951261,0.07680703875690625,-2.122905888636504,-4.383088769384837,0.8305564595324635,0.030686003722576793,0.028739531539412708,0.032142834146107094,1.741552097320909,1.6631412686157365,1.9011479645988092,0.06672140157741369,0.06467720096953676,0.06847134185602136,-0.5180801857503328,-0.5629053870266771,-0.44411217074437737,0.9691059352713549,0.9548385676146856,0.9746449545005681,-0.5228662120148222,-0.5453441001340993,-0.4784893636911196,1.0482153965705956e-06,3.6261152355688424e-09,0.0006012838091323043,3.0828252636314835,0.11388144907668135,6.098798806498449,9.870289064208581e-07,2.678658801243238e-09,0.000534314375481717,3.1286602333557503,0.1664194573885003,6.124394080568921,0.03389943196037515,0.027668551455742256,0.0396799266331647,-3.6088179742546975,-3.7860705976623232,-3.3129239747322425,0.0219034906236575,0.0028803832982538828,0.04061704833417401,-0.8256207612319075,-2.1157720198593513,0.1325518311947227
0.7500000000000013,0.2448979591836735,0.0,0.0,0.0,0.1,,,0.989777232824864,0.932016003931972,0.9710569634336808,2.824909702294356,0.8835262368924585,2.90910812513553,3.19731275013421,3.1047728102931167,0.6733513724,0.0,0.0,0.0,73.13,0.3815193710100262,0.3547987317497956,0.9535297511,0.6733513724,1.0,0.385416566825435,0.3574701254265389,0.9534713184168964,0.6750187370840793,1256,RIT,0.4260003573942982,10.549511866711324,3.9975928802337006,0.025960735080191092,2.224787943243811,0.025960735080191092,2.224787943243811,0.06443749989929341,0.16534962291888775,-0.3596526530612244,4.018861224489796,2.0206285714285714,0.9611101496825304,0.0,0.02436249195759436,1.752194615083263,0.46440132620896324,0.05515817928810085,2.4366878469005266,-0.09067244897959176,1.5526020408163264,0.4008204081632649,0.07813601475575616,0.3116678029987506,0.37018795918367364,6.780630176006653,5.901501020408165,0.0318067131257991,-2.6373216687780077,0.0,0.0,0.0,1.0,0.0,0.04169061653645745,0.01694673899598452,0.07242271136461287,-1.4454594835619483,-3.810757570123086,1.3925505999460346,0.02699020773008376,0.024922251256792333,0.0284876446335474,2.2612662322647896,2.1735546832103387,2.4382897957641307,0.0658645239454747,0.06400666921878309,0.06814570391635939,0.14836622761878782,0.10195356873295977,0.22326172132942665,0.9832526623668981,0.966265567554538,0.9906161557781928,0.13589572459827626,0.11320051443720824,0.18143120304598928,0.05699387172247572,0.055243773708242634,0.05839450073631014,2.4380467438339313,2.3872726724964384,2.504475523182292,0.07695370143335745,0.07514987513801236,0.07872196833417894,3.5721016494296913,3.5376227121459562,3.6430393625877326,0.029461978430770364,0.022754919705059325,0.035569058277728056,-2.2682371201650633,-2.464685832161839,-1.9362570369405336,0.022269432595439453,0.0020945388206308046,0.04022055916953906,-1.123216127924643,-2.139616421523069,-0.1503355041412453
0.6,0.2343749999999999,0.0,0.0,0.0,0.5775,,,0.992752062647775,0.819952221256112,0.9821256625114564,3.1327048239079005,0.9244177428556104,3.189718936675639,3.3888410819882044,3.328267792793706,0.6817602611,0.0,0.0,0.0,97.61,0.4164936993512292,0.3527477912620895,0.9573962553,0.6817602611,1.0,0.3662667109852408,0.3527113535796874,0.9571899292820022,0.6513011211070794,1405,RIT,0.06720986804102091,12.945682506053204,4.036187802965097,0.019445141293108432,1.852697513103493,0.019445141293108432,1.852697513103493,0.06294554197237229,0.16394393281511496,-0.368196875,4.01133046875,1.9971234375,0.921378650665283,0.0,0.01965705721653513,1.7419899034765147,0.43751934203272236,0.09096421876791287,2.412011665344238,-0.1045890625,1.6174203125000002,0.46046875,0.1296405029296876,0.28599705078125,0.3364103125000001,4.856638693197723,5.6572000000000005,0.019396620303159386,-2.4688778948605195,0.0,0.0,0.0,1.0,0.0,0.05494949389125381,0.03580459442423478,0.07430706441135547,-5.626018125125155,-8.194339538735257,-3.2262458724114698,0.02407030380364672,0.018430136943760653,0.026497136688661577,3.4851914697828716,3.313172614682878,3.777342903991067,0.09148890571090608,0.08967861694478182,0.09366861942120916,2.1980189212279244,2.1437142825913877,2.294307090351392,1.335379787747177,1.2996609052838013,1.3600629267674054,2.188084651223229,2.1502614146756898,2.255286081698445,0.13077512980278005,0.1258876631629104,0.1363549489377523,-0.3017838942768465,-0.36289561883634125,-0.18903594093375897,0.1894941623792562,0.18042307692123197,0.1935601269777514,3.4247765705840614,3.3767587454187447,3.522508013125772,0.03114638754525978,0.01991708276679452,0.042826928900208075,-4.4510081115058915,-4.740076505080687,-3.960955570815522,0.05404875691152222,0.010130707247915689,0.10582184144077665,-6.942019530604759,-10.385519568237148,-2.9847929983534796
0.6,0.2343749999999999,0.0,0.0,0.0,0.8775,,,0.991277737850729,0.44151273452253,0.9909411256260852,1.863272348978239,0.9615238708417976,1.880305803032453,1.9378326482388584,1.920278065720792,0.4326099286,0.0,0.0,0.0,47.4,0.2005766045425223,0.2085125273221324,0.9884030386,0.4326099286,1.0,0.3662667109852408,0.3527113535796874,0.9571899292820022,0.6513011211070794,1413,RIT,0.06720986804102091,12.945682506053204,4.036187802965097,0.019445141293108432,1.852697513103493,0.019445141293108432,1.852697513103493,0.034255858603656285,0.1969808411028513,-0.368196875,4.01133046875,1.9971234375,0.921378650665283,0.0,0.01965705721653513,1.7419899034765147,0.43751934203272236,0.09096421876791287,2.412011665344238,-0.1045890625,1.6174203125000002,0.46046875,0.1296405029296876,0.28599705078125,0.3364103125000001,4.856638693197723,5.6572000000000005,0.019396620303159386,-2.4688778948605195,0.0,0.0,0.0,1.0,0.0,0.010467022706692974,0.002705980730976846,0.020001792126278593,-1.2295936782163777,-3.5574219015749615,1.6634795126828403,0.00767059250595814,0.0051677433978330614,0.009795772636152986,2.5352587782938025,2.269704926357216,2.834066031542686,0.01587156075190288,0.013991428012339761,0.01767888580513917,0.2306384665513257,0.051843063638012415,0.3185429639010125,0.42881458151673396,0.3972420678712704,0.4480824077849024,0.11923363633372563,0.061273129329706244,0.1511750118366337,0.04447376180636298,0.04288916592716384,0.04581110018555362,2.939177556102329,2.8779064126999736,2.9937069817437987,0.043968380072923516,0.04294444671120814,0.04513842798324601,3.3398988682456157,3.298809850794815,3.385596759377442,0.005594488747135307,0.002667985557510761,0.00771337241191321,-1.5458323076011977,-1.841721808223709,-1.1410724277956312,0.06486787626854129,0.0030067863392933443,0.11119686946980259,1.023503442238107,-0.11493594633226678,2.1852367328869695
1.0,0.25,0.0,0.0,0.0,0.488775,,,0.992728859585801,0.961202957534291,0.9719918631057812,2.8681943516704256,0.889536363887695,2.950841936583457,3.2243699843085207,3.1340613883903976,0.6957140323,0.9967993608821364,0.0064131487346724,0.0375998379714752,0.0,0.4068527318587596,0.3670509920420954,0.9518280239,0.6957140323,1.0,0.39483117025625,0.35981440246,0.9515839428556588,0.686369879389307,1298,RIT,0.622746426583853,9.452534562211989,3.98027275310162,0.03046874999999999,2.3560937500000136,0.03046874999999999,2.3560937500000136,0.06908697971955965,0.16154449878704932,-0.35551,4.0225124999999995,2.032025,0.9802968749999998,0.0,0.0269135561201225,1.757068516912403,0.47721683137325066,0.0,3.141592653589793,-0.08392499999999997,1.5211750000000002,0.3718999999999999,0.0,0.0,0.38656500000000005,8.230348369807949,6.019950000000001,0.04241015624999989,-2.5925603071794048,0.0,0.0,0.0,1.0,0.0,0.04475091548023202,0.013883479252185374,0.07836598730593022,-6.176072209261476,-8.370482346644044,-3.2378602312897002,0.031054048777718283,0.02879799249735508,0.0329620750069674,4.032557535746311,3.9218516878637457,4.178276097125053,0.07040790032724945,0.06819108361143374,0.07246557345981824,1.7651100152072328,1.7182748999268025,1.828500030581436,1.012068276799418,0.9981473082280732,1.0195883751137815,1.8006495557127853,1.7802531105147008,1.8436097745205529,1.0173892589146e-06,2.8531612303541e-09,0.0004830543212649269,3.4348043001335054,0.052515378512149144,6.126429823055628,8.973583645148956e-07,2.6274982477463623e-09,0.0003548644617490695,2.9836563392637214,0.16458538281340174,6.093710832421726,0.035793457216324986,0.02831091642788419,0.042674422176723806,1.0370766579079163,0.8655442195734647,1.3338824012295385,0.040918315026956864,0.005975451229215523,0.06538108878786593,-1.512244960796039,-4.3799623991863434,0.5650999961894051
1.0,0.25,0.0,0.0,0.0,0.17,,,0.988738991340356,0.913597116082874,0.9692718074027384,2.818484094185661,0.878975673251543,2.907836659087478,3.206555289248687,3.108023640746885,0.6863744766,0.9700351345724336,0.0122060004186572,0.0353763090199931,0.0,0.3963309409841403,0.3634013496535431,0.9504236332,0.6863744766,1.0,0.39483117025625,0.35981440246,0.9515839428556588,0.686369879389307,1112,RIT,0.622746426583853,9.452534562211989,3.98027275310162,0.03046874999999999,2.3560937500000136,0.03046874999999999,2.3560937500000136,0.06766377337478086,0.16315996122247475,-0.35551,4.0225124999999995,2.032025,0.9802968749999998,0.0,0.0269135561201225,1.757068516912403,0.47721683137325066,0.0,3.141592653589793,-0.08392499999999997,1.5211750000000002,0.3718999999999999,0.0,0.0,0.38656500000000005,8.230348369807949,6.019950000000001,0.04241015624999989,-2.5925603071794048,0.0,0.0,0.0,1.0,0.0,0.04405055395540103,0.012962266444193293,0.07835804658560519,-6.791836224318988,-9.026251259912282,-3.823848381697264,0.03102775110458622,0.029187701903873042,0.03257470151440758,3.418418231922633,3.339736036348256,3.560869733937052,0.06811060126424684,0.06597550840815979,0.0699689509386839,1.1904431282096246,1.1478401874858275,1.2563350738247328,0.9857034149102949,0.9711307106649159,0.9917874219481422,1.1853274108262843,1.1655168256399535,1.2273127635920642,2.5212219665302045e-06,2.7142898910376702e-09,0.00038427460539870755,3.1642957833184044,0.2772185900431409,6.101150042752902,1.718612646872461e-06,3.248843934565751e-09,0.00042471154096105837,3.063777594600905,0.13850102906065584,6.106757149575464,0.03450074001127001,0.028140741790189595,0.04055482826636763,-0.20364292088444716,-0.359051953943732,0.08771173487156834,0.021526452778755756,0.0019047719530540259,0.039633495409920984,-0.9248615846562811,-2.3160371089774854,-0.004817309999786801
0.9000000000000008,0.2493074792243767,0.0,0.0,0.0,0.84,,,0.990919659588971,0.536741274904708,0.9901737458276404,2.116683444677353,0.960779449668939,2.1376889193402264,2.203089840656677,2.1814417199178413,0.5209024849,0.0,0.0,0.0,16.08,0.2394942056441102,0.2523180344531326,0.986108577,0.5209024849,1.0,0.3935482092334095,0.3594947871327383,0.951843459226394,0.6848348051898036,1343,RIT,0.5956875967256099,9.596620032564594,3.9825735289591884,0.02979993948902209,2.340576225547977,0.02979993948902209,2.340576225547977,0.04589972127070593,0.18689270820000997,-0.35607229916897504,4.0220168975069255,2.0304781163434904,0.9776955937970423,0.0,0.026558874621321553,1.7564108618115646,0.4754875382272201,0.02089819929801155,2.4482155701686192,-0.08484085872576169,1.5254407202216067,0.3758254847645426,0.029419954533320806,0.3227599757138142,0.3843420775623271,8.004593836280062,6.003872437673132,0.04076639267494243,-2.6061789900677685,0.0,0.0,0.0,1.0,0.0,0.016977485531654346,0.002724106970323961,0.032058769188774164,4.094290745418622,2.49069844335618,5.472289553251481,0.015098428676326825,0.012588412006629815,0.01655377155037536,3.899043519388136,3.7678789376093746,4.023582919569581,0.022603866550781837,0.021250234108356813,0.024999408732276546,1.188781354484099,1.1153571104629063,1.25029738810466,0.4891452631762737,0.4713874233953941,0.502555269273518,1.0786614829626697,1.0372458210928364,1.1150279566693642,0.011209614023035067,0.009592253052718571,0.012381928933230464,3.6014815525818697,3.4542585103469254,3.6698325015897986,0.011341378427337089,0.010234382560396162,0.012674092940010701,4.858636330486885,4.7134370806332395,4.953772476133969,0.010844274774561402,0.008179571039930281,0.01263442510803099,-0.2694000891094588,-0.5177064673949232,-0.016568497706537677,0.05738238294673659,0.01570554395090376,0.09005271611454543,-0.2582827890906918,-3.9468844970680665,1.8592463135356445
1.0,0.25,0.0,0.0,0.0,0.01,,,0.990619462744479,0.997776500078149,0.9698049197808096,2.8098998639013337,0.8810431648621249,2.8973866873519403,3.1892873992627333,3.092986610399942,0.686327379,0.9383941958344568,0.0116009301276608,0.0314346064961627,0.0,0.3934152335787907,0.3634946808764425,0.9515888247,0.686327379,1.0,0.39483117025625,0.35981440246,0.9515839428556588,0.686369879389307,1095,RIT,0.622746426583853,9.452534562211989,3.98027275310162,0.03046874999999999,2.3560937500000136,0.03046874999999999,2.3560937500000136,0.0676566656142566,0.163168010229271,-0.35551,4.0225124999999995,2.032025,0.9802968749999998,0.0,0.0269135561201225,1.757068516912403,0.47721683137325066,0.0,3.141592653589793,-0.08392499999999997,1.5211750000000002,0.3718999999999999,0.0,0.0,0.38656500000000005,8.230348369807949,6.019950000000001,0.04241015624999989,-2.5925603071794048,0.0,0.0,0.0,1.0,0.0,0.043015553886580515,0.012976796231355382,0.07637828883050204,-4.631782465827819,-6.815787863048754,-1.614513962417167,0.030044960955636912,0.028165574865542806,0.03159385117490615,-0.5958387348374361,-0.670813070449495,-0.45070082894226005,0.06577940460395548,0.06408437376509878,0.06748339007878604,3.3561737745704656,3.3093620274522237,3.4246779232841913,0.9528887279694978,0.9395272286589587,0.9587759788180138,3.3581685302232356,3.3344492617477353,3.3993239203288623,2.6748733942562883e-06,2.8756898446245548e-09,0.0002152188928377358,3.101278256273347,0.18453268877683526,6.1076064982166995,1.1491406789888355e-06,3.164514931651231e-09,0.00043418154344022154,3.3305231944141336,0.17957234461114455,6.181459545602845,0.03297764242124501,0.026942282351983662,0.03881541823680634,-2.1155955251491743,-2.2776132672237983,-1.8414878325711106,0.021105458736167426,0.005375250715468098,0.03908074329565896,-0.7486619866900178,-2.177077320675396,0.5164913275631549
1.0,0.25,0.0,0.0,0.0,0.25,,,0.98779735841762,0.868452971506417,0.9709952586373832,2.883384127929815,0.8856635845925576,2.969514116862038,3.255620054940266,3.1611916372717754,0.6870297717,1.2702595013698783,0.0108248806694698,0.0355979814549294,0.0,0.4039495323781028,0.3315050486781672,0.948925931,0.6870297717,1.0,0.39483117025625,0.35981440246,0.9515839428556588,0.686369879389307,1120,RIT,0.622746426583853,9.452534562211989,3.98027275310162,0.03046874999999999,2.3560937500000136,0.03046874999999999,2.3560937500000136,0.0677627381785824,0.16304787227434686,-0.35551,4.0225124999999995,2.032025,0.9802968749999998,0.0,0.0269135561201225,1.757068516912403,0.47721683137325066,0.0,3.141592653589793,-0.08392499999999997,1.5211750000000002,0.3718999999999999,0.0,0.0,0.38656500000000005,8.230348369807949,6.019950000000001,0.04241015624999989,-2.5925603071794048,0.0,0.0,0.0,1.0,0.0,0.056307312881715976,0.017853214427657034,0.09181611171523964,-4.634490330201012,-7.375764297939716,-2.0373745085222508,0.04076510788009379,0.033872455207873485,0.04377154006574262,4.617276784455684,4.4818190779404565,4.856283906537905,0.09092848613609661,0.08822595014922753,0.09415900199537175,3.180222469493099,3.1086755073294925,3.308456989975803,1.3136239512900694,1.270146478006906,1.3388654891767666,3.168824423942128,3.1207908411535175,3.2486386281711894,1.3215490773291333e-06,2.3659019746570018e-09,0.0005984956134762316,3.1396149501997925,0.21932081097706843,6.14696333191289,2.9622002384596615e-06,3.157631457051462e-09,0.0006613998402452204,3.1850292837144885,0.09254474794183754,6.014735934946978,0.04973011455086318,0.04051864215880671,0.05674519930819773,-2.7159485336755287,-2.969868111858926,-2.2646341796654506,0.0329833953777795,0.005521782132402457,0.05786305586545239,-2.485564571766253,-3.7866077423175897,-1.3259575010931375
0.7500000000000013,0.2448979591836735,0.0,0.0,0.0,0.27,,,0.987816986216852,0.839389524897763,0.9719898782237676,2.911963289075156,0.8872271602126365,2.9958782023497323,3.2820943943795218,3.190162530711861,0.6852827588,0.0,0.0,0.0,79.27,0.4084730215706671,0.3675381437985372,0.9513305232,0.6852827588,1.0,0.385416566825435,0.3574701254265389,0.9534713184168964,0.6750187370840793,1272,RIT,0.4260003573942982,10.549511866711324,3.9975928802337006,0.025960735080191092,2.224787943243811,0.025960735080191092,2.224787943243811,0.0661780736537814,0.16334628733138984,-0.3596526530612244,4.018861224489796,2.0206285714285714,0.9611101496825304,0.0,0.02436249195759436,1.752194615083263,0.46440132620896324,0.05515817928810085,2.4366878469005266,-0.09067244897959176,1.5526020408163264,0.4008204081632649,0.07813601475575616,0.3116678029987506,0.37018795918367364,6.780630176006653,5.901501020408165,0.0318067131257991,-2.6373216687780077,0.0,0.0,0.0,1.0,0.0,0.04466298359868204,0.019776010943599806,0.07631341157545388,-6.95701737931668,-9.320814030233581,-4.180260482931588,0.02821485165572768,0.026452682698524015,0.02956775691619311,2.9400582930186294,2.8449452511751527,3.1227751201940883,0.07202993751325715,0.0700193880634222,0.07405864617190674,0.9034338063718094,0.8601862219658193,0.9764901851711991,1.0446297415277732,1.022593165347748,1.069186568697779,0.8876077094940366,0.8616672981276642,0.9284366537629136,0.058988700849996856,0.057354610829476384,0.06067115134388903,2.7397500760023394,2.687217964127094,2.8101141038720634,0.08314240500717561,0.08101342031296496,0.08558100126368347,-1.5682364694931006,-1.6053458975151216,-1.4971660733903613,0.032552091889761936,0.02524585197659103,0.03935636320633934,-0.7780942165222,-0.9745617601220014,-0.43972087577565144,0.02246796513868965,0.006121708409106852,0.041023246693089536,-1.4599509999831137,-2.9337080219485596,-0.16194577264226062
0.7500000000000013,0.2448979591836735,0.0,0.0,0.0,0.18,,,0.988855288991073,0.88962922482718,0.9713454799240436,2.8607988386446994,0.8846704177947772,2.9451918990433823,3.233745337360583,3.141083916670653,0.6782878613,0.0,0.0,0.0,77.66,0.3917749163394228,0.3572535667119965,0.952523992,0.6782878613,1.0,0.385416566825435,0.3574701254265389,0.9534713184168964,0.6750187370840793,1264,RIT,0.4260003573942982,10.549511866711324,3.9975928802337006,0.025960735080191092,2.224787943243811,0.025960735080191092,2.224787943243811,0.06515261528898025,0.1645279487570646,-0.3596526530612244,4.018861224489796,2.0206285714285714,0.9611101496825304,0.0,0.02436249195759436,1.752194615083263,0.46440132620896324,0.05515817928810085,2.4366878469005266,-0.09067244897959176,1.5526020408163264,0.4008204081632649,0.07813601475575616,0.3116678029987506,0.37018795918367364,6.780630176006653,5.901501020408165,0.0318067131257991,-2.6373216687780077,0.0,0.0,0.0,1.0,0.0,0.04333817035437285,0.017850025454671667,0.07488851498063442,-3.125601356190077,-5.442058275135686,-0.29940214301173906,0.027886914567067454,0.02609478306003376,0.02926148556884911,0.6037169679039504,0.5105524407601082,0.7747537472761863,0.06899603704261259,0.06695820485241237,0.07079434181612909,4.824353457790987,4.783887190549235,4.893802094701743,1.016288344883456,1.0008000168206168,1.0244111824570754,4.808441644928167,4.785353943398894,4.853558883467569,0.058692717557422336,0.05680605508551665,0.060482350516467484,1.585219047480955,1.5360993865903516,1.6405131031768936,0.08011627867425652,0.07812032184824863,0.08196950884774416,1.1598405362683202,1.1238678981399781,1.2301713015983424,0.030804240386317017,0.024352523154446675,0.037287188166363804,0.77984283247068,0.6066714971114052,1.098094010196745,0.02261110630225638,0.0030482626346355762,0.0419866894672843,-1.3567592614037127,-2.4930839721978653,-0.26203410874794475
0.4000000000000005,0.2040816326530613,0.0,0.0,0.0,0.8775,,,0.992402410462871,0.384436177566296,0.9921458741279644,1.865799813580416,0.9616659170953992,1.880570047444223,1.9401746286442685,1.9249362528971663,0.3777667168,0.0,0.0,0.0,60.36,0.1716957380658758,0.2073188524567948,0.9903121633,0.3777667168,1.0,0.3130205025590105,0.3395856389194502,0.9667043606611544,0.5806968749960989,1459,RIT,-0.17713434875626832,15.30073209089457,4.173107790214681,0.015808657610918667,0.4708867591439869,0.015808657610918667,0.4708867591439869,0.02547020885022081,0.20264511277067046,-0.3927938775510203,3.9896510204081634,1.9294571428571432,0.8058805429710412,0.0,0.013145618369968656,1.7139660485900672,0.36085163153749455,0.13665707124131585,2.3592046553731865,-0.14465204081632638,1.8040183673469383,0.6321836734693871,0.18826441363717494,0.2183900020824658,0.23917163265306163,2.5807229317012483,4.953909183673472,0.025869161555951935,-1.937605324022137,0.0,0.0,0.0,1.0,0.0,0.007717028944310034,0.003922442096769837,0.010740964100502442,-7.154703350265665,-9.970791342069255,-5.157250014580362,0.0025076618025841046,5.964081741839512e-09,0.004189982047157904,1.0287214770342574,0.3826542917285686,1.3118215692213426,0.01136510838458582,0.009333289046468159,0.012673971959956936,0.38546938038571676,0.16641704068231777,0.47464789852354067,0.3611969806326383,0.3318240649214755,0.37889869905698415,0.2531003095299257,0.1844049325545318,0.2912220317045045,0.06470827982153049,0.06229378039925296,0.06745059147434605,3.028451125647387,2.9913943037831032,3.0814377780585773,0.06217979498605134,0.060881936843993255,0.0633956630804618,3.5316895765130356,3.4989097928535484,3.573573075312343,0.008994689344106188,0.0071308240054176394,0.0102356126457758,-0.13102616245172638,-0.19963125877762433,-0.006444401716097836,0.055844433357272516,0.0076868865759420766,0.09620479555877728,1.0243007386370393,-0.5872432782399484,2.2914385630598297
0.3333333333333333,0.1875,0.0,0.0,0.0,0.84,,,0.99316531486171,0.403354706294813,0.992796582473196,2.126129345055697,0.9617201444545534,2.1415558661163097,2.2107567958468284,2.1948317915961244,0.3946851094,0.0,0.0,0.0,82.16,0.172451689953194,0.2300593872054133,0.9907329447,0.3946851094,1.0,0.2849550865647949,0.33276172592,0.971248210181883,0.5405636817226854,1481,RIT,0.04316486925554247,12.104987282981323,4.267052150529734,0.0195087661743164,-0.2104132080077932,0.0195087661743164,-0.2104132080077932,0.02470106177420745,0.20094051956154887,-0.4062575,3.9777843749999997,1.89241875,0.7420158691406249,0.0,0.01654776200957613,1.7036939313984176,0.3258825422735166,0.1497074382305145,2.33851416015625,-0.16658124999999996,1.9061562500000002,0.7261749999999998,0.19871484375,0.18534031250000002,0.18594624999999998,2.13382630909159,4.56895,0.03969810390472408,-2.0624280134784603,0.0,0.0,0.0,1.0,0.0,0.009525268150114008,8.079484908368976e-09,0.015094650287883541,0.08265898754901863,-0.6312092670225402,1.6868796544148217,0.006503352972918375,0.003957712335128295,0.007969278419854725,1.2982809745448112,1.0201255715707496,1.6914461813067416,0.011806385678819309,0.00960068282771133,0.0129106932016457,1.2406807051117064,1.0906290025638494,1.3395968540275345,0.3547449552613592,0.33709513146328257,0.36918046377576064,1.08514070540058,1.0335876396160337,1.1339184090465277,0.07923729595434392,0.0767864041536657,0.08125236627263106,3.5447274846327983,3.499818887249534,3.584723741721394,0.07511453251185798,0.07315852108375762,0.07619125805352721,4.815469858123231,4.78848003885789,4.852402617887804,0.013788352296402184,0.012248259284237381,0.01510544293355401,1.818035812746757,1.7334382816718352,1.9471972407278426,0.042451424706450025,0.009278054492069624,0.07230253426359043,-0.22320379697056247,-4.096978453073064,1.5359966821628483
0.7999999999999985,0.2469135802469135,0.0,0.0,0.0,0.8775,,,0.99081246365868,0.465137961023267,0.9904110272250186,1.861180691059624,0.961350855769056,1.8792002914934924,1.936005652765272,1.917441347268696,0.4552092677,0.0,0.0,0.0,23.57,0.212778449031675,0.2021079122717957,0.9875620211,0.4552092677,1.0,0.3891256046145102,0.3583933726890412,0.9527324493167656,0.6795146807490542,1367,RIT,0.5028462423056482,10.106837059522054,3.990647173447231,0.027627491095340576,2.2812137574892404,0.027627491095340576,2.2812137574892404,0.03833957463019765,0.19452256903291443,-0.35801604938271614,4.0203037037037035,2.0251308641975303,0.9686962052231571,0.0,0.025352588670204106,1.7541277574781549,0.469484522925366,0.043442380310503216,2.4418658261218082,-0.08800679012345691,1.5401864197530875,0.38939506172839566,0.061382241866924474,0.3167135490016765,0.37665790123456755,7.2984070651607516,5.948295679012343,0.035589057653982833,-2.6339908286138543,0.0,0.0,0.0,1.0,0.0,0.012716724419150505,4.097985247499931e-09,0.02544457227978604,3.00398656836557,-3.3633081642125635,2.04197544378166,0.011676286951802783,0.009697459757018495,0.013702712628640158,2.8195451694810854,2.6605041811016084,2.9958868674340757,0.017535914660788077,0.015539100387219678,0.019302202903819107,0.3204163525884297,0.15368365211408364,0.40254089485209454,0.44474942968330844,0.4128098371574812,0.46361809918727964,0.2102457412582911,0.15771771689097921,0.2401194578763525,0.02039257493230795,0.019478833153509983,0.021684153847317506,3.039130722268963,2.9480970723773128,3.1017156510485946,0.020453000099803657,0.019154037810101495,0.02156969428261821,3.499084830779759,3.4365424813945644,3.557725137468021,0.007997504187367444,0.005322628491615633,0.009793279060220785,-1.930596258390279,-2.247278321390464,-1.6756808884430816,0.06681268602865775,6.654049593002514e-05,0.11420213301135253,1.227677629068341,0.002192107535074283,1.5849132634211034
1.0,0.25,0.0,0.0,0.0,0.5511,,,0.992403281441108,0.900707666500667,0.967791348738288,2.8193647135034428,0.8732401893853492,2.9131947885037985,3.228624550008308,3.1246349078220885,0.6851834384,1.0969103947623216,0.0110079576669704,0.0343280522960793,0.0,0.4057688358679619,0.3589187782117236,0.9471287829,0.6851834384,1.0,0.39483117025625,0.35981440246,0.9515839428556588,0.686369879389307,1309,RIT,0.622746426583853,9.452534562211989,3.98027275310162,0.03046874999999999,2.3560937500000136,0.03046874999999999,2.3560937500000136,0.06748423742972123,0.16336321299573306,-0.35551,4.0225124999999995,2.032025,0.9802968749999998,0.0,0.0269135561201225,1.757068516912403,0.47721683137325066,0.0,3.141592653589793,-0.08392499999999997,1.5211750000000002,0.3718999999999999,0.0,0.0,0.38656500000000005,8.230348369807949,6.019950000000001,0.04241015624999989,-2.5925603071794048,0.0,0.0,0.0,1.0,0.0,0.04859822488251708,0.015747958201298408,0.0855321777223346,-3.2188856285719667,-5.663180987691569,-0.41398119437462366,0.034864844597887745,0.03202383995668082,0.036860604312257954,0.284698559255663,0.1961628238888788,0.4789183359659582,0.07770299472019959,0.07516443656869944,0.0799262702610787,4.65575947081807,4.606238069337734,4.748143188810811,1.1195035318458708,1.0967756166179876,1.133642310971529,4.692431812438164,4.665693897196469,4.744416163620498,1.8382845931891515e-06,2.6487055031173537e-09,0.0005454457996661346,3.164343397744462,0.21840494878097919,6.089145654252431,8.748764745628976e-07,2.661742565098831e-09,0.0004517456495147518,3.0807455136010193,0.15529171017988977,6.162878869751769,0.040211669626158075,0.03329096484922898,0.046978906394056184,0.44567648582526675,0.23471510555989405,0.7949957893144916,0.0474595841961466,0.00872412026963597,0.08186129578486218,-1.998597803630239,-4.287839208572743,-0.10287832980790501
1.0,0.25,0.0,0.0,0.0,0.429975,0.351423780254378,1.316348157856302,0.993035934527384,1.01497654956417,0.9698037797274044,2.831021787515249,0.8810387423471198,2.9191696781291183,3.2132772958125573,3.1162484667912707,0.6887857847,1.0278683562395172,0.0113206141283324,0.0398419508301557,0.0,0.4025679168207506,0.3538897552964215,0.9500310721,0.6887857847,1.0,0.39483117025625,0.35981440246,0.9515839428556588,0.686369879389307,1290,RIT,0.622746426583853,9.452534562211989,3.98027275310162,0.03046874999999999,2.3560937500000136,0.03046874999999999,2.3560937500000136,0.06802859249683274,0.16274657192874148,-0.35551,4.0225124999999995,2.032025,0.9802968749999998,0.0,0.0269135561201225,1.757068516912403,0.47721683137325066,0.0,3.141592653589793,-0.08392499999999997,1.5211750000000002,0.3718999999999999,0.0,0.0,0.38656500000000005,8.230348369807949,6.019950000000001,0.04241015624999989,-2.5925603071794048,0.0,0.0,0.0,1.0,0.0,0.04629653490711039,0.015912813360154442,0.0829226383983702,-5.237518995362831,-7.568361465790712,-2.3414375914991448,0.032803741016946386,0.030586443226124374,0.0343465103722509,4.776038868388742,4.671345505991673,4.955201372873538,0.07298883174599613,0.07077111021181672,0.07538640513523945,2.6399711207824077,2.578374217473134,2.729315158997272,1.0466911819996942,1.0277013729250766,1.0542304646247704,2.6765784717445906,2.6498554539210755,2.7264476338230414,1.9258911741045963e-06,3.1901889789557483e-09,0.0006158539441972131,3.3577709669335487,0.1670364844975456,6.12720534253236,1.861937877033706e-06,3.0126200934400594e-09,0.0003441033421005704,3.069810514165501,0.20206739732718465,6.080615480655713,0.03718503208397761,0.03023291085237135,0.044128554549039044,-3.531104031542942,-3.702788048886557,-3.203222245292376,0.03948717969886706,0.0017694439904417246,0.06798575100702099,-1.6049005716592672,-4.371846730280109,0.0671169155919367
0.4999999999999993,0.222222222222222,0.0,0.0,0.0,0.21,,,0.989579661423811,0.792687668922758,0.9758319607517574,2.8832262895677414,0.8925580351553934,2.9546340000450217,3.2302955953623504,3.152225684630208,0.6242175735,0.0,0.0,0.0,140.52,0.3428149234542385,0.3527415055518474,0.9625038236,0.6242175735,1.0,0.3445819394768172,0.3473434123990122,0.9612091161354084,0.6233940746778821,1226,RIT,-0.18790136354779619,15.239396488866545,4.086138574069609,0.015762688614540447,1.3182228318853646,0.015762688614540447,1.3182228318853646,0.05251870454583651,0.17303193625015034,-0.37806444444444454,4.002633333333333,1.9699777777777774,0.8752373113854589,0.0,0.015516703337507386,1.7302072009968983,0.4061529083839812,0.11443919833057686,2.3879403292181074,-0.12066111111111122,1.6922777777777787,0.5293555555555562,0.16210699588477395,0.25775302469135775,0.2974011111111108,3.5843356544981253,5.375061111111108,0.016664783108566984,-2.161595516402621,0.0,0.0,0.0,1.0,0.0,0.030760882690855085,0.02370234611418816,0.04103344850863442,-7.581174714746009,-9.931966246548313,-5.180320320643004,0.008461913342611926,0.006033231409477528,0.009682924521832207,1.9852369898341018,1.7410188522347114,2.2169011707839523,0.04909426852790644,0.04811506217859147,0.05123344376211851,0.20149322007005654,0.15108243038381405,0.2509205293863145,0.819188158951675,0.8062626919750531,0.8282504730761662,0.15369680521670426,0.13873645830036077,0.18690225371944472,0.1122353258139146,0.1102709062525498,0.11481348746025044,-0.504132216998822,-0.5506208287704988,-0.4469772438033175,0.14640919936940677,0.143928807865968,0.1500862036510209,0.4668609585300868,0.4433549375914005,0.5092413025305024,0.009490096173925239,0.004411008107613563,0.01603076227215007,-1.0676897322334358,-1.277526281311772,-0.4787661710066402,0.021036922887957,0.0070396559345443565,0.034920336603470596,-0.8513465988519482,-1.7190610709533178,-0.3483445178078748
0.3333333333333333,0.1875,0.0,0.0,0.0,0.6156,,,0.994048176972168,0.625199794756983,0.989907883719004,3.148630775984193,0.9464469819974326,3.180731083941913,3.326790444552058,3.2932160885431334,0.5674920264,0.0,0.0,0.0,197.09,0.2976766851386808,0.3352263575030392,0.9801048211,0.5674920264,1.0,0.2849550865647949,0.33276172592,0.971248210181883,0.5405636817226854,1475,RIT,0.04316486925554247,12.104987282981323,4.267052150529734,0.0195087661743164,-0.2104132080077932,0.0195087661743164,-0.2104132080077932,0.03901703302565109,0.1809679555356695,-0.4062575,3.9777843749999997,1.89241875,0.7420158691406249,0.0,0.01654776200957613,1.7036939313984176,0.3258825422735166,0.1497074382305145,2.33851416015625,-0.16658124999999996,1.9061562500000002,0.7261749999999998,0.19871484375,0.18534031250000002,0.18594624999999998,2.13382630909159,4.56895,0.03969810390472408,-2.0624280134784603,0.0,0.0,0.0,1.0,0.0,0.02676450003084041,0.008544648914461198,0.03932968914817145,-6.791328858391712,-9.440597817250243,-5.289240164819209,0.016000253608487336,0.012410231095828577,0.019721961526948852,0.47515585909567104,0.10412726012658739,0.6961895916127625,0.0348834811472063,0.030030734963515927,0.03916470711447769,0.5974166476551019,0.4888608668958061,0.708395157828167,0.6678096361410668,0.6566179994945086,0.6793163429314211,0.5022785627488544,0.4839638907183111,0.5231769213970008,0.14157332465012162,0.1333670150194433,0.14790849774644207,-0.12969389719122004,-0.183728004047925,-0.09147739661082177,0.17820779296628186,0.17578944815328387,0.1811237343093749,1.0036920553134216,0.9863312332573182,1.0339523790732712,0.02822353923341092,0.026742462933652962,0.03056683906787372,1.0496024997875926,0.9485291452255132,1.174894223072694,0.030742108508659993,0.0037132861441026275,0.05531618043908794,-1.1784248597132727,-3.5303068162683298,-0.008568298267369379
0.7500000000000013,0.2448979591836735,0.0,0.0,0.0,0.02,,,0.990698255823351,0.972557199091143,0.9709132323016592,2.8255436793713438,0.88295636367768,2.9101917507840263,3.20009435981912,3.1070139585622902,0.6750638875,0.0,0.0,0.0,72.77,0.384661099464676,0.3561139963043445,0.9534286843,0.6750638875,1.0,0.385416566825435,0.3574701254265389,0.9534713184168964,0.6750187370840793,1248,RIT,0.4260003573942982,10.549511866711324,3.9975928802337006,0.025960735080191092,2.224787943243811,0.025960735080191092,2.224787943243811,0.06468479125224272,0.16506575876364482,-0.3596526530612244,4.018861224489796,2.0206285714285714,0.9611101496825304,0.0,0.02436249195759436,1.752194615083263,0.46440132620896324,0.05515817928810085,2.4366878469005266,-0.09067244897959176,1.5526020408163264,0.4008204081632649,0.07813601475575616,0.3116678029987506,0.37018795918367364,6.780630176006653,5.901501020408165,0.0318067131257991,-2.6373216687780077,0.0,0.0,0.0,1.0,0.0,0.040402340717167196,0.015557573255066548,0.07066104316474774,-1.1957051062292479,-3.4006150949323595,1.67601049623795,0.026157820476135574,0.024244031310228214,0.027379710109867467,2.6897689037435226,2.6103578285201343,2.845564732237975,0.06406296065215522,0.06251673757328229,0.06577573905809316,0.46478449271803923,0.4170530636305798,0.5303794542846111,0.9509607944966308,0.9369400257548923,0.9580388120789741,0.45780316143659394,0.43585807326905207,0.4982849981953445,0.054115454949291486,0.05268475671063938,0.05542189235404489,-0.4623873252705799,-0.5175983674729832,-0.3955811325514178,0.07452685549266713,0.07306207940015481,0.07729934587552637,0.9398345318892853,0.9019981209381366,0.994627320354348,0.028129521877375822,0.02193959789339914,0.034009373333828384,-1.5989046323149338,-1.769792985395509,-1.296489431314046,0.02166560343752011,0.003601584835600854,0.039140447380329256,-0.8777979986204896,-2.1263957541148617,-0.00876686701760665
0.4999999999999993,0.222222222222222,0.0,0.0,0.0,0.25,,,0.989160174776175,0.772358958773891,0.9759632850614378,2.958749716590106,0.8931347510228049,3.0316198999267168,3.3127696724394484,3.233141572165908,0.6282308606,0.0,0.0,0.0,154.73,0.362326852424936,0.3333680929661611,0.9592493268,0.6282308606,1.0,0.3445819394768172,0.3473434123990122,0.9612091161354084,0.6233940746778821,1230,RIT,-0.18790136354779619,15.239396488866545,4.086138574069609,0.015762688614540447,1.3182228318853646,0.015762688614540447,1.3182228318853646,0.0530017563225889,0.1724353008750623,-0.37806444444444454,4.002633333333333,1.9699777777777774,0.8752373113854589,0.0,0.015516703337507386,1.7302072009968983,0.4061529083839812,0.11443919833057686,2.3879403292181074,-0.12066111111111122,1.6922777777777787,0.5293555555555562,0.16210699588477395,0.25775302469135775,0.2974011111111108,3.5843356544981253,5.375061111111108,0.016664783108566984,-2.161595516402621,0.0,0.0,0.0,1.0,0.0,0.04196485983861942,0.03298448299406432,0.049366938342029903,-4.945309833842114,-7.487372284710689,-2.681857541357442,0.01081587796192518,0.0068217320351382634,0.012935756118271297,3.8477304022470067,3.596061909784899,4.086246548312645,0.06662017759027528,0.065214326089151,0.06871632032548773,2.838587476485145,2.7805842771619624,2.9139479801227837,1.0981421773940458,1.063911470366345,1.1251895658068363,2.7984670551243553,2.769935091944429,2.852367568681362,0.149832995711615,0.14637836027976464,0.15278324782387645,3.33416514611999,3.281843904543039,3.430806318352458,0.19770011024128395,0.19083340872821322,0.20166650859235474,1.158171926777393,1.1254728589037224,1.2410964298536642,0.01533830475955289,0.006068406973887268,0.0263815450933217,-2.4063003395045452,-2.59377087911015,-2.0930482694984907,0.0304430675559793,0.011206377243657382,0.04766124481514575,-2.3492828731277626,-3.1105204340346386,-1.7065673342173078
1.0,0.25,0.0,0.0,0.0,0.399375,0.2874577952647661,4.559022059556941,0.993195711435439,1.04186334557913,0.9705820781579332,2.8051848475761103,0.8840591408827447,2.890208783681714,3.1730737434320244,3.0797285080486265,0.6874165716,0.920824267794032,0.0096742837196861,0.0350439672598247,0.0,0.3916537555458665,0.3683201906713407,0.9527699149,0.6874165716,1.0,0.39483117025625,0.35981440246,0.9515839428556588,0.686369879389307,1286,RIT,0.622746426583853,9.452534562211989,3.98027275310162,0.03046874999999999,2.3560937500000136,0.03046874999999999,2.3560937500000136,0.06782121622464972,0.162981620882273,-0.35551,4.0225124999999995,2.032025,0.9802968749999998,0.0,0.0269135561201225,1.757068516912403,0.47721683137325066,0.0,3.141592653589793,-0.08392499999999997,1.5211750000000002,0.3718999999999999,0.0,0.0,0.38656500000000005,8.230348369807949,6.019950000000001,0.04241015624999989,-2.5925603071794048,0.0,0.0,0.0,1.0,0.0,0.04179056531608094,0.013665452317738008,0.0743201258198779,-1.6497591778318288,-3.7435353670263094,1.3498603877174284,0.028862227790752093,0.026286777250366017,0.031006097353107193,2.454154173440693,2.359063575481354,2.5739037312560322,0.06405383467033976,0.06184881662008745,0.06724811323960911,0.022161440147212663,0.0008078612449013465,0.08700712554269226,0.9334409286864941,0.9218515680454067,0.9398104270068967,0.05033769857621384,0.030930292463688534,0.08906878114965565,2.037578294662667e-06,2.6941920158389218e-09,0.00036909201136153266,3.186325757270978,0.0498811861517578,6.159846648387076,1.4282401515604626e-06,2.543139472595082e-09,0.00033340272571362613,3.1969197723157405,0.3278441643600328,6.140562340219379,0.03212046125597845,0.02564975817297282,0.03753037783365133,-2.4294558586401425,-2.594905387742993,-2.154186165412728,0.035946166345671826,0.005275734000747395,0.055497064223259646,-1.3408735139936672,-4.539737632924375,0.22739132869577403
0.7000000000000002,0.2422145328719723,0.0,0.0,0.0,0.6636,,,0.992073000654861,0.75612766848115,0.9864401760333756,2.9337017763041677,0.944396855985763,2.974029087198195,3.10642899508805,3.064306364749838,0.6867836849,0.0,0.0,0.0,115.87,0.3695231512480347,0.3568486517173532,0.9722410145,0.6867836849,1.0,0.3804993433230282,0.3562468440587541,0.9544415030841792,0.6690097871088613,1385,RIT,0.3265881140705068,11.153498935176525,4.007055730052486,0.02396175247053387,2.141370632250485,0.02396175247053387,2.141370632250485,0.06570142434802964,0.1630899876852566,-0.36183148788927333,4.016940830449827,2.0146346020761245,0.9509984572182889,0.0,0.02308431348782734,1.7496076183442026,0.4575965863535246,0.06704961102622825,2.430026725081553,-0.09422128027681648,1.5691311418685119,0.41603114186851164,0.09523601320414665,0.30501450886603365,0.3615744290657442,6.180623266186942,5.839202595155712,0.027531877626598915,-2.6188364737988867,0.0,0.0,0.0,1.0,0.0,0.033528655563970645,0.012656340718025572,0.054104722219672954,-2.1423154305850294,-4.065962450963951,0.8353475561482457,0.01955014576453218,0.017395668615193108,0.020992885267328072,2.4115593939746303,2.3267571825400424,2.5222712943494225,0.049572379949924916,0.04818451125717099,0.05133356203925245,5.6656756002592745,5.613585891522264,5.717935753086913,0.728112731027443,0.7179173290673037,0.7455456712977482,-0.6592648516358766,-0.6811999918387448,-0.6359436597426695,0.051200194063545035,0.04690772035450939,0.05417126294645926,-0.3344776327430732,-0.40327349985265837,-0.2925363591830683,0.07164084324555442,0.07059361436109232,0.07378637354626844,-0.607953584921618,-0.6498932479242026,-0.5740093174719147,0.018394557430819414,0.013761427879787269,0.022529081122022915,2.69417648520787,2.538401010706371,2.912360179961207,0.04349289913663845,0.012091911805264272,0.07255913417673505,-6.748551903851353,-10.381233174479863,-3.5478520810217975
0.9000000000000008,0.2493074792243767,0.0,0.0,0.0,0.4671,0.4195587096587132,5.321419810933592,0.9928670081494,0.979552826701098,0.9713966285004768,2.8096727656241383,0.8869095497789756,2.892405309210685,3.167936083588602,3.0773224309029725,0.685626253,0.0,0.0,0.0,28.26,0.387604263244755,0.3572595757740231,0.9537156021,0.685626253,1.0,0.3935482092334095,0.3594947871327383,0.951843459226394,0.6848348051898036,1333,RIT,0.5956875967256099,9.596620032564594,3.9825735289591884,0.02979993948902209,2.340576225547977,0.02979993948902209,2.340576225547977,0.06737168524389414,0.16328771777896947,-0.35607229916897504,4.0220168975069255,2.0304781163434904,0.9776955937970423,0.0,0.026558874621321553,1.7564108618115646,0.4754875382272201,0.02089819929801155,2.4482155701686192,-0.08484085872576169,1.5254407202216067,0.3758254847645426,0.029419954533320806,0.3227599757138142,0.3843420775623271,8.004593836280062,6.003872437673132,0.04076639267494243,-2.6061789900677685,0.0,0.0,0.0,1.0,0.0,0.04236004829318707,0.012392699534043235,0.07486718085036867,-3.0117946614548403,-5.217339540823874,-0.029824683947638597,0.029659918585016154,0.027671700159583885,0.031142254496194583,0.957390422501895,0.8553888365249084,1.1080816210826343,0.06555016144219428,0.06386091943603403,0.06737853771909519,4.87808658877827,4.835110124742526,4.941658389538677,0.9457568949278465,0.9340095513741212,0.9529698188623829,4.90216909983593,4.879974747113528,4.945051648497418,0.01949462755652087,0.0182057339365316,0.021124324325405817,4.932654420785597,4.799808967827892,5.0208072355648765,0.02748555379756279,0.02656397414103941,0.02914890529521876,4.484655983390275,4.419294381768488,4.54052100109479,0.032251468480155254,0.0267689832682117,0.03785506912034122,0.9883220834038879,0.8171976080936726,1.2683821794888157,0.03426251976054351,0.005740266800442671,0.05686332846696086,-1.4394433481961444,-4.49958751095907,-0.002491741739126141
1.0,0.25,0.0,0.0,0.0,0.474375,,,0.992804047565259,0.97464635554176,0.9681282174501554,2.781175039183583,0.8745444908464308,2.8727341988942423,3.1801412830258795,3.0787845115754955,0.682560963,0.9684076043962186,0.0112293701758726,0.0355238068290023,0.0,0.3928519002896463,0.3577559087577384,0.9498805151,0.682560963,1.0,0.39483117025625,0.35981440246,0.9515839428556588,0.686369879389307,1296,RIT,0.622746426583853,9.452534562211989,3.98027275310162,0.03046874999999999,2.3560937500000136,0.03046874999999999,2.3560937500000136,0.06709045476870079,0.16380853209096427,-0.35551,4.0225124999999995,2.032025,0.9802968749999998,0.0,0.0269135561201225,1.757068516912403,0.47721683137325066,0.0,3.141592653589793,-0.08392499999999997,1.5211750000000002,0.3718999999999999,0.0,0.0,0.38656500000000005,8.230348369807949,6.019950000000001,0.04241015624999989,-2.5925603071794048,0.0,0.0,0.0,1.0,0.0,0.04397931236013941,0.012416407460076145,0.07768262085755011,-5.705084910558594,-7.920869187737242,-2.7214807490645736,0.030880408228371792,0.02850351067318521,0.032612950046946435,4.533165287577619,4.421639900249426,4.6828974453531895,0.06775108398786375,0.06598957004662451,0.06983473219049953,2.288038315574975,2.2394753680286,2.3532567672910183,0.9850949914708035,0.9697872437812496,0.9931488793338258,2.3249030007713527,2.2982311669104005,2.3688223996307283,1.5856788016732034e-06,2.4888889315251577e-09,0.0003004338765809492,2.9998747671007306,0.19545760965211864,6.089450630116503,8.763502122476335e-07,2.72916748697525e-09,0.0004399887064892239,3.23802809908918,0.1749253960549209,6.148104895912868,0.033882114664347984,0.027509772858762625,0.040498880077474965,-4.212360179963456,-4.377301966560303,-3.9134554292081885,0.03712460610500917,0.0064718869373709765,0.06143381917501562,-1.5757447518879877,-4.6311641894239965,0.04787907435449199
0.3333333333333333,0.1875,0.0,0.0,0.0,0.5511,,,0.994301687771316,0.675619133043839,0.9840272427430706,3.159895189922491,0.9154923052280802,3.21118669551666,3.4515802829552498,3.396449028942802,0.5611961418,0.0,0.0,0.0,194.31,0.3252764441523134,0.3402841910950158,0.9704411772,0.5611961418,1.0,0.2849550865647949,0.33276172592,0.971248210181883,0.5405636817226854,1473,RIT,0.04316486925554247,12.104987282981323,4.267052150529734,0.0195087661743164,-0.2104132080077932,0.0195087661743164,-0.2104132080077932,0.0384353217350049,0.18179709184563947,-0.4062575,3.9777843749999997,1.89241875,0.7420158691406249,0.0,0.01654776200957613,1.7036939313984176,0.3258825422735166,0.1497074382305145,2.33851416015625,-0.16658124999999996,1.9061562500000002,0.7261749999999998,0.19871484375,0.18534031250000002,0.18594624999999998,2.13382630909159,4.56895,0.03969810390472408,-2.0624280134784603,0.0,0.0,0.0,1.0,0.0,0.04640586826365456,0.02115435191620566,0.059879231435978404,-7.597956816689591,-9.167955655718501,-6.248020112379142,0.024361205839381395,0.022916555599267217,0.026526489170527454,-1.072991549267393,-1.1467600992712876,-1.0171938345623701,0.05184760728834792,0.050270382473916506,0.0528682661390353,0.03371327427315007,0.003474148551184319,0.06114554928855192,0.9847202246346148,0.9597613053394554,0.9987092954188774,-0.01460666698433255,-0.039204708719589476,0.026156786850436042,0.20765758055511108,0.20185201649008533,0.2160222961841878,1.8917814015745225,1.8385863558786204,1.9912867935087997,0.2618761742148396,0.25205758418675095,0.26517754446966313,3.202063891161317,3.171316331764116,3.2717374251370126,0.04013180400778715,0.03828720922425878,0.04245408770777552,-0.35966975096251264,-0.4528326525233064,-0.2538023782889187,0.04439577631754699,0.011811828579386743,0.07894317803906988,-2.6132441017992143,-3.3389290779820824,-1.9928421161995153
0.4999999999999993,0.222222222222222,0.0,0.0,0.0,0.15,,,0.990208433057926,0.822238900416452,0.9755191823385376,2.8793162527070666,0.8911847689985103,2.951573177479403,3.23088584193687,3.151791114755413,0.6219643761,0.0,0.0,0.0,154.62,0.3402802618081682,0.3422813615816267,0.9618343738,0.6219643761,1.0,0.3445819394768172,0.3473434123990122,0.9612091161354084,0.6233940746778821,1220,RIT,-0.18790136354779619,15.239396488866545,4.086138574069609,0.015762688614540447,1.3182228318853646,0.015762688614540447,1.3182228318853646,0.052248962710212295,0.17336469375808178,-0.37806444444444454,4.002633333333333,1.9699777777777774,0.8752373113854589,0.0,0.015516703337507386,1.7302072009968983,0.4061529083839812,0.11443919833057686,2.3879403292181074,-0.12066111111111122,1.6922777777777787,0.5293555555555562,0.16210699588477395,0.25775302469135775,0.2974011111111108,3.5843356544981253,5.375061111111108,0.016664783108566984,-2.161595516402621,0.0,0.0,0.0,1.0,0.0,0.032949595938266296,0.025735843080670548,0.042904669929161324,-2.7561844007947354,-5.165407255172739,-0.4019934778836953,0.009013052998990023,0.0070666613055358546,0.010323226048193721,0.2814395716412792,0.05072392759751072,0.5425388732700386,0.052784692217619056,0.05174753867382489,0.05431839642183193,5.0178486777412665,4.961858846987105,5.073997894525446,0.8804486787635569,0.8663240129858818,0.887013452614318,4.973928684101893,4.9560921610918935,5.012547378754485,0.12313364186256837,0.12128856889074649,0.12588689391672683,1.7319383272238826,1.6953796995101664,1.7864406555321934,0.15716386745179875,0.15370190917738802,0.15984138180837226,1.3699808943886564,1.3453648377415597,1.4283489436441852,0.010838071396601978,0.005569625090939327,0.01822594702290769,2.2033853868466604,2.0372169796110873,2.63729995845105,0.02357938484754718,0.00941484708892715,0.039716845503586944,-1.2776946242330163,-2.015783439737967,-0.7003424580673219
0.7000000000000002,0.2422145328719723,0.0,0.0,0.0,0.6156,,,0.99231658754873,0.808274404238456,0.9837018063900655,3.058821296925208,0.9332600820405544,3.109500538735718,3.2775657673444654,3.2241473658989923,0.7046768498,0.0,0.0,0.0,87.11,0.4136179731307174,0.37106781185852,0.9631616509,0.7046768498,1.0,0.3804993433230282,0.3562468440587541,0.9544415030841792,0.6690097871088613,1383,RIT,0.3265881140705068,11.153498935176525,4.007055730052486,0.02396175247053387,2.141370632250485,0.02396175247053387,2.141370632250485,0.0683728593671475,0.15995664945260643,-0.36183148788927333,4.016940830449827,2.0146346020761245,0.9509984572182889,0.0,0.02308431348782734,1.7496076183442026,0.4575965863535246,0.06704961102622825,2.430026725081553,-0.09422128027681648,1.5691311418685119,0.41603114186851164,0.09523601320414665,0.30501450886603365,0.3615744290657442,6.180623266186942,5.839202595155712,0.027531877626598915,-2.6188364737988867,0.0,0.0,0.0,1.0,0.0,0.04241188649514105,0.020284632890724782,0.06925089796987957,-7.060961287371034,-9.200171152011055,-4.225998431444487,0.023386127169369497,0.021235548357286818,0.024948879952053454,3.3065127987785394,3.198242962665874,3.4370322927582118,0.06686845060614766,0.06520237991169925,0.06804308024436077,0.8202715837604553,0.7821323121632111,0.87563590414393,0.9417080998611543,0.928482852172778,0.9551143894977961,0.8034598482004665,0.7656723916903873,0.8465364265660058,0.06347307702379412,0.05982364049188594,0.06593611313755318,-0.09556931601501928,-0.15661257494598857,-0.0437912451030158,0.09604930456492744,0.09383232656625597,0.09884864729458222,1.5578574480907554,1.5197850979496244,1.6067241365844462,0.026269125074001552,0.019441665921908297,0.03285991191837183,-0.8044702589193986,-0.986753160693441,-0.512924001156752,0.048374438662374564,0.008925129832754026,0.07697463974941451,-7.030693148149345,-10.649679824983817,-3.136943801727578
0.9000000000000008,0.2493074792243767,0.0,0.0,0.0,0.5511,,,0.992428628978464,0.899041635465382,0.9672264513067595,2.800248965771843,0.8706958329266431,2.8951327395860607,3.2161047060021546,3.1107015418174337,0.682529989,0.0,0.0,0.0,26.19,0.4024841841520719,0.3622218461070403,0.947617572,0.682529989,1.0,0.3935482092334095,0.3594947871327383,0.951843459226394,0.6848348051898036,1335,RIT,0.5956875967256099,9.596620032564594,3.9825735289591884,0.02979993948902209,2.340576225547977,0.02979993948902209,2.340576225547977,0.06690779973865912,0.16381377493643692,-0.35607229916897504,4.0220168975069255,2.0304781163434904,0.9776955937970423,0.0,0.026558874621321553,1.7564108618115646,0.4754875382272201,0.02089819929801155,2.4482155701686192,-0.08484085872576169,1.5254407202216067,0.3758254847645426,0.029419954533320806,0.3227599757138142,0.3843420775623271,8.004593836280062,6.003872437673132,0.04076639267494243,-2.6061789900677685,0.0,0.0,0.0,1.0,0.0,0.045494177494000754,0.01563512415280267,0.08081691500302156,-2.507056056313521,-4.79658943429687,0.3701783923178678,0.03209274992187006,0.029891192720960538,0.03378511031556037,1.2340683345815116,1.1472450086539572,1.410014554766812,0.07253535984300152,0.07025301398974995,0.07475889049183262,5.454533316366503,5.410772110523205,5.533472503719591,1.0493768696882213,1.0298024135724837,1.0659749874038456,-0.7926763025136192,-0.8140929902147871,-0.748727248533414,0.02148353582157181,0.01991926617112404,0.02278824835916063,-1.2962862476551877,-1.4188490884903677,-1.2024966077163493,0.030355825065208064,0.02946695099400598,0.03193325118955881,-0.9665882782864652,-1.0392321416242565,-0.8975961685031519,0.0362740173182059,0.029642145965000633,0.0422886873381218,-4.200588257293513,-4.401824689283982,-3.884382070776703,0.04500813569524664,0.0006836182165845476,0.07609394821106603,-1.6942116230923454,-4.3902347210790404,-0.06588406819036674
0.7500000000000013,0.2448979591836735,0.0,0.0,0.0,0.12,,,0.989546843702848,0.921602090441222,0.971040696782402,2.841123347948756,0.8834617377322913,2.925854042331056,3.2158985801031714,3.122768398004921,0.6767846729,0.0,0.0,0.0,71.66,0.38825965446427,0.3645620461498993,0.9530203218,0.6767846729,1.0,0.385416566825435,0.3574701254265389,0.9534713184168964,0.6750187370840793,1258,RIT,0.4260003573942982,10.549511866711324,3.9975928802337006,0.025960735080191092,2.224787943243811,0.025960735080191092,2.224787943243811,0.06493411828552453,0.1647792360770617,-0.3596526530612244,4.018861224489796,2.0206285714285714,0.9611101496825304,0.0,0.02436249195759436,1.752194615083263,0.46440132620896324,0.05515817928810085,2.4366878469005266,-0.09067244897959176,1.5526020408163264,0.4008204081632649,0.07813601475575616,0.3116678029987506,0.37018795918367364,6.780630176006653,5.901501020408165,0.0318067131257991,-2.6373216687780077,0.0,0.0,0.0,1.0,0.0,0.04159152000994326,0.0157801822486967,0.07193015299101302,-2.429446255365493,-4.683211732252835,0.44293932099257327,0.026553892151015585,0.024549196622623233,0.027894945838219786,1.4285681471042102,1.340023805176828,1.5916406648983188,0.06555615827684869,0.06371518136827069,0.06744860270412366,5.531881389750915,5.491911741768854,5.597312694073805,0.9699088536689504,0.9552176362150416,0.9763143526865686,-0.7641043314760021,-0.7873871527887086,-0.7225469813462029,0.055261326210850226,0.05401745272910641,0.05683749216239644,-1.1115857952337733,-1.1716340920233783,-1.044991913664325,0.07626383653849111,0.07448663627302804,0.0784828080047647,-0.8957280524871658,-0.9386904013523756,-0.8388528145068541,0.028900941151910997,0.022467051335113886,0.034951637329758915,-4.052001716609658,-4.238579318041248,-3.7482466048085272,0.021792266181446224,0.002697074233304388,0.03991906492662271,-0.9840838640575411,-2.2226449498679184,-0.05217020414926399
0.7500000000000013,0.2448979591836735,0.0,0.0,0.0,0.35,,,0.986893051564203,0.79206129850498,0.9785122215720304,2.9679819498275,0.9132009258552366,3.033157771968636,3.250086444062578,3.180249306680813,0.6947608839,0.0,0.0,0.0,64.41,0.4014684603993176,0.3592784785524614,0.9592314814,0.6947608839,1.0,0.385416566825435,0.3574701254265389,0.9534713184168964,0.6750187370840793,1274,RIT,0.4260003573942982,10.549511866711324,3.9975928802337006,0.025960735080191092,2.224787943243811,0.025960735080191092,2.224787943243811,0.06759113683721726,0.16171116151752582,-0.3596526530612244,4.018861224489796,2.0206285714285714,0.9611101496825304,0.0,0.02436249195759436,1.752194615083263,0.46440132620896324,0.05515817928810085,2.4366878469005266,-0.09067244897959176,1.5526020408163264,0.4008204081632649,0.07813601475575616,0.3116678029987506,0.37018795918367364,6.780630176006653,5.901501020408165,0.0318067131257991,-2.6373216687780077,0.0,0.0,0.0,1.0,0.0,0.04167526059293525,0.016325927082788856,0.07175327346682875,-6.611551717829751,-8.829567722605125,-3.7463941674471632,0.02622980066034486,0.02420520387478802,0.027693010820402354,3.582373731775341,3.4849192058208374,3.7268171445779785,0.06610390901543706,0.06437259537583101,0.06781101097719264,1.2188895329899805,1.1828423970636293,1.2776491398788146,0.947736783973731,0.9273296480096004,0.9736996920053412,1.1744433130689547,1.1419011272006943,1.21493947713537,0.05323515066191531,0.05128932403419193,0.05492756338736111,0.015066647717818293,-0.3583739412880469,0.0724120408040031,0.07644256683582185,0.07470270030611832,0.07869820172697528,2.0638921795952356,2.0238533504407763,2.1202097464844565,0.028949770710933187,0.022314803155825888,0.03519390147374143,-0.12580455821613537,-0.2802548174746651,0.17001535178147464,0.017023154469815394,0.0013106615740931164,0.02996655194658033,-6.183404313324467,-7.6726876521441225,-2.2317738607562774
0.4999999999999993,0.222222222222222,0.0,0.0,0.0,0.5511,,,0.993246954831763,0.800675366566148,0.978395834786559,3.0511464734954026,0.9038314214372972,3.1185194836413244,3.3757915482108234,3.302860389877139,0.6332926598,0.0,0.0,0.0,182.76,0.379484038925188,0.3181550239155868,0.9577299215,0.6332926598,1.0,0.3445819394768172,0.3473434123990122,0.9612091161354084,0.6233940746778821,1427,RIT,-0.18790136354779619,15.239396488866545,4.086138574069609,0.015762688614540447,1.3182228318853646,0.015762688614540447,1.3182228318853646,0.05361584044601214,0.17167556797876046,-0.37806444444444454,4.002633333333333,1.9699777777777774,0.8752373113854589,0.0,0.015516703337507386,1.7302072009968983,0.4061529083839812,0.11443919833057686,2.3879403292181074,-0.12066111111111122,1.6922777777777787,0.5293555555555562,0.16210699588477395,0.25775302469135775,0.2974011111111108,3.5843356544981253,5.375061111111108,0.016664783108566984,-2.161595516402621,0.0,0.0,0.0,1.0,0.0,0.060731422062835105,0.04796440869710057,0.07109191640793444,-7.63662393053092,-10.108601392030565,-5.542634963124497,0.013997720829281746,0.006463626822447715,0.01867389591996373,0.27565195186874225,0.004184734886490888,0.5328890468095107,0.09446905668993744,0.09249679479329398,0.0968990555920003,0.18412634625761637,0.12287823055259418,0.2828563346741634,1.5299181811251432,1.4542124164109735,1.572769596275258,0.17955193820295368,0.14043298122488815,0.2680029344072614,0.20580411002928267,0.19036234270944044,0.21519358875308447,1.3126093857892722,1.251014633714526,1.4625507225572614,0.27826660239941836,0.2584277585223901,0.2853023183035311,3.3551127412775035,3.294713633987015,3.49944736024672,0.026772047666921428,0.0115135957854806,0.04372873823461709,-1.6904368736894857,-1.9858189052499409,-1.24429010718268,0.05085815783515657,0.007889272757483294,0.1118670990998834,-3.754602642563383,-5.0129994189558715,-2.7076231395280965
0.4000000000000005,0.2040816326530613,0.0,0.0,0.0,0.51,,,0.993976907966008,0.768872355132617,0.978059916696716,2.9715418899435653,0.8936729415895284,3.038200256666896,3.325088801120287,3.252136075832891,0.5850053679,0.0,0.0,0.0,220.14,0.3263881115917558,0.3375840116886834,0.9647949004,0.5850053679,1.0,0.3130205025590105,0.3395856389194502,0.9667043606611544,0.5806968749960989,1449,RIT,-0.17713434875626832,15.30073209089457,4.173107790214681,0.015808657610918667,0.4708867591439869,0.015808657610918667,0.4708867591439869,0.04416467599840804,0.17861041925326282,-0.3927938775510203,3.9896510204081634,1.9294571428571432,0.8058805429710412,0.0,0.013145618369968656,1.7139660485900672,0.36085163153749455,0.13665707124131585,2.3592046553731865,-0.14465204081632638,1.8040183673469383,0.6321836734693871,0.18826441363717494,0.2183900020824658,0.23917163265306163,2.5807229317012483,4.953909183673472,0.025869161555951935,-1.937605324022137,0.0,0.0,0.0,1.0,0.0,0.03822267411500724,0.024194935118005516,0.04776155704339729,-7.6142247235168785,-9.998722979423455,-5.793373415030409,0.012156264749027312,0.009948177965460022,0.013993109195180287,-0.3179610350908375,-0.5461239652759362,-0.11457521477891053,0.05360917112675234,0.05110003568776318,0.05483037838970923,0.07385660492220347,0.024150283817331794,0.13013726746348997,0.951730091407212,0.9312116055158628,0.965773543004792,0.06495573153693224,0.04240026376571343,0.11080031369182099,0.17472138110745705,0.1711651154127291,0.17743982342289574,2.1246895015929943,2.078543816633045,2.1942284796230083,0.21601417269267897,0.21015207183983037,0.22184571928147137,3.347180148965516,3.302074399032155,3.436399359448229,0.022692176010013276,0.018077410632876906,0.02586763356682423,-0.4274249388722788,-0.563227171389876,-0.24090439060073443,0.04026791946173858,0.01369598568160469,0.06736651492653291,-2.1808468056617465,-3.357835046217362,-1.5169475985824237
0.7000000000000002,0.2422145328719723,0.0,0.0,0.0,0.36,0.2258839567539424,1.999183981026469,0.99361279006017,1.0429347151464,0.970082325661796,2.7978503970247983,0.8783304190303156,2.8841370706512857,3.185418990855001,3.0901186628558706,0.6670346209,0.0,0.0,0.0,88.74,0.378461604295042,0.3662667853208461,0.9538186506,0.6670346209,1.0,0.3804993433230282,0.3562468440587541,0.9544415030841792,0.6690097871088613,1377,RIT,0.3265881140705068,11.153498935176525,4.007055730052486,0.02396175247053387,2.141370632250485,0.02396175247053387,2.141370632250485,0.0628640706382123,0.16638685778444498,-0.36183148788927333,4.016940830449827,2.0146346020761245,0.9509984572182889,0.0,0.02308431348782734,1.7496076183442026,0.4575965863535246,0.06704961102622825,2.430026725081553,-0.09422128027681648,1.5691311418685119,0.41603114186851164,0.09523601320414665,0.30501450886603365,0.3615744290657442,6.180623266186942,5.839202595155712,0.027531877626598915,-2.6188364737988867,0.0,0.0,0.0,1.0,0.0,0.03858154460913599,0.01646593272159182,0.06568844330112507,-3.2538106534890847,-5.423414607406881,-0.38325337256159564,0.022788777261652182,0.021233357786190992,0.02445948966733202,0.776243812365905,0.6903148088060673,0.9087197373542276,0.05977562029636363,0.05803333655228254,0.06172531108094944,4.719940114189521,4.664231632155462,4.776992298233819,0.8970179143252104,0.885114111739752,0.9029460131116303,4.738952788676739,4.719524163271863,4.775462695898712,0.06507197285594746,0.05975869463826387,0.06742571424974128,1.8145871198400436,1.7675809237024689,1.8495178856901722,0.08626360338195221,0.08382678909815543,0.08869582478105073,1.0969619060793532,1.0635835123098767,1.162168202399724,0.02336871963116264,0.017630335229335915,0.028909420763963585,0.7586587078638282,0.5614643895235292,1.0241326330521165,0.03375883969921012,0.005390948462084478,0.055822778376939414,-1.4703936258060515,-4.631955909708875,-0.0026387727429195706
1.0,0.25,0.0,0.0,0.0,0.006,,,0.990666446746757,0.999790178211425,0.969764615698946,2.8088422336763084,0.8808868197234494,2.896416499638801,3.1886528107641934,3.0922426676281023,0.6863483955,0.0,0.0,0.0,0.0,0.3931592635733805,0.3573486617926846,0.9516065947,0.6863483955,1.0,0.39483117025625,0.35981440246,0.9515839428556588,0.686369879389307,1093,RIT,0.622746426583853,9.452534562211989,3.98027275310162,0.03046874999999999,2.3560937500000136,0.03046874999999999,2.3560937500000136,0.06765983724747235,0.16316441861161157,-0.35551,4.0225124999999995,2.032025,0.9802968749999998,0.0,0.0269135561201225,1.757068516912403,0.47721683137325066,0.0,3.141592653589793,-0.08392499999999997,1.5211750000000002,0.3718999999999999,0.0,0.0,0.38656500000000005,8.230348369807949,6.019950000000001,0.04241015624999989,-2.5925603071794048,0.0,0.0,0.0,1.0,0.0,0.042936338911619853,0.01287478826153607,0.07680428165912544,-2.8867562574771313,-5.058062642306627,0.1294925107875154,0.029874260842316258,0.0277004035699509,0.03124776217751352,1.1631422638076847,1.0775203284776853,1.3045174221626537,0.06563231036767347,0.06349661581052228,0.06775380020609018,5.100765603139139,5.048085255251776,5.167766589362547,0.9471988095693715,0.9352138349219663,0.9522516845198805,5.101648781899868,5.0790626993898895,5.142280919316124,1.4220427950074245e-06,2.860284853455123e-09,0.0003392781219947296,2.9948637757898204,0.11087696204633715,6.043207823244,1.060898870094166e-06,2.2953951019426534e-09,0.00024316199083700892,3.1331810448833326,0.13917490089671847,6.110155586363879,0.03276663809970615,0.026703519398170974,0.03850455799961456,1.37485577007164,1.2139308443814492,1.6470608064321703,0.02125866291292533,0.0053174010967139,0.039364080275496975,-0.7598432165859983,-2.1924784865657694,0.3454273932792251
1.0,0.25,0.0,0.0,0.0,0.7975,,,0.991115261411447,0.604952910336268,0.9896605460803096,2.35967075159381,0.9588559929359536,2.384323353032127,2.460922984241517,2.4354783844460446,0.5806936086,0.5169206402388842,0.0077073413816127,0.0135035254700012,0.0,0.270961604966723,0.2979864681199178,0.9839921446,0.5806936086,1.0,0.39483117025625,0.35981440246,0.9515839428556588,0.686369879389307,1319,RIT,0.622746426583853,9.452534562211989,3.98027275310162,0.03046874999999999,2.3560937500000136,0.03046874999999999,2.3560937500000136,0.05318184232351151,0.1791980354778104,-0.35551,4.0225124999999995,2.032025,0.9802968749999998,0.0,0.0269135561201225,1.757068516912403,0.47721683137325066,0.0,3.141592653589793,-0.08392499999999997,1.5211750000000002,0.3718999999999999,0.0,0.0,0.38656500000000005,8.230348369807949,6.019950000000001,0.04241015624999989,-2.5925603071794048,0.0,0.0,0.0,1.0,0.0,0.021427780770612692,0.001180190160853081,0.0376169228980635,-5.574884821282105,-7.382823214285935,-2.013451132958979,0.017485098251996734,0.015414689191637045,0.01844921978266206,5.379751006892854,5.2941902840409325,5.473353158613993,0.02803973652823466,0.027045731199231874,0.029694669809736864,2.3425638104507334,2.292539884750569,2.3851600041364405,0.5231268745690735,0.5070541256793719,0.5414671424039504,2.251262895525066,2.1941750671331453,2.2858205421647795,1.2743718753278945e-06,2.52900455192274e-09,0.0003915142750030067,2.920657538722599,0.08957522925778598,6.0425329797918925,1.461805963892319e-06,3.4829790246899355e-09,0.0003519645011366917,2.791646318062411,0.22164434236232164,6.1840027065308965,0.013273510841176006,0.01061986527561808,0.015493596659525061,2.1281702466797228,1.9476465399565672,2.363555759895158,0.05184193233046508,0.016332225298328066,0.0932330499169045,-0.25312905496998406,-3.8356821256893006,2.3150294030158585
0.999999931258116,0.2499999999999997,-6.39273815009e-06,-6.60907033441e-06,-6.50090423853223e-06,0.3326288,0.121083339370363,1.5030120035160586,0.9923367527462572,1.0668013504627096,0.9695776426729747,2.800940633144393,0.8801616103425657,2.888825515223964,3.182302659228963,3.0854895106071574,0.685296767665,0.0,0.0,0.0,,0.3929622332803371,0.3583170861852522,0.951250753665,0.685296767665,1.0,0.3948311790018167,0.3598139259591083,0.9515841192798172,0.6863678913176051,1361,SXS,,,,,,,,,,,,,,,,,,,,,,,,,,,,,,,,,,,,,,,,,,,,,,,,,,,,,,,,,,,,,,,,,,,,,,,,,,,,,,,,,,
0.7500000000000013,0.2448979591836735,0.0,0.0,0.0,0.16,,,0.989085871291315,0.900413003097076,0.970142218539046,2.809912757401404,0.8799008452250519,2.896392615129048,3.193442502811455,3.098093394454388,0.6721552425,0.0,0.0,0.0,68.19,0.3813957424746975,0.3567324824445137,0.95304318,0.6721552425,1.0,0.385416566825435,0.3574701254265389,0.9534713184168964,0.6750187370840793,1262,RIT,0.4260003573942982,10.549511866711324,3.9975928802337006,0.025960735080191092,2.224787943243811,0.025960735080191092,2.224787943243811,0.06426527080117404,0.16554725036719753,-0.3596526530612244,4.018861224489796,2.0206285714285714,0.9611101496825304,0.0,0.02436249195759436,1.752194615083263,0.46440132620896324,0.05515817928810085,2.4366878469005266,-0.09067244897959176,1.5526020408163264,0.4008204081632649,0.07813601475575616,0.3116678029987506,0.37018795918367364,6.780630176006653,5.901501020408165,0.0318067131257991,-2.6373216687780077,0.0,0.0,0.0,1.0,0.0,0.0397639607864303,0.014721365996436257,0.06929487290275302,-2.880288329047298,-5.086832125475297,-0.005590579469465062,0.025834994497057017,0.023740057667363312,0.02703187096916779,1.0056042046662848,0.9181775478230638,1.1595404447825925,0.06308333412810985,0.06123840676402334,0.06501627553932751,5.067831938663249,5.028904672184441,5.131874550974908,0.9419016448378384,0.9277611429363197,0.9496872209562437,5.054428665505122,5.030569863193229,5.094821115768371,0.05379497188918718,0.05266184071066357,0.05586022627453838,4.978318849674393,4.915771683621646,5.041780857683047,0.0734611889516742,0.0719889990681353,0.07598247922826805,4.6896098306350265,4.651494635969944,4.741811672661089,0.02775225675673154,0.02144080116499178,0.03359060599745209,1.3127036935489738,1.1374848868394278,1.6080822338011362,0.022113530492870348,0.004096365298134116,0.039539808645298845,-0.8946328815074858,-2.122856943332353,-0.06826466607257942
0.4999999999999993,0.222222222222222,0.0,0.0,0.0,0.6636,,,0.992723678809596,0.693121959116964,0.9883871233032352,2.956279914633168,0.948045487401201,2.991014193662443,3.1182891052379507,3.082076798353957,0.6363351755,0.0,0.0,0.0,189.49,0.3291158533686413,0.3518230439031864,0.9774100507,0.6363351755,1.0,0.3445819394768172,0.3473434123990122,0.9612091161354084,0.6233940746778821,1431,RIT,-0.18790136354779619,15.239396488866545,4.086138574069609,0.015762688614540447,1.3182228318853646,0.015762688614540447,1.3182228318853646,0.05398758844128319,0.17121493479028257,-0.37806444444444454,4.002633333333333,1.9699777777777774,0.8752373113854589,0.0,0.015516703337507386,1.7302072009968983,0.4061529083839812,0.11443919833057686,2.3879403292181074,-0.12066111111111122,1.6922777777777787,0.5293555555555562,0.16210699588477395,0.25775302469135775,0.2974011111111108,3.5843356544981253,5.375061111111108,0.016664783108566984,-2.161595516402621,0.0,0.0,0.0,1.0,0.0,0.025394054211393957,0.01880242963269208,0.03628898038165579,-2.123106023679354,-4.275287878138092,0.3473431663585545,0.0073695098645301105,0.005558647489808991,0.008935841465897152,1.8486129293907028,1.5972523804446714,2.1303673264546115,0.039746923584559446,0.03818704002441919,0.041507943291901925,5.597758310851707,5.539957206270586,5.635748420780397,0.6522203991368483,0.6411773134017349,0.6633696647431148,5.519445828041426,5.49284513571774,5.535690522395708,0.0908339935092517,0.08357607798904346,0.0959796746972395,-0.3970754130075309,-0.45943779350647507,-0.3572914182920268,0.1179950288195631,0.116762657485643,0.12060668271735907,-0.8117404328603977,-0.8360063991136171,-0.7823492666805549,0.006805527656940202,0.0036710580401538915,0.010697335178378304,3.7175279785118542,3.453120078141771,4.304870480704958,0.03604024082454671,0.00663351097249009,0.053762644282181665,-6.644980022681235,-10.249811881240705,-3.6271059053959283
1.0,0.25,0.0,0.0,0.0,0.414775,0.3153014183471421,5.996198620858905,0.99311531605125,1.02841994757164,0.9708079651270062,2.8345512613373827,0.8849362103080769,2.919785748736159,3.203113657594119,3.109608251999469,0.6915307195,0.9593782280029154,0.0125638427208022,0.0270440977710724,0.0,0.4007697279842693,0.3670810399885909,0.9517431076,0.6915307195,1.0,0.39483117025625,0.35981440246,0.9515839428556588,0.686369879389307,1288,RIT,0.622746426583853,9.452534562211989,3.98027275310162,0.03046874999999999,2.3560937500000136,0.03046874999999999,2.3560937500000136,0.06844609796426603,0.16227287821692624,-0.35551,4.0225124999999995,2.032025,0.9802968749999998,0.0,0.0269135561201225,1.757068516912403,0.47721683137325066,0.0,3.141592653589793,-0.08392499999999997,1.5211750000000002,0.3718999999999999,0.0,0.0,0.38656500000000005,8.230348369807949,6.019950000000001,0.04241015624999989,-2.5925603071794048,0.0,0.0,0.0,1.0,0.0,0.043862601227242504,0.01367170471519126,0.07753363848270542,-3.4298599725039,-5.571642799743853,-0.4425828388791375,0.03047496449832754,0.02851802635036219,0.03191461999996139,0.5979142593727637,0.5259846352781119,0.733367235693737,0.06808476373835641,0.06689173298673386,0.06958570638368197,4.531539630935787,4.487634459356922,4.595761308734498,0.9747415468096613,0.960682189387273,0.9823855079720509,4.566063754046509,4.542222388867429,4.607652236998552,9.088800963886228e-07,2.8966879908375987e-09,0.00033053683269554905,3.0640488877804035,0.11337946478479961,6.158194955589577,1.1167803497306057e-06,2.4533377241180024e-09,0.0004043990057873102,2.8740647353049775,0.1751876363783905,6.157724885933921,0.03409951634206165,0.02838859329744955,0.03992949755220246,0.3029590998765914,0.14371535541421587,0.5703825006918236,0.0388935941975217,0.0046780323550535295,0.06361088878720025,-1.5163020167833459,-4.4653335374092675,0.32721757251226763
1.0,0.25,0.0,0.0,0.0,0.08,0.0891505751021786,4.781416471701508,0.98979721533426,0.961854956924981,0.9703219589921028,2.821908060865405,0.8830494082045446,2.908218282307648,3.1956400566566647,3.10079972000873,0.687538035,0.951327884285008,0.0120584621655276,0.0333478311779818,0.0,0.3943112360417408,0.359204548531892,0.9518430766,0.687538035,1.0,0.39483117025625,0.35981440246,0.9515839428556588,0.686369879389307,1102,RIT,0.622746426583853,9.452534562211989,3.98027275310162,0.03046874999999999,2.3560937500000136,0.03046874999999999,2.3560937500000136,0.06783958854930243,0.1629607959126991,-0.35551,4.0225124999999995,2.032025,0.9802968749999998,0.0,0.0269135561201225,1.757068516912403,0.47721683137325066,0.0,3.141592653589793,-0.08392499999999997,1.5211750000000002,0.3718999999999999,0.0,0.0,0.38656500000000005,8.230348369807949,6.019950000000001,0.04241015624999989,-2.5925603071794048,0.0,0.0,0.0,1.0,0.0,0.04349881319962989,0.012855485462052792,0.07746433161040138,-7.11258496857444,-9.312285596503592,-4.116771223720385,0.030591081500309647,0.028583183170828537,0.03186516522315358,3.160719024236317,3.0834942099949787,3.302151748266758,0.06691196734613303,0.06507087203145369,0.06873105340454752,0.8687084861272115,0.8262530989504149,0.9330611722488339,0.9664221968085751,0.9525734816922439,0.9725838410445656,0.8645522461980788,0.8405671315748964,0.9068825684402503,1.5685033727356924e-06,3.858762774050276e-09,0.0004832241541629709,3.1898383244081727,0.1593227557864586,6.080402347576536,1.9066432904843675e-06,3.458552568037285e-09,0.0004553329377083331,2.976280623114504,0.08214364371416455,6.049654994839308,0.03364625308035174,0.027562687134892933,0.03953935246736449,-0.8273010830871397,-0.9917670329037627,-0.5440603277338543,0.02083328761616924,0.00348263577599335,0.038403151461619794,-0.7973130145338567,-2.2677928184172407,0.5121293219235408
0.6,0.2343749999999999,0.0,0.0,0.0,0.51,,,0.993083479638403,0.883025469045059,0.9724311088446412,2.8811116300596336,0.8839941577574798,2.962792534972191,3.259197591722156,3.1693451280621603,0.6529473204,0.0,0.0,0.0,155.89,0.3765189011335059,0.3489267302490759,0.9545170669,0.6529473204,1.0,0.3662667109852408,0.3527113535796874,0.9571899292820022,0.6513011211070794,1403,RIT,0.06720986804102091,12.945682506053204,4.036187802965097,0.019445141293108432,1.852697513103493,0.019445141293108432,1.852697513103493,0.0590086265458478,0.1686445695727831,-0.368196875,4.01133046875,1.9971234375,0.921378650665283,0.0,0.01965705721653513,1.7419899034765147,0.43751934203272236,0.09096421876791287,2.412011665344238,-0.1045890625,1.6174203125000002,0.46046875,0.1296405029296876,0.28599705078125,0.3364103125000001,4.856638693197723,5.6572000000000005,0.019396620303159386,-2.4688778948605195,0.0,0.0,0.0,1.0,0.0,0.042805556735968864,0.026827504569641305,0.06602948085113926,-2.0754641736476054,-10.793256570561505,0.4566405118202394,0.020153379595477694,0.01639951677384861,0.02305650183114152,1.162895259157034,0.9736610764167072,1.3561002064207242,0.06979127658792206,0.06704386182023689,0.0730504365458336,-0.4579610873515796,-0.5467790649266355,-0.36706407693034926,1.0836153418970498,1.0625931609695813,1.0972662106522324,-0.4371197614135416,-0.4612965954963455,-0.38706400705256083,0.11093707978831602,0.10500931992561702,0.11430227139691464,1.8997687472929308,1.83520774047553,1.9656720521116737,0.14751075192254848,0.14270658465724534,0.15181888038873848,2.6398534343887325,2.5913542423786082,2.736135366844635,0.022452859495587396,0.014934474396680232,0.029775296306101134,-3.285437180310468,-3.6519719823176686,-2.910367345997618,0.04179373973314848,0.007928343005720057,0.07448655947968744,-2.108479803857315,-4.099218787521972,-0.9609016809188597
0.7500000000000013,0.2448979591836735,0.0,0.0,0.0,0.04,0.0396772695658571,3.933260166482892,0.990468089451221,0.962581989767275,0.970944830758834,2.8236587955110903,0.8830816397703225,2.908155753096994,3.1975059477462198,3.104601871284818,0.6753015718,0.0,0.0,0.0,73.35,0.3839982301558525,0.3599848252269169,0.9536649939,0.6753015718,1.0,0.385416566825435,0.3574701254265389,0.9534713184168964,0.6750187370840793,1250,RIT,0.4260003573942982,10.549511866711324,3.9975928802337006,0.025960735080191092,2.224787943243811,0.025960735080191092,2.224787943243811,0.0647191791444803,0.16502625479449737,-0.3596526530612244,4.018861224489796,2.0206285714285714,0.9611101496825304,0.0,0.02436249195759436,1.752194615083263,0.46440132620896324,0.05515817928810085,2.4366878469005266,-0.09067244897959176,1.5526020408163264,0.4008204081632649,0.07813601475575616,0.3116678029987506,0.37018795918367364,6.780630176006653,5.901501020408165,0.0318067131257991,-2.6373216687780077,0.0,0.0,0.0,1.0,0.0,0.03978365191645831,0.015026237099919442,0.06943065403367152,-2.925600046674259,-5.101164874927038,-0.040382270911914375,0.02556962365206239,0.023519424979709335,0.026674614559252664,1.0178046095466642,0.9276568308762052,1.1676842816596453,0.0628581856606748,0.06103940404991759,0.06479987358773531,5.022296783438131,4.978080545840091,5.082268601885199,0.9310443493554215,0.9188294126805823,0.9356941088928956,5.012955693199683,4.992200399033093,5.0518077224929865,0.053934841228727014,0.052281788833843726,0.05562025685860988,1.863010577887207,1.8132798640146701,1.9116672142007523,0.07301411540737623,0.07138354487522058,0.07473265996769671,1.5008529497334677,1.4651590299567645,1.5591262707646358,0.027415743316682284,0.021740067469986527,0.033198223771781936,1.2450618622678937,1.0829457808265133,1.528878703954038,0.021320218687128745,0.0038849912371677954,0.038230303485936215,-0.8172407893070197,-2.1388703712043053,-0.0013499966879457759
0.7999999999999985,0.2469135802469135,0.0,0.0,0.0,0.19,0.0682148836715925,4.408643132251662,0.994366681600048,1.19606904263124,0.9706912576988104,2.823699149115376,0.8830390734901187,2.9089570208033373,3.197705779830334,3.103985045174262,0.6800966454,0.0,0.0,0.0,57.8,0.3893968275912889,0.3595677544797127,0.9530330214,0.6800966454,1.0,0.3891256046145102,0.3583933726890412,0.9527324493167656,0.6795146807490542,1353,RIT,0.5028462423056482,10.106837059522054,3.990647173447231,0.027627491095340576,2.2812137574892404,0.027627491095340576,2.2812137574892404,0.0659327374038682,0.16422438936855563,-0.35801604938271614,4.0203037037037035,2.0251308641975303,0.9686962052231571,0.0,0.025352588670204106,1.7541277574781549,0.469484522925366,0.043442380310503216,2.4418658261218082,-0.08800679012345691,1.5401864197530875,0.38939506172839566,0.061382241866924474,0.3167135490016765,0.37665790123456755,7.2984070651607516,5.948295679012343,0.035589057653982833,-2.6339908286138543,0.0,0.0,0.0,1.0,0.0,0.04190243144855743,0.015015562775152532,0.07464045066083091,-3.911816721342448,-6.191533227825872,-1.0076969174499544,0.028242641797124213,0.025544395759053474,0.030511486204694814,-0.07630688956445109,-0.17907764718655894,0.08896994169092005,0.06581371757815924,0.06400256806202571,0.06843144390184674,3.966661102924215,3.902918973381186,4.043571381927548,0.9660251126502676,0.950256035517434,0.9742538880546651,3.9552351768396607,3.931840849965752,3.998928045993327,0.042578293228431874,0.04059862795395407,0.04426812838003651,1.2855739113459492,1.2127477522461074,1.356120532826294,0.05911002338485494,0.05794601886948522,0.0613450738210487,-0.09607828864440626,-0.13749098145020167,-0.03307007942425333,0.030849899629641353,0.024675836450499047,0.03688345120365995,-0.9063711335330131,-1.0756141126468162,-0.6020882955826892,0.06195805886039807,0.015805250656792193,0.09344821764585076,-6.90646292650764,-10.592822023367605,-2.7595201700512715
0.7500000000000013,0.2448979591836735,0.0,0.0,0.0,0.01,,,0.990813317743105,0.97750663156003,0.97088836449328,2.823286457158343,0.8828577749630575,2.9079413868883424,3.197894991949843,3.1047990385554343,0.6749407378,0.0,0.0,0.0,73.18,0.3840852216499411,0.3565709194898829,0.9535034415,0.6749407378,1.0,0.385416566825435,0.3574701254265389,0.9534713184168964,0.6750187370840793,1246,RIT,0.4260003573942982,10.549511866711324,3.9975928802337006,0.025960735080191092,2.224787943243811,0.025960735080191092,2.224787943243811,0.06466698047853901,0.16508621851315872,-0.3596526530612244,4.018861224489796,2.0206285714285714,0.9611101496825304,0.0,0.02436249195759436,1.752194615083263,0.46440132620896324,0.05515817928810085,2.4366878469005266,-0.09067244897959176,1.5526020408163264,0.4008204081632649,0.07813601475575616,0.3116678029987506,0.37018795918367364,6.780630176006653,5.901501020408165,0.0318067131257991,-2.6373216687780077,0.0,0.0,0.0,1.0,0.0,0.04017452500612817,0.015353414342914682,0.0702602294093096,-3.0976092796820724,-5.287962270801201,-0.22476595651842501,0.025799870393845126,0.023444953733731372,0.027245293251993936,0.8082648730428185,0.706477348975408,0.9592050697162612,0.06374965984896275,0.061836932021293554,0.06594213916122367,4.84647591971859,4.797530406128962,4.9087914252638365,0.9439014889550588,0.930856250218481,0.9496570307801336,4.838793749331829,4.81733118111822,4.878808550026326,0.05469694072498299,0.0533834064938276,0.05662711905977798,1.737180405292328,1.688988629367311,1.7875508619634617,0.07398984873383851,0.07213126740682166,0.07588864118573244,1.2315997528569247,1.1906782460715886,1.2900986022128813,0.027876395019510336,0.02192849530982544,0.03377599376578482,0.88527856323328,0.7190465357061382,1.17748557082134,0.02162498284150082,0.0031640099086148892,0.03856890160407689,-0.8776754771367636,-2.173922128028333,-0.022270711283401745
0.4999999999999993,0.222222222222222,0.0,0.0,0.0,0.23,,,0.989369948514191,0.782589324505664,0.9740640459142096,2.8607981928381694,0.884801722471208,2.936971346841123,3.23326471929564,3.149406913988782,0.6184841293,0.0,0.0,0.0,139.51,0.3415565549258355,0.3352905371623933,0.9603210151,0.6184841293,1.0,0.3445819394768172,0.3473434123990122,0.9612091161354084,0.6233940746778821,1228,RIT,-0.18790136354779619,15.239396488866545,4.086138574069609,0.015762688614540447,1.3182228318853646,0.015762688614540447,1.3182228318853646,0.05183435822675437,0.17387553939002473,-0.37806444444444454,4.002633333333333,1.9699777777777774,0.8752373113854589,0.0,0.015516703337507386,1.7302072009968983,0.4061529083839812,0.11443919833057686,2.3879403292181074,-0.12066111111111122,1.6922777777777787,0.5293555555555562,0.16210699588477395,0.25775302469135775,0.2974011111111108,3.5843356544981253,5.375061111111108,0.016664783108566984,-2.161595516402621,0.0,0.0,0.0,1.0,0.0,0.033195076492515456,0.025850815192106857,0.042292769810775635,-3.813556080503953,-6.239859725841856,-1.472938945383584,0.008964569803335931,0.006430437218599137,0.010336351246814429,-0.8787994535845078,-1.1228860869564015,-0.6056823191098992,0.05313234880894924,0.05225922191979143,0.05478564594260182,3.9607741264685843,3.9016979049938127,4.022443107697251,0.9012512468234697,0.8836743688321538,0.9141269001790062,3.9212404088531723,3.9035332748527694,3.9605577185689618,0.12547551707601332,0.12286606530533929,0.12863310555202498,1.1257829313830374,1.083311005435419,1.192549581685212,0.16017555173141096,0.1562114027005636,0.16326662388069543,-0.2304634035939077,-0.26098503195163847,-0.1725104381670608,0.011411712788258255,0.005636095632005161,0.01940493966640343,0.06677584041625884,-0.11682188899681112,0.5260776602492825,0.025218573980370307,0.011289597091104485,0.04178459050845784,-1.436404488999187,-2.1369090902923045,-0.8751159438227205
1.0,0.25,0.0,0.0,0.0,0.185,,,0.988562507209312,0.905304081091307,0.970786659175597,2.855561690824344,0.8848534752666335,2.9414925141733197,3.227157682760839,3.1328816254802563,0.6908829013,1.0120376672585911,0.0125986074802651,0.0337659097252844,0.0,0.4027129214281199,0.3584234841358196,0.9508997624,0.6908829013,1.0,0.39483117025625,0.35981440246,0.9515839428556588,0.686369879389307,1114,RIT,0.622746426583853,9.452534562211989,3.98027275310162,0.03046874999999999,2.3560937500000136,0.03046874999999999,2.3560937500000136,0.06834735083835514,0.16238497413092767,-0.35551,4.0225124999999995,2.032025,0.9802968749999998,0.0,0.0269135561201225,1.757068516912403,0.47721683137325066,0.0,3.141592653589793,-0.08392499999999997,1.5211750000000002,0.3718999999999999,0.0,0.0,0.38656500000000005,8.230348369807949,6.019950000000001,0.04241015624999989,-2.5925603071794048,0.0,0.0,0.0,1.0,0.0,0.04582558610339482,0.014394351802350342,0.08186842142634074,-4.387785503176836,-6.668367483232366,-1.463544140794724,0.03244207858193893,0.030424320587472922,0.033951128472792705,-0.5689493118634051,-0.652142776965988,-0.4076671473941875,0.07182121126476262,0.06958477667060524,0.07389362254406101,3.574109088460812,3.5282938132421426,3.6456654906742427,1.0299704797426026,1.0136855659069786,1.0390567424381763,3.5652729511928576,3.537640276426537,3.612773121026816,1.0552298438011505e-06,2.7553169458673997e-09,0.00027713816007792375,3.418525060978897,0.13379281865965317,6.195487753420616,2.445682262127454e-06,2.816195469613413e-09,0.0006029058402884151,3.209746183766018,0.17600461762215658,6.134392473764041,0.036692316921964285,0.029931659057036413,0.043070147868390585,-1.746244470760482,-1.9110548072048807,-1.4453258068279347,0.02190517345891935,0.0010702891362126404,0.040104551207879174,-6.443347923747485,-8.136908015096132,-2.414886234523035
0.4999999999999993,0.222222222222222,0.0,0.0,0.0,0.008,,,0.991694343583614,0.888268768867245,0.9748777868864904,2.87518522920871,0.8883700735705782,2.9492776098543736,3.236472405753868,3.1551650562405262,0.6234957255,0.0,0.0,0.0,146.53,0.3444583473473855,0.3494387311162654,0.961275639,0.6234957255,1.0,0.3445819394768172,0.3473434123990122,0.9612091161354084,0.6233940746778821,1204,RIT,-0.18790136354779619,15.239396488866545,4.086138574069609,0.015762688614540447,1.3182228318853646,0.015762688614540447,1.3182228318853646,0.05243217488623956,0.17313871241032086,-0.37806444444444454,4.002633333333333,1.9699777777777774,0.8752373113854589,0.0,0.015516703337507386,1.7302072009968983,0.4061529083839812,0.11443919833057686,2.3879403292181074,-0.12066111111111122,1.6922777777777787,0.5293555555555562,0.16210699588477395,0.25775302469135775,0.2974011111111108,3.5843356544981253,5.375061111111108,0.016664783108566984,-2.161595516402621,0.0,0.0,0.0,1.0,0.0,0.03172370997880791,0.02431157172280384,0.043502373187504904,-7.569425717107501,-9.91780471522106,-5.16136888423803,0.008739177174313495,0.006249980859712343,0.010443514712228007,2.0344717603912983,1.7432565896261853,2.2865170372101544,0.05045452395502053,0.04903237796298263,0.05255331041411045,0.299955109117252,0.22720952475685818,0.3537580793826412,0.8397012585990349,0.8276078239568356,0.844855868051357,0.2690472005961986,0.25215638913412564,0.30205945787750116,0.11474394239109897,0.11211993119912839,0.11742363486642528,-0.49325192929425143,-0.5398208511463958,-0.43744710896097594,0.1497575069656929,0.14792009364273792,0.1532742259676643,0.6315876412956714,0.609677578750942,0.6752490141746573,0.009649262017161542,0.00438964491350359,0.016126632879255018,-0.8534073953097481,-1.076595336558431,-0.2582302531792182,0.0218944246395608,0.007531719975969945,0.0365599607923567,-0.9764177157460616,-1.8266739314446223,-0.4597506626462424
0.4000000000000005,0.2040816326530613,0.0,0.0,0.0,0.7975,,,0.992745463508584,0.494275085442392,0.9919074309244732,2.377009846987725,0.9605068612318114,2.3964029030131515,2.47474530680531,2.4547182594656523,0.4784970576,0.0,0.0,0.0,116.6,0.2122769134576372,0.2639311310472827,0.9884845201,0.4784970576,1.0,0.3130205025590105,0.3395856389194502,0.9667043606611544,0.5806968749960989,1457,RIT,-0.17713434875626832,15.30073209089457,4.173107790214681,0.015808657610918667,0.4708867591439869,0.015808657610918667,0.4708867591439869,0.03394407121497726,0.19190486091839037,-0.3927938775510203,3.9896510204081634,1.9294571428571432,0.8058805429710412,0.0,0.013145618369968656,1.7139660485900672,0.36085163153749455,0.13665707124131585,2.3592046553731865,-0.14465204081632638,1.8040183673469383,0.6321836734693871,0.18826441363717494,0.2183900020824658,0.23917163265306163,2.5807229317012483,4.953909183673472,0.025869161555951935,-1.937605324022137,0.0,0.0,0.0,1.0,0.0,0.011373667892201178,0.0074588833861573434,0.015578291131449224,-5.2867276303530035,-7.873623667643722,-3.2108259236048062,0.0036344553244126443,8.89199612033755e-09,0.005047412501142153,3.1537197523920386,0.541814381094512,5.520031372877897,0.017295210941614902,0.01563045178829457,0.018304200037214786,2.2721861990714816,2.095866035556868,2.326033529230456,0.41880977740892344,0.4045336510217005,0.4393295684092823,2.1719828548150693,2.135183573682836,2.207494139131023,0.08164383348194226,0.07872554221532653,0.08456787358592605,4.256143398745742,4.201456936871312,4.285763229908465,0.0808950192647413,0.07949905692902241,0.08224988257745763,0.24790915849942197,0.2271999136129207,0.27908974519171525,0.011161032857787023,0.009325756858093136,0.012517252445797305,3.9515636778977234,3.8384023739165642,4.187207140163443,0.0391839721520314,0.014570552598886035,0.05944161234940496,-0.14924325081227252,-3.780476869264685,1.9111002153480618
1.0,0.25,0.0,0.0,0.0,0.5376,,,0.992473809647863,0.914151064508136,0.971220481756756,2.783121718184966,0.8865384483676504,2.865592077661727,3.139313047628585,3.048965130503105,0.6849340991,0.8672288959934775,0.01239136212923,0.0242170356280991,0.0,0.3813077322271488,0.3625775457209457,0.954648537,0.6849340991,1.0,0.39483117025625,0.35981440246,0.9515839428556588,0.686369879389307,1307,RIT,0.622746426583853,9.452534562211989,3.98027275310162,0.03046874999999999,2.3560937500000136,0.03046874999999999,2.3560937500000136,0.06744670741832721,0.1634056853391646,-0.35551,4.0225124999999995,2.032025,0.9802968749999998,0.0,0.0269135561201225,1.757068516912403,0.47721683137325066,0.0,3.141592653589793,-0.08392499999999997,1.5211750000000002,0.3718999999999999,0.0,0.0,0.38656500000000005,8.230348369807949,6.019950000000001,0.04241015624999989,-2.5925603071794048,0.0,0.0,0.0,1.0,0.0,0.04008318933180999,0.012913106370516715,0.07046002586967597,-2.969044751360134,-5.059561352477791,0.09639758519189369,0.027936798371441102,0.025816867100213955,0.029188320966652866,1.22490739824299,1.151986240870787,1.3453653828981995,0.0603749351943883,0.05842495398425764,0.06269057846072823,4.937521743670798,4.902174551275562,4.9896512369871555,0.8715166349833721,0.8607731932766017,0.8863568638543414,4.954402026230456,4.924406432292433,4.9918283303122974,2.038355568046106e-06,2.5226142064375488e-09,0.00037089406304171457,2.959868392769992,0.16879677098445747,6.109089691928033,1.2602898499294058e-06,3.149430230941031e-09,0.0003599611525643812,3.033825402785462,0.22784100668502857,6.0638607969704,0.029623957895057784,0.024643313467187716,0.034748510093600214,1.1432001728342984,0.9965837348587769,1.3926967929886076,0.032370341865810004,0.005435404177500947,0.049938060435972376,-1.1974836733503387,-4.565395665275906,0.38078788059680146
1.0,0.25,0.0,0.0,0.0,0.5644,,,0.992333794152879,0.887264268493197,0.9739490898505988,2.988262690789307,0.89715365924162,3.068191881823821,3.330825951616068,3.2440549040272244,0.7036044709,1.3014351567936775,0.0093941935858555,0.0543284895034359,0.0,0.4443454185449089,0.3650435354832275,0.9471965554,0.7036044709,1.0,0.39483117025625,0.35981440246,0.9515839428556588,0.686369879389307,1311,RIT,0.622746426583853,9.452534562211989,3.98027275310162,0.03046874999999999,2.3560937500000136,0.03046874999999999,2.3560937500000136,0.0703112984658112,0.16014864258727793,-0.35551,4.0225124999999995,2.032025,0.9802968749999998,0.0,0.0269135561201225,1.757068516912403,0.47721683137325066,0.0,3.141592653589793,-0.08392499999999997,1.5211750000000002,0.3718999999999999,0.0,0.0,0.38656500000000005,8.230348369807949,6.019950000000001,0.04241015624999989,-2.5925603071794048,0.0,0.0,0.0,1.0,0.0,0.05926332773769993,0.024424423427002954,0.09519255415348436,-2.5640990948227866,-5.226945650729936,0.06354720583965655,0.04064463288802733,0.035416211444631876,0.04475375243009258,0.524345574784963,0.363596105359222,0.7775188448601068,0.09609679439679165,0.09307476485347346,0.09969031488322905,5.256091336251352,5.188168041069323,5.36408121247413,1.3451360235901249,1.3012208911258292,1.3761152059610562,-0.999850191725276,-1.0337530562772024,-0.9322433148052998,1.5673322380792413e-06,2.4626729713178525e-09,0.00036351870748036743,3.2606722179101904,0.1798690618711125,6.074151482099637,3.063021756745033e-06,2.687668289793365e-09,0.0005265960320124442,3.0728662424741957,0.18808604248336003,6.166730962055428,0.05196178645127647,0.042079784129193484,0.05955917350390775,-4.733219289673055,-4.9853594402951025,-4.30784051595429,0.059457308748197435,0.013871767560970404,0.10906667132675955,-7.02668823138754,-10.705988857893015,-2.8254990165795713
0.4999999999999993,0.222222222222222,0.0,0.0,0.0,0.07,0.0830067545772897,1.1260188722544058,0.991045943143385,0.860062537194746,0.9747286550942308,2.8763156630624023,0.8877158898890677,2.950888586305424,3.2401308750053324,3.158248410123241,0.6231431265,0.0,0.0,0.0,145.58,0.3449891199102207,0.3481462339366601,0.9609974369,0.6231431265,1.0,0.3445819394768172,0.3473434123990122,0.9612091161354084,0.6233940746778821,1212,RIT,-0.18790136354779619,15.239396488866545,4.086138574069609,0.015762688614540447,1.3182228318853646,0.015762688614540447,1.3182228318853646,0.052389946980385495,0.17319080992657257,-0.37806444444444454,4.002633333333333,1.9699777777777774,0.8752373113854589,0.0,0.015516703337507386,1.7302072009968983,0.4061529083839812,0.11443919833057686,2.3879403292181074,-0.12066111111111122,1.6922777777777787,0.5293555555555562,0.16210699588477395,0.25775302469135775,0.2974011111111108,3.5843356544981253,5.375061111111108,0.016664783108566984,-2.161595516402621,0.0,0.0,0.0,1.0,0.0,0.03210315268522268,0.025033986044911718,0.04316027719948853,-4.407239519444969,-6.766001902336703,-2.0105637893840678,0.008772813363490863,0.006202184713686249,0.010057365632509257,5.1142811014594125,4.888002023179848,5.362984885514947,0.05123441058567761,0.050187130332703764,0.053117916894079346,3.4623076472852437,3.406704001311845,3.5172838953430348,0.8524729552932325,0.8397165250111579,0.8591307104444854,3.4278062793499977,3.4106727009963587,3.461877340805682,0.11811371597065179,0.11584308794102953,0.12047845947190049,4.1886293690648895,4.149392370042816,4.239562909963306,0.15207766846021686,0.1496625709399927,0.1551780526282644,2.2189534242705036,2.196943951434067,2.2686253344701086,0.009872841926805376,0.004745608820052882,0.01658227763106317,-0.8392782663440999,-1.0157963621037513,-0.2273948659197469,0.022265421242122718,0.007044216607107969,0.03749318946211142,-1.083810508428519,-1.9126326990448757,-0.5472750495987864
0.4999999999999993,0.222222222222222,0.0,0.0,0.0,0.13,,,0.990417897397493,0.831856056652837,0.975553722924742,2.904605213563208,0.8913363992027294,2.977391347403305,3.258708178148318,3.1790448951178947,0.6260749935,0.0,0.0,0.0,142.46,0.3484652131328848,0.347202403912533,0.9611501969,0.6260749935,1.0,0.3445819394768172,0.3473434123990122,0.9612091161354084,0.6233940746778821,1218,RIT,-0.18790136354779619,15.239396488866545,4.086138574069609,0.015762688614540447,1.3182228318853646,0.015762688614540447,1.3182228318853646,0.05274185289865046,0.1727564351239376,-0.37806444444444454,4.002633333333333,1.9699777777777774,0.8752373113854589,0.0,0.015516703337507386,1.7302072009968983,0.4061529083839812,0.11443919833057686,2.3879403292181074,-0.12066111111111122,1.6922777777777787,0.5293555555555562,0.16210699588477395,0.25775302469135775,0.2974011111111108,3.5843356544981253,5.375061111111108,0.016664783108566984,-2.161595516402621,0.0,0.0,0.0,1.0,0.0,0.03360680241729266,0.026417138195388983,0.04389276056464491,-2.8367243150047394,-5.229217028357121,-0.4788071996162424,0.009122815669599604,0.00716005426184729,0.01035927519209737,0.2320470470319408,0.037481416950914226,0.46809213451562653,0.053793014541519524,0.052818195107374774,0.05533432684285781,4.941092669234066,4.892537485225917,4.99342015585485,0.8928568157838792,0.8773953720489629,0.9003150157196639,4.900607847344838,4.881154839554771,4.93908489384807,0.12255438254768025,0.12087008314938864,0.12540811881899216,4.832370137880137,4.788517992623463,4.894323310799182,0.15997184266629605,0.15667586334910974,0.1633953780289493,4.412563366446013,4.386869760146456,4.4660778991077965,0.01081315319660514,0.004974267255229409,0.018430528206614193,2.040856249105704,1.8392785725944418,2.5473148026901193,0.023136035453011523,0.009533126198958292,0.039209823847549403,-1.327321679925951,-2.0572006647147187,-0.7251476122716056
0.4999999999999993,0.222222222222222,0.0,0.0,0.0,0.4671,0.4178273390964866,6.142749873989314,0.993637457887452,0.872377638198936,0.9760217228747609,2.890081716514288,0.8933914079276867,2.961083394744413,3.234955799740821,3.157387133086736,0.6281704195,0.0,0.0,0.0,131.43,0.3472151929601159,0.3568670636426958,0.9624799536,0.6281704195,1.0,0.3445819394768172,0.3473434123990122,0.9612091161354084,0.6233940746778821,1425,RIT,-0.18790136354779619,15.239396488866545,4.086138574069609,0.015762688614540447,1.3182228318853646,0.015762688614540447,1.3182228318853646,0.052994456505562254,0.172444324266319,-0.37806444444444454,4.002633333333333,1.9699777777777774,0.8752373113854589,0.0,0.015516703337507386,1.7302072009968983,0.4061529083839812,0.11443919833057686,2.3879403292181074,-0.12066111111111122,1.6922777777777787,0.5293555555555562,0.16210699588477395,0.25775302469135775,0.2974011111111108,3.5843356544981253,5.375061111111108,0.016664783108566984,-2.161595516402621,0.0,0.0,0.0,1.0,0.0,0.030903055301479188,0.02333956759966689,0.040451112329624436,-5.839779496583477,-8.185341963156144,-3.405824942096218,0.007953501434347698,0.004533603084161849,0.011252580700883362,3.923223843971083,3.52281000613607,4.203640839156976,0.048681697089899,0.04480445503435118,0.051499540792999114,2.026644295166906,1.9509535635529094,2.072442703286605,0.8091262196594975,0.7994185334308777,0.8148848132875506,2.021299465881449,2.0080499786618633,2.050863599405519,0.11163142497066614,0.10718160234338958,0.11705332354571756,0.454575263520291,0.4026486444714073,0.49412264437504,0.1453052915833597,0.1413204811209816,0.1476334481811118,3.2942414994779186,3.2617139251329315,3.335140984892342,0.008750892960368684,0.004470715391684719,0.015701964058837593,2.7160079653369937,2.418645331354755,3.3631739670821945,0.030227822594809273,0.007644592883913969,0.0511754850482081,-1.36737063143292,-4.2836359763160115,-0.08842188320586342
1.0,0.25,0.0,0.0,0.0,0.3,,,0.987208378409897,0.839005279763151,0.9759245538761684,2.989405134834632,0.9048574697167966,3.063151882961997,3.3037304049335634,3.224191621561921,0.7043995768,1.2091683432252631,0.0135402745448983,0.0379279811972733,0.0,0.4223707956797874,0.3526583850158111,0.9517028262,0.7043995768,1.0,0.39483117025625,0.35981440246,0.9515839428556588,0.686369879389307,1124,RIT,0.622746426583853,9.452534562211989,3.98027275310162,0.03046874999999999,2.3560937500000136,0.03046874999999999,2.3560937500000136,0.07043582043717565,0.16000634411747405,-0.35551,4.0225124999999995,2.032025,0.9802968749999998,0.0,0.0269135561201225,1.757068516912403,0.47721683137325066,0.0,3.141592653589793,-0.08392499999999997,1.5211750000000002,0.3718999999999999,0.0,0.0,0.38656500000000005,8.230348369807949,6.019950000000001,0.04241015624999989,-2.5925603071794048,0.0,0.0,0.0,1.0,0.0,0.0547635373087606,0.019827226723276924,0.09365512601080578,-4.798206450613147,-7.387240695198287,-2.097894112551937,0.038703813711978396,0.034076527474330175,0.040841503246980056,4.7419468462763685,4.630107848629404,4.969659578955788,0.08883037570602015,0.08622697433860145,0.09142172712412258,3.015320776149715,2.959769400595244,3.1218379529100937,1.239142053146297,1.2088582126946608,1.2672030257127338,2.98866377569105,2.9433386380632394,3.059836566199202,1.0291156489675827e-06,2.5900462464574983e-09,0.00033797488896691804,2.9228734245709935,0.0950373593027957,6.108046323994014,3.0703055571688355e-06,2.847601436248521e-09,0.000729697675851454,3.1136067095524163,0.11137886450115189,6.22529022212648,0.047460060958329664,0.03871336770135868,0.055002156755940335,-2.98913081863078,-3.2031164045016696,-2.5963559425624685,0.026180806287275704,0.007685326918528695,0.045725806219016896,-6.639206416798421,-9.056123911060983,-2.6587966679917536
1.0,0.25,0.0,0.0,0.0,0.002,,,0.990713391249364,1.00179980873818,0.9697317800608484,2.8083143270707547,0.8807594505199627,2.895970189710128,3.188514554584508,3.0920038947671573,0.6863725675,0.0,0.0,0.0,0.0,0.3932477205411836,0.3658343816886713,0.9516130044,0.6863725675,1.0,0.39483117025625,0.35981440246,0.9515839428556588,0.686369879389307,1091,RIT,0.622746426583853,9.452534562211989,3.98027275310162,0.03046874999999999,2.3560937500000136,0.03046874999999999,2.3560937500000136,0.06766348524889712,0.16316028750633724,-0.35551,4.0225124999999995,2.032025,0.9802968749999998,0.0,0.0269135561201225,1.757068516912403,0.47721683137325066,0.0,3.141592653589793,-0.08392499999999997,1.5211750000000002,0.3718999999999999,0.0,0.0,0.38656500000000005,8.230348369807949,6.019950000000001,0.04241015624999989,-2.5925603071794048,0.0,0.0,0.0,1.0,0.0,0.04277352187948591,0.013094010531335227,0.07569968878672502,-1.1417604372939159,-3.306336181918607,1.884111596516653,0.029816207955510765,0.02797088197500605,0.031170980196015288,2.9275067019157346,2.850966864459947,3.0635124841814325,0.06512818766723394,0.06352472225186406,0.0668042750899275,0.5672554998736372,0.5223944537337512,0.6315862572394265,0.9428572813886347,0.9300684827817316,0.9482883307601616,0.56990615726013,0.5464917291225819,0.6101074558830729,2.3676524185994645e-06,2.4076601840589198e-09,0.00028123213698638417,3.184504686288095,0.11583849314283187,6.099910724367833,2.564079417304687e-06,2.7385502947407616e-09,0.0004901898539043187,3.036991648608094,0.14627000392736486,6.0043226274695,0.032546003463432394,0.026639447404872764,0.038283498717157895,-1.4010054692905056,-1.5550352723844707,-1.1272023019789623,0.020749765107998648,0.005538334275563978,0.038292245231742586,-0.7087803727881887,-2.135641591914994,0.5246150559232681
0.9999997899019952,0.2499999999999971,3.64588269016e-06,3.37933327344e-06,3.512607995800376e-06,0.0,0.1749501649267629,3.838064021601223,0.9925110984794376,1.060810909613465,0.970128820347809,2.796956864391501,0.8822998561388615,2.8830777992851924,3.1700751676778007,3.075381282833148,0.686065767534,0.0,0.0,0.0,,0.3913807099902812,0.3598814850636245,0.952282055784,0.686065767534,1.0,0.3948311655308722,0.3598146599267098,0.9515838475285564,0.6863709535952803,1363,SXS,,,,,,,,,,,,,,,,,,,,,,,,,,,,,,,,,,,,,,,,,,,,,,,,,,,,,,,,,,,,,,,,,,,,,,,,,,,,,,,,,,
0.4999999999999993,0.222222222222222,0.0,0.0,0.0,0.75,,,0.99232158423958,0.597518930273234,0.99045035559137,2.608631180138417,0.9572317905049106,2.6337828699964234,2.725182349786402,2.699157827397267,0.5690175626,0.0,0.0,0.0,144.97,0.2653629682259138,0.3125096236914064,0.9845741559,0.5690175626,1.0,0.3445819394768172,0.3473434123990122,0.9612091161354084,0.6233940746778821,1433,RIT,-0.18790136354779619,15.239396488866545,4.086138574069609,0.015762688614540447,1.3182228318853646,0.015762688614540447,1.3182228318853646,0.04618938217373544,0.1807656220156404,-0.37806444444444454,4.002633333333333,1.9699777777777774,0.8752373113854589,0.0,0.015516703337507386,1.7302072009968983,0.4061529083839812,0.11443919833057686,2.3879403292181074,-0.12066111111111122,1.6922777777777787,0.5293555555555562,0.16210699588477395,0.25775302469135775,0.2974011111111108,3.5843356544981253,5.375061111111108,0.016664783108566984,-2.161595516402621,0.0,0.0,0.0,1.0,0.0,0.01719570044907004,0.011092331300962828,0.026300690670729814,-4.299855686681082,-6.415909251156001,-1.7149081901758283,0.0063229062183165485,0.004328569000184572,0.007555873673979325,-0.17448017228509127,-0.5521321446778193,-0.005678104969966569,0.026690098779158955,0.025755494063775686,0.028826285514445923,3.505211705168366,3.462742556262854,3.5553946284012934,0.5007566000176533,0.4870713673011291,0.5171008637285885,3.3907368899365045,3.3383067728623,3.421479571215684,0.07400383554120804,0.06727359541960062,0.07772717273224837,5.011663752927741,4.9529596282718575,5.055390731483453,0.08140021224441096,0.08032226966612203,0.08310517354984925,2.2097148445662955,2.1940511540973557,2.2336540810646017,0.006569408885195527,0.004064087007101862,0.009201770689054657,-0.43224097372335724,-0.6158290743139965,-0.04921169784092516,0.039753533618153036,0.020976324389274936,0.06872945566852384,-0.2618309886793465,-3.8387339004419316,2.320707981776641
0.7500000000000013,0.2448979591836735,0.0,0.0,0.0,0.14,,,0.98931638691787,0.911069149201078,0.971342607957471,2.827492469170488,0.8846590266519765,2.910911604213584,3.196138154912897,3.1045451707854728,0.6759688971,0.0,0.0,0.0,75.17,0.3833682788962907,0.3614414768077267,0.9542565207,0.6759688971,1.0,0.385416566825435,0.3574701254265389,0.9534713184168964,0.6750187370840793,1260,RIT,0.4260003573942982,10.549511866711324,3.9975928802337006,0.025960735080191092,2.224787943243811,0.025960735080191092,2.224787943243811,0.06481581351294492,0.16491521936083486,-0.3596526530612244,4.018861224489796,2.0206285714285714,0.9611101496825304,0.0,0.02436249195759436,1.752194615083263,0.46440132620896324,0.05515817928810085,2.4366878469005266,-0.09067244897959176,1.5526020408163264,0.4008204081632649,0.07813601475575616,0.3116678029987506,0.37018795918367364,6.780630176006653,5.901501020408165,0.0318067131257991,-2.6373216687780077,0.0,0.0,0.0,1.0,0.0,0.039704662108457245,0.015024028157121477,0.0685202513233099,-1.4179996884019088,-3.6006160045684004,1.5042994010705306,0.02508834230498247,0.02309536084309484,0.026392733479786133,2.602694480611667,2.5190483762191223,2.7494562435292687,0.061603065503801124,0.060060152442399165,0.06338018695103169,0.2693428811912594,0.22749748020272448,0.3293990125470398,0.9121577409540762,0.9001215684360924,0.9192278808260945,0.2541693614975433,0.2355807948879122,0.2911534128068867,0.052500403044927264,0.05008096575979603,0.05389517384284081,2.686472277405212,2.6353577605726826,2.7390248982980148,0.07162010356018822,0.07050812631809839,0.07389301795110234,3.798345512178243,3.766657938125275,3.8544994779334147,0.026676280919849416,0.020445044103755174,0.03241854234407977,-1.9748257855448967,-2.143282474472999,-1.693523347984061,0.0205254628237149,0.006168498456541302,0.037538279074686806,-0.6829963023565844,-1.952534115344755,0.3086338392668507
0.4999999999999993,0.222222222222222,0.0,0.0,0.0,0.17,,,0.989998903948431,0.812507919792853,0.974718720356749,2.8904053328343946,0.887672313581271,2.965373776525499,3.256162537246649,3.173842581578639,0.6231598142,0.0,0.0,0.0,149.62,0.3470784074192068,0.3442595579342935,0.9603217179,0.6231598142,1.0,0.3445819394768172,0.3473434123990122,0.9612091161354084,0.6233940746778821,1222,RIT,-0.18790136354779619,15.239396488866545,4.086138574069609,0.015762688614540447,1.3182228318853646,0.015762688614540447,1.3182228318853646,0.05239194495639301,0.17318834516745057,-0.37806444444444454,4.002633333333333,1.9699777777777774,0.8752373113854589,0.0,0.015516703337507386,1.7302072009968983,0.4061529083839812,0.11443919833057686,2.3879403292181074,-0.12066111111111122,1.6922777777777787,0.5293555555555562,0.16210699588477395,0.25775302469135775,0.2974011111111108,3.5843356544981253,5.375061111111108,0.016664783108566984,-2.161595516402621,0.0,0.0,0.0,1.0,0.0,0.034324099756135595,0.02681434287896162,0.044781560820847985,-5.36852354823296,-7.772093629162772,-3.011513601402316,0.009473838306600535,0.007505315692498193,0.010851475047893052,3.9630445397375422,3.735865908430256,4.186299230943467,0.05481699896222059,0.05374194960663221,0.05659787592787167,2.4967973189768102,2.448444891945229,2.55286622765155,0.9141964752690008,0.8991552610729027,0.9209048865303311,2.4581947557129746,2.4412861548480866,2.4957326974746823,0.12566612201035565,0.12372444029164693,0.12833631071395296,3.546381790455744,3.5007633456940486,3.6067605128310567,0.16345402140838328,0.1606331548494831,0.1672561090435585,0.7282741980015408,0.7061224573074207,0.7839806563559363,0.011192674162895155,0.005433175016703143,0.018885262191734413,-2.8770344885690586,-3.05520358486298,-2.312644274190284,0.02422385008335426,0.009223082136364118,0.04111677075936466,-1.4531700207126979,-2.159914476422589,-0.8843790067533757
0.3333333333333333,0.1875,0.0,0.0,0.0,0.4671,,,0.994631674989564,0.736122338988055,0.9819381413248942,3.028076217809977,0.904540035702901,3.083774924685481,3.3476420039903667,3.2871773672194444,0.5483060622,0.0,0.0,0.0,167.08,0.2967083104806666,0.3313217427407693,0.9712947358,0.5483060622,1.0,0.2849550865647949,0.33276172592,0.971248210181883,0.5405636817226854,1471,RIT,0.04316486925554247,12.104987282981323,4.267052150529734,0.0195087661743164,-0.2104132080077932,0.0195087661743164,-0.2104132080077932,0.03726105993144848,0.18346579941691726,-0.4062575,3.9777843749999997,1.89241875,0.7420158691406249,0.0,0.01654776200957613,1.7036939313984176,0.3258825422735166,0.1497074382305145,2.33851416015625,-0.16658124999999996,1.9061562500000002,0.7261749999999998,0.19871484375,0.18534031250000002,0.18594624999999998,2.13382630909159,4.56895,0.03969810390472408,-2.0624280134784603,0.0,0.0,0.0,1.0,0.0,0.036997878387537875,0.009584408768921252,0.05071156744081637,-2.769155152659115,-4.915107493582779,-1.3820960448981392,0.021186347635094527,0.01787373068688498,0.024373227186330348,-2.209628955858974,-2.355693888484002,-2.073053210130495,0.042884796887938885,0.04026946925889857,0.04541056123793368,4.825871851723102,4.707121950498008,4.883718815901503,0.8261165310133396,0.8108762140352735,0.8361823105280037,4.787201388573568,4.773293215650911,4.822096698735649,0.1823467078160983,0.17801129863733112,0.18929956620042335,1.4445584335108346,1.3942362051239683,1.4979799740512005,0.21610261065520464,0.20920241573881823,0.2204909668716218,1.0174540126550398,0.981089311129527,1.0804200465429232,0.03429633846100428,0.032697100938208254,0.03585176016752772,3.06057464319451,2.948759874785285,3.140857430333,0.037300838108174195,0.015930397146750833,0.06178647750174065,-2.0669991733298185,-3.1584399361712308,-1.559338270318512
1.0,0.25,0.0,0.0,0.0,0.459775,,,0.992880327665982,0.98808975354923,0.9721853773915043,2.870702364790213,0.8902888160277238,2.95283433751356,3.224461897206197,3.1347747064199334,0.6937325884,1.0612579348571516,0.0121594957287064,0.0453043682743198,0.0,0.4043956336251979,0.3527587049769494,0.9516655314,0.6937325884,1.0,0.39483117025625,0.35981440246,0.9515839428556588,0.686369879389307,1294,RIT,0.622746426583853,9.452534562211989,3.98027275310162,0.03046874999999999,2.3560937500000136,0.03046874999999999,2.3560937500000136,0.06878272477958201,0.16189046841926477,-0.35551,4.0225124999999995,2.032025,0.9802968749999998,0.0,0.0269135561201225,1.757068516912403,0.47721683137325066,0.0,3.141592653589793,-0.08392499999999997,1.5211750000000002,0.3718999999999999,0.0,0.0,0.38656500000000005,8.230348369807949,6.019950000000001,0.04241015624999989,-2.5925603071794048,0.0,0.0,0.0,1.0,0.0,0.04777239713689061,0.01744450340188561,0.08528583058082559,-7.145443898947066,-9.430012912899349,-4.2851541541473175,0.03395246308286215,0.031133789336353218,0.03612926456066148,2.8467293297732503,2.7459634140140645,3.0097940020479372,0.07615721282322097,0.07334003552839939,0.07903080687612536,0.7791887343552706,0.713444328404551,0.8607914268320278,1.082337867020919,1.0629129887184519,1.0900895593335176,0.8083829025519736,0.7847523056644763,0.8576627180126338,1.3976854919580175e-06,3.1909886681822686e-09,0.00038619286285079433,3.164782621006723,0.16507701927103974,6.102323299058439,2.118362652328389e-06,2.6953910170118544e-09,0.0003680821836444502,3.1867879608704284,0.18239902894586488,6.041254969247769,0.038898850941445184,0.030858627744323804,0.04563436835371442,-1.0052735685565994,-1.1999320049791393,-0.6694017773587149,0.04066007431306107,0.0018246950785646074,0.0679470202388032,-1.693670408883181,-4.3023843860572075,-0.13101582947033297
1.0,0.25,0.0,0.0,0.0,0.8775,,,0.990696018725712,0.47051893026155,0.9902846719942672,1.8591522497399464,0.9613274631735862,1.8773917261547897,1.9339427208314768,1.9151538329542996,0.4603042571,0.4584636662762026,0.0042963967893918,0.0060242238290945,0.0,0.2156016014988553,0.2096597066981358,0.9873396825,0.4603042571,1.0,0.39483117025625,0.35981440246,0.9515839428556588,0.686369879389307,1321,RIT,0.622746426583853,9.452534562211989,3.98027275310162,0.03046874999999999,2.3560937500000136,0.03046874999999999,2.3560937500000136,0.039337839099398274,0.19395737403264152,-0.35551,4.0225124999999995,2.032025,0.9802968749999998,0.0,0.0269135561201225,1.757068516912403,0.47721683137325066,0.0,3.141592653589793,-0.08392499999999997,1.5211750000000002,0.3718999999999999,0.0,0.0,0.38656500000000005,8.230348369807949,6.019950000000001,0.04241015624999989,-2.5925603071794048,0.0,0.0,0.0,1.0,0.0,0.013696483129411852,1.5385539476499623e-08,0.02699532857986569,2.9912630318272884,-3.3423944784981354,2.078484032231249,0.013098138659765586,0.011684065256869259,0.015054922089967355,2.8380819183684327,2.693727154703337,2.9333182877108115,0.0181202674495406,0.01650873849801448,0.019463942980996633,0.34025444665158433,0.25537327833512313,0.4102873970254418,0.450592321872999,0.41909470740296634,0.46897951130547955,0.2059318811484302,0.15319357065662081,0.23576619903946955,1.194271611070839e-06,2.7904496128480103e-09,0.0004707786783876509,2.923754482096566,0.22843458887695736,6.139407682741896,1.2800037697148645e-06,3.345685391212064e-09,0.0006365887284951634,3.2450637951682477,0.1637500079840294,6.173534170247915,0.008898061088936648,0.006112236876325524,0.010535709707435094,-2.028351633546875,-2.301436135811024,-1.7737341095602028,0.0678495400333553,0.0015839688543952954,0.11582626736322837,1.2938985948017743,0.0026990226689972666,2.2918295490308305
0.9999999906619262,0.25,-1.53097683215e-05,-1.53022326944e-05,-1.5306000507967592e-05,0.2177783,0.0791084871143933,5.153297516197846,0.99225013746758,1.0720528855599532,0.970166473018654,2.81556922221966,0.8824459707389094,2.902150610769996,3.190642051277161,3.095453945552567,0.687599587625,0.0,0.0,0.0,,0.3952743885945236,0.3594046409847351,0.95166040782,0.687599587625,1.0,0.3948311908474935,0.3598132805696843,0.951584358234024,0.6863651985865514,1359,SXS,,,,,,,,,,,,,,,,,,,,,,,,,,,,,,,,,,,,,,,,,,,,,,,,,,,,,,,,,,,,,,,,,,,,,,,,,,,,,,,,,,
0.9000000000000008,0.2493074792243767,0.0,0.0,0.0,0.6156,,,0.992091903239278,0.831948976102293,0.9829477689485436,3.0505858917459827,0.9321847791645108,3.103507620765227,3.2725120168558544,3.216708385825761,0.7210908347,0.0,0.0,0.0,25.83,0.4296646224470761,0.3676232096211507,0.9602027832,0.7210908347,1.0,0.3935482092334095,0.3594947871327383,0.951843459226394,0.6848348051898036,1337,RIT,0.5956875967256099,9.596620032564594,3.9825735289591884,0.02979993948902209,2.340576225547977,0.02979993948902209,2.340576225547977,0.07290673125029923,0.156946321665093,-0.35607229916897504,4.0220168975069255,2.0304781163434904,0.9776955937970423,0.0,0.026558874621321553,1.7564108618115646,0.4754875382272201,0.02089819929801155,2.4482155701686192,-0.08484085872576169,1.5254407202216067,0.3758254847645426,0.029419954533320806,0.3227599757138142,0.3843420775623271,8.004593836280062,6.003872437673132,0.04076639267494243,-2.6061789900677685,0.0,0.0,0.0,1.0,0.0,0.04683807775999693,0.017039584751900386,0.08088735015294647,-7.112646968863288,-9.297068341519823,-4.182544022126545,0.03068987286825161,0.028674232508587583,0.0323275545364323,3.1661528331299618,3.065763914071966,3.318790562092529,0.07403700970287375,0.07252494730217753,0.07551407675331753,0.6929971282207357,0.6532249463426044,0.7599846894204846,1.0009181961184355,0.984381927667867,1.0158885784623843,0.6874796382807491,0.6487006998907211,0.7363898166708347,0.019842823860008574,0.018223752824933083,0.020954174184017675,-0.22255387022110806,-0.3149606159274514,-0.1530054984793594,0.030776652029064877,0.029777459324222537,0.032455321670885225,1.384441342734259,1.3228797072994334,1.4486403801817556,0.03642619082570164,0.029378672263259423,0.042999074751196305,-1.1059206303432676,-1.260992844661616,-0.8165098684861967,0.05130629404050213,0.0108329324230565,0.08426527333837876,-6.955920123309697,-10.583532501752885,-3.013152012414415
0.7000000000000002,0.2422145328719723,0.0,0.0,0.0,0.5511,,,0.992643829018267,0.873457823935107,0.9718972965841176,2.9036062482466045,0.8856062759005157,2.9875648985255694,3.278664940911937,3.186525592477437,0.6695189529,0.0,0.0,0.0,93.41,0.3948298811707611,0.3400701943230757,0.9501884459,0.6695189529,1.0,0.3804993433230282,0.3562468440587541,0.9544415030841792,0.6690097871088613,1381,RIT,0.3265881140705068,11.153498935176525,4.007055730052486,0.02396175247053387,2.141370632250485,0.02396175247053387,2.141370632250485,0.06321494836530289,0.1659808055580414,-0.36183148788927333,4.016940830449827,2.0146346020761245,0.9509984572182889,0.0,0.02308431348782734,1.7496076183442026,0.4575965863535246,0.06704961102622825,2.430026725081553,-0.09422128027681648,1.5691311418685119,0.41603114186851164,0.09523601320414665,0.30501450886603365,0.3615744290657442,6.180623266186942,5.839202595155712,0.027531877626598915,-2.6188364737988867,0.0,0.0,0.0,1.0,0.0,0.05701812228271519,0.028773975159759275,0.08187265994954745,-4.89224424749618,-7.659346703037642,-2.4903672020703844,0.034203976322063914,0.02511202187884229,0.03763140485217116,4.017565319416944,3.8625585857654468,4.266675219029414,0.09426524277490078,0.0920900730827273,0.09706382495949699,2.884420230976285,2.8166534649143964,3.013247561304482,1.4044544329213777,1.3546454626470934,1.4312502782323857,2.898032219400464,2.854808400089059,2.983925158242493,0.0980204609048787,0.09333372931478451,0.10311007064985249,2.989358183968153,2.906540155632628,3.1366529856248317,0.13600627917276809,0.12899376061903148,0.1401891526292415,1.2469014817928394,1.194532881784765,1.3764657448898738,0.04321925845557595,0.03239533307446921,0.052165952688824554,-3.214881591575379,-3.527258793346854,-2.6758980102803025,0.052801197002879996,0.006183760225418504,0.10496000758007952,-3.052909631674524,-4.212452015654052,-1.7683174081161992
1.0,0.25,0.0,0.0,0.0,0.14,,,0.989091862573493,0.929961350306387,0.9703192222658618,2.813404792312348,0.8830387861972537,2.8994631125028785,3.186048944042519,3.0914845334843077,0.6870764893,0.9126074444433788,0.0113610367222303,0.0315230766234398,0.0,0.3918801894954527,0.3642270064981829,0.9524114306,0.6870764893,1.0,0.39483117025625,0.35981440246,0.9515839428556588,0.686369879389307,1108,RIT,0.622746426583853,9.452534562211989,3.98027275310162,0.03046874999999999,2.3560937500000136,0.03046874999999999,2.3560937500000136,0.06776979871079968,0.16303987405511539,-0.35551,4.0225124999999995,2.032025,0.9802968749999998,0.0,0.0269135561201225,1.757068516912403,0.47721683137325066,0.0,3.141592653589793,-0.08392499999999997,1.5211750000000002,0.3718999999999999,0.0,0.0,0.38656500000000005,8.230348369807949,6.019950000000001,0.04241015624999989,-2.5925603071794048,0.0,0.0,0.0,1.0,0.0,0.04211942588505091,0.01304901909713103,0.0744691733424216,-1.942594535140421,-4.082317064169055,1.0945710912839093,0.02929159309848961,0.027557928559280007,0.03049558708193523,2.1680550729636705,2.1003082932149155,2.3034093816775045,0.06397574974732867,0.0622008694142426,0.0656797121415191,-0.23638030053875125,-0.2791376892647035,-0.17362529097180968,0.9249847205859797,0.9135014619989767,0.9310905681459863,-0.24423199503845172,-0.2639493753919968,-0.2059870426919197,1.951715058887761e-06,3.6684980237318412e-09,0.000610572096611056,3.057302828102972,0.25666805007879706,6.088672656205277,1.7331892042750354e-06,3.2855184961666535e-09,0.0006418099190531116,3.1574591949193396,0.1453138550480182,6.094399697797754,0.03187221780945226,0.0259694896141996,0.03752658780152596,-3.016183538074026,-3.176414196740755,-2.749501576067966,0.020647548998334098,0.005367518514048403,0.038450659585783406,-0.6344350009949888,-2.0603325164844515,0.5148720730086656
1.0,0.25,0.0,0.0,0.0,0.19,0.0725423090654798,0.904944225137548,0.994288400442046,1.20990582067254,0.9697881517918282,2.819282928009645,0.8809781187116201,2.9071121592902527,3.2001736117267976,3.1034904523295106,0.6861699297,0.98209181314214,0.0124832493686142,0.0347420737472333,0.0,0.3953690617246512,0.3608033262001981,0.9513038244,0.6861699297,1.0,0.39483117025625,0.35981440246,0.9515839428556588,0.686369879389307,1282,RIT,0.622746426583853,9.452534562211989,3.98027275310162,0.03046874999999999,2.3560937500000136,0.03046874999999999,2.3560937500000136,0.06763290914773303,0.1631949110901985,-0.35551,4.0225124999999995,2.032025,0.9802968749999998,0.0,0.0269135561201225,1.757068516912403,0.47721683137325066,0.0,3.141592653589793,-0.08392499999999997,1.5211750000000002,0.3718999999999999,0.0,0.0,0.38656500000000005,8.230348369807949,6.019950000000001,0.04241015624999989,-2.5925603071794048,0.0,0.0,0.0,1.0,0.0,0.04448461177959273,0.013406765105033552,0.07998516210382893,-6.780508651330471,-9.031511333545774,-3.833808939154299,0.0314852728191093,0.029248413625378403,0.033164221143641676,3.3804331583990592,3.2836547935060225,3.5281392533226175,0.06910491661933826,0.06671129458881433,0.07153952460231668,1.1864645800534315,1.1341993765931209,1.256679206604465,0.9992902434207414,0.9833950909407195,1.0067348562871226,1.1785262177084739,1.154621955124033,1.222812642610237,2.094666055857565e-06,3.8497899973756e-09,0.0005664811767290944,3.067944217157995,0.235853544894835,6.110285868555097,2.573724511547325e-06,3.416472170340063e-09,0.0007048397640231845,3.2080556284486184,0.19157253781461517,6.17103074624963,0.03508498896919221,0.028567768988915034,0.04124202606907139,-0.22687752748255496,-0.3909857873227427,0.072343183168792,0.0640004671177788,0.016440211844940336,0.0955107727564411,-7.081923835546824,-10.774180076846866,-2.9517964952720503
0.6,0.2343749999999999,0.0,0.0,0.0,0.6975,,,0.992162599443122,0.693805725678242,0.9890661442420856,2.840501475719001,0.9536039203965996,2.87190244277915,2.9787015499450225,2.946132856852047,0.6446958806,0.0,0.0,0.0,149.71,0.3237012940536983,0.3267694361048114,0.9784618217,0.6446958806,1.0,0.3662667109852408,0.3527113535796874,0.9571899292820022,0.6513011211070794,1409,RIT,0.06720986804102091,12.945682506053204,4.036187802965097,0.019445141293108432,1.852697513103493,0.019445141293108432,1.852697513103493,0.05792014374378078,0.16993324684189157,-0.368196875,4.01133046875,1.9971234375,0.921378650665283,0.0,0.01965705721653513,1.7419899034765147,0.43751934203272236,0.09096421876791287,2.412011665344238,-0.1045890625,1.6174203125000002,0.46046875,0.1296405029296876,0.28599705078125,0.3364103125000001,4.856638693197723,5.6572000000000005,0.019396620303159386,-2.4688778948605195,0.0,0.0,0.0,1.0,0.0,0.027691077816558107,0.013169299649171576,0.04545111258132442,-3.6419880114402243,-5.705381047616154,-0.8264281781018621,0.014939409624095012,0.013427842498164108,0.016192684096787414,0.565016898028802,0.4721368008623437,0.6793346242555486,0.04260095428572751,0.04147828271033643,0.04383954720897397,4.115950886236246,4.072486855676407,4.1578110210751005,0.6836407405590949,0.6674887577835514,0.6978212500956011,4.039386689349684,4.008205997054749,4.066777378918282,0.07337978383014243,0.06757694452915433,0.07753678648220669,5.050640705837283,4.98387720166823,5.093736576837212,0.09116482986193852,0.09026483498502813,0.0934515325624875,3.2057940145922337,3.1811594810610977,3.2411450374379736,0.01164594510382233,0.007223405356855604,0.016328366805231795,-0.26096489047432647,-0.4640367396634213,-0.04260623289846244,0.039677458240026,0.01110376202573787,0.06104224946190326,-6.6606132570462195,-10.239970045938891,-4.023885517098757
0.7500000000000013,0.2448979591836735,0.0,0.0,0.0,0.22,,,0.988393972937275,0.867659680236022,0.9709787832165933,2.802485993759276,0.8832162531409172,2.886248435290614,3.173046220325997,3.080960558102146,0.6712913813,0.0,0.0,0.0,79.56,0.3742098847666339,0.3591183681476053,0.9547050226,0.6712913813,1.0,0.385416566825435,0.3574701254265389,0.9534713184168964,0.6750187370840793,1268,RIT,0.4260003573942982,10.549511866711324,3.9975928802337006,0.025960735080191092,2.224787943243811,0.025960735080191092,2.224787943243811,0.0641411353994275,0.1656896227825206,-0.3596526530612244,4.018861224489796,2.0206285714285714,0.9611101496825304,0.0,0.02436249195759436,1.752194615083263,0.46440132620896324,0.05515817928810085,2.4366878469005266,-0.09067244897959176,1.5526020408163264,0.4008204081632649,0.07813601475575616,0.3116678029987506,0.37018795918367364,6.780630176006653,5.901501020408165,0.0318067131257991,-2.6373216687780077,0.0,0.0,0.0,1.0,0.0,0.03855861541735217,0.013620247904625668,0.06726531814941047,-5.149402955560331,-7.373250877788679,-2.2416862229174646,0.02518926087349184,0.02293175173799205,0.026349064236474498,5.056397488513995,4.948513665237115,5.217414361749202,0.0605131623027495,0.058485636177533065,0.06287762257526824,2.737906596271311,2.704994938204552,2.7982245480700882,0.8961455126481848,0.8871121931599362,0.9060812525143259,2.7139395129900716,2.6913914124911353,2.7511893831808916,0.05192840884085981,0.04998899390725702,0.053391343000355904,3.924314198769336,3.8614676993384243,3.979769199308647,0.07007484922813145,0.06902208151338826,0.07229707367012739,1.195210025674955,1.1628424541355769,1.251274429197887,0.026271479675439777,0.020203131062365674,0.03187968022644148,-3.335318545728887,-3.513425706326509,-3.0402921585897977,0.0205216643813394,0.006056518288904659,0.037571658859867775,-0.6159413742905981,-1.8425694264416856,0.24668917893792572
0.4000000000000005,0.2040816326530613,0.0,0.0,0.0,0.6975,,,0.993174040934082,0.604113993318486,0.9907650245994885,2.853507140288259,0.9549575682255806,2.880104837614524,2.988098356653059,2.9605033418350586,0.5679369817,0.0,0.0,0.0,193.94,0.271570552148341,0.3209050060794745,0.9838343235,0.5679369817,1.0,0.3130205025590105,0.3395856389194502,0.9667043606611544,0.5806968749960989,1455,RIT,-0.17713434875626832,15.30073209089457,4.173107790214681,0.015808657610918667,0.4708867591439869,0.015808657610918667,0.4708867591439869,0.042420071827648155,0.18090899887291984,-0.3927938775510203,3.9896510204081634,1.9294571428571432,0.8058805429710412,0.0,0.013145618369968656,1.7139660485900672,0.36085163153749455,0.13665707124131585,2.3592046553731865,-0.14465204081632638,1.8040183673469383,0.6321836734693871,0.18826441363717494,0.2183900020824658,0.23917163265306163,2.5807229317012483,4.953909183673472,0.025869161555951935,-1.937605324022137,0.0,0.0,0.0,1.0,0.0,0.018088444269025228,0.012661542751367487,0.02361069133231735,-3.0521543705607552,-5.5927811887144365,-0.9415275169297939,0.005646102377314427,0.003312927565898236,0.007105934865863316,-0.8710939132327897,-1.3680782128935727,-0.6450605925975488,0.028228348344345733,0.027121461546253868,0.029892865002436004,4.5172089661212596,4.427070577452086,4.569132835507711,0.5386271942763199,0.5196936922781793,0.5535338977273155,4.433830703835918,4.398464275875332,4.456347800829706,0.10238009669994053,0.09447212753631755,0.10794902810257159,5.395739870591093,5.341343787640644,5.438358655394031,0.11763263545177871,0.11647053309023776,0.12017180742296807,3.7837852034736725,3.768729959312474,3.8080258086991314,0.01387370837310764,0.012447920035839742,0.015791262071705937,2.448316576306866,2.270217263801209,2.681438936628795,0.031974813340642415,0.007898819482194449,0.045297821493557634,-0.2732888886791378,-3.8259957351355847,1.954328239935912
0.4999999999999993,0.222222222222222,0.0,0.0,0.0,0.015,,,0.991621167840179,0.885129207728305,0.9749703306565994,2.876998519442818,0.8887760777364373,2.9508575071256646,3.2370341546208667,3.1560122600774125,0.6233405514,0.0,0.0,0.0,145.85,0.3443072979899186,0.352898504381443,0.9612916067,0.6233405514,1.0,0.3445819394768172,0.3473434123990122,0.9612091161354084,0.6233940746778821,1206,RIT,-0.18790136354779619,15.239396488866545,4.086138574069609,0.015762688614540447,1.3182228318853646,0.015762688614540447,1.3182228318853646,0.05241358781429057,0.1731616446531546,-0.37806444444444454,4.002633333333333,1.9699777777777774,0.8752373113854589,0.0,0.015516703337507386,1.7302072009968983,0.4061529083839812,0.11443919833057686,2.3879403292181074,-0.12066111111111122,1.6922777777777787,0.5293555555555562,0.16210699588477395,0.25775302469135775,0.2974011111111108,3.5843356544981253,5.375061111111108,0.016664783108566984,-2.161595516402621,0.0,0.0,0.0,1.0,0.0,0.03199526720011103,0.024994751489072688,0.04308179239931066,-4.556977457081907,-6.928104590188484,-2.1805775989358818,0.008768015995826918,0.006592779119494583,0.010544121916060656,4.885765474786378,4.5961295142994505,5.134629118302303,0.051301157732259295,0.04992265138998844,0.05331321305310076,3.225692192475321,3.158557834699407,3.284757326829034,0.8505323044083694,0.8375596205812523,0.8567456067179964,3.1923765698484194,3.1750686054159387,3.228248818490535,0.11812745178874207,0.11574722504622967,0.12063031149938289,4.079224941680726,4.039926944205716,4.130596992036305,0.15178864245772927,0.14915249763163144,0.154372233364825,1.8664382541349844,1.8447774014920684,1.9209820207468165,0.010019600967959175,0.004578345363638166,0.01689017565118991,-1.316620138700816,-1.472653371155979,-0.7978651880025422,0.022104166962354628,0.006919228374610291,0.03755027353293719,-1.0765360051371164,-1.8789850845822489,-0.5298131989318131
1.0,0.25,0.0,0.0,0.0,0.5239,,,0.992545282857255,0.927594462515605,0.972056583283085,2.8871870268091446,0.8897880022079703,2.970184119383028,3.2448032785840173,3.154132388406132,0.6999027355,0.9751463809418256,0.0138081964953318,0.0472377628425098,0.0,0.4166726809905986,0.3777326370162868,0.9512302689,0.6999027355,1.0,0.39483117025625,0.35981440246,0.9515839428556588,0.686369879389307,1305,RIT,0.622746426583853,9.452534562211989,3.98027275310162,0.03046874999999999,2.3560937500000136,0.03046874999999999,2.3560937500000136,0.06973435698637794,0.1608071108023182,-0.35551,4.0225124999999995,2.032025,0.9802968749999998,0.0,0.0269135561201225,1.757068516912403,0.47721683137325066,0.0,3.141592653589793,-0.08392499999999997,1.5211750000000002,0.3718999999999999,0.0,0.0,0.38656500000000005,8.230348369807949,6.019950000000001,0.04241015624999989,-2.5925603071794048,0.0,0.0,0.0,1.0,0.0,0.045946277344044106,0.015045373211329162,0.07999814632307746,-6.118568251831987,-8.368144730276484,-3.134693019062167,0.03064106037809422,0.027565755202353857,0.032572285888212954,4.155362529645226,4.049051635240985,4.310240924705673,0.07051294767989114,0.0683909818370934,0.07321855793920462,1.7863441124085369,1.727841892182719,1.8664076079693572,0.9940630526357737,0.9749605945500012,1.0081357301451472,1.8192507025821798,1.7843911333671705,1.8630258452972457,2.1261948818587945e-06,4.223798596080229e-09,0.0003437657279903234,3.2409765880622428,0.1044192381741671,6.201054530426963,2.3522513925768127e-06,2.9340749806842693e-09,0.0005081773693557071,3.1715163625843377,0.08091955517538403,6.126021513497931,0.03521377907743561,0.028437163788064122,0.04215946536166849,1.1094542040479223,0.9501923949057566,1.4036377136523777,0.04342903841017709,0.006214834968217402,0.06810432416429951,-7.136513742682103,-10.871042099505525,-2.3952180537731667
1.0,0.25,0.0,0.0,0.0,0.5904,,,0.992191802634389,0.860377472478234,0.9807690440359068,3.083902015426415,0.9238158354782128,3.1443712810673814,3.338221642228113,3.2740244488280403,0.720545532,1.2134713226978486,0.01291012164905,0.043644841522826,0.0,0.446461939019819,0.3653038190420083,0.9534677094,0.720545532,1.0,0.39483117025625,0.35981440246,0.9515839428556588,0.686369879389307,1313,RIT,0.622746426583853,9.452534562211989,3.98027275310162,0.03046874999999999,2.3560937500000136,0.03046874999999999,2.3560937500000136,0.07301206421706559,0.15704856779272405,-0.35551,4.0225124999999995,2.032025,0.9802968749999998,0.0,0.0269135561201225,1.757068516912403,0.47721683137325066,0.0,3.141592653589793,-0.08392499999999997,1.5211750000000002,0.3718999999999999,0.0,0.0,0.38656500000000005,8.230348369807949,6.019950000000001,0.04241015624999989,-2.5925603071794048,0.0,0.0,0.0,1.0,0.0,0.05541642948388015,0.021786208664025277,0.09578932824366329,-6.2179654338371835,-8.615044626276367,-3.485031117864692,0.0382710702006146,0.03518461765373001,0.040224168921372955,3.522430400951184,3.426299597883786,3.7417841201334956,0.0927446948500984,0.08972653644189231,0.09522269254578193,1.631532176863004,1.5849919565080748,1.7237809047078467,1.2408115438328156,1.2163961890595878,1.2594549056506588,1.6403309983036536,1.6048920280248986,1.7007752879521847,1.3902883348750842e-06,4.004823110494285e-09,0.00029473342459471235,3.103800689905714,0.0890319180381568,6.177141646376607,1.864667484993185e-06,2.759249009160817e-09,0.00043203225076857306,3.0875387052552083,0.11234486479158765,6.205286321643606,0.0481902891770245,0.03907413543383052,0.05684256754407223,0.6416757921377146,0.4573887463124176,1.0008529250465272,0.0573576997175137,0.016683991716687996,0.09992849221053789,-7.055311052039354,-10.538838337510963,-2.9473199645114807
1.0,0.25,0.0,0.0,0.0,0.05,0.0540756800289123,2.1580099069051397,0.990149691440415,0.977411571810917,0.9696685369959908,2.8050493895272384,0.8805141432798902,2.8927920031490477,3.185694870361206,3.089068084258783,0.6857028489,0.9286921962957236,0.0112151450903247,0.032108899265675,0.0,0.3921006086804867,0.3666479098607453,0.9516517268,0.6857028489,1.0,0.39483117025625,0.35981440246,0.9515839428556588,0.686369879389307,1099,RIT,0.622746426583853,9.452534562211989,3.98027275310162,0.03046874999999999,2.3560937500000136,0.03046874999999999,2.3560937500000136,0.06756247930277816,0.1632746504255558,-0.35551,4.0225124999999995,2.032025,0.9802968749999998,0.0,0.0269135561201225,1.757068516912403,0.47721683137325066,0.0,3.141592653589793,-0.08392499999999997,1.5211750000000002,0.3718999999999999,0.0,0.0,0.38656500000000005,8.230348369807949,6.019950000000001,0.04241015624999989,-2.5925603071794048,0.0,0.0,0.0,1.0,0.0,0.04266840095095037,0.012848832407873557,0.07598732320813627,-2.0432346769117706,-4.213150734027454,0.9833103838468222,0.029787322732862474,0.027784680301053015,0.031167451316961563,2.0173282719836467,1.932898069694669,2.164335016860061,0.06511264444315956,0.06317653155114135,0.06706703757783235,-0.3368019419475017,-0.3863418451932308,-0.2671407496425662,0.9419964538465972,0.9297522480963304,0.9474463248062688,-0.3369987157544776,-0.3601735552542502,-0.29650632519495446,2.174708391232129e-06,3.5613077493564465e-09,0.0008730278024966188,3.0170246002075043,0.13451034081637808,6.233494055949049,1.5752634588032991e-06,3.544386617116264e-09,0.00046594704039662396,3.169154205608378,0.1931511917750586,6.181609143556495,0.03252541881630438,0.02626549520872808,0.03827293275018882,-3.2181623636525316,-3.377852325452907,-2.9441926390508346,0.021288121460447673,0.006794807658453675,0.03976189076470767,-0.7192216698357385,-2.0909460526094312,0.3854359537449956
0.4999999999999993,0.222222222222222,0.0,0.0,0.0,0.05,0.0510517717224152,4.174445604281239,0.991255168370738,0.869261328668103,0.9754731568322048,2.888940790367588,0.8909827293254208,2.9615789733766364,3.242420638787081,3.162894296295528,0.6236675949,0.0,0.0,0.0,147.73,0.3443737766636281,0.3463698817834313,0.9614181026,0.6236675949,1.0,0.3445819394768172,0.3473434123990122,0.9612091161354084,0.6233940746778821,1210,RIT,-0.18790136354779619,15.239396488866545,4.086138574069609,0.015762688614540447,1.3182228318853646,0.015762688614540447,1.3182228318853646,0.05245276756240747,0.17311330403946334,-0.37806444444444454,4.002633333333333,1.9699777777777774,0.8752373113854589,0.0,0.015516703337507386,1.7302072009968983,0.4061529083839812,0.11443919833057686,2.3879403292181074,-0.12066111111111122,1.6922777777777787,0.5293555555555562,0.16210699588477395,0.25775302469135775,0.2974011111111108,3.5843356544981253,5.375061111111108,0.016664783108566984,-2.161595516402621,0.0,0.0,0.0,1.0,0.0,0.033399391087387986,0.026653856374366652,0.04381762316808461,-1.7948010847269242,-4.1239041815980055,0.546231146883388,0.008950685801754954,0.006175454014243425,0.010782010828358638,1.281159124555931,0.9715774851070432,1.5584855383716887,0.05396772236905867,0.052711664830036246,0.056522898094142404,-0.2425171798985064,-0.3055253005259395,-0.1845146449257964,0.8961009386307891,0.88190554045348,0.9025927822890873,-0.2821552860476082,-0.29974822081607044,-0.24479540964409985,0.12453218899556562,0.12285526923623377,0.12820863443539884,2.21180830554947,2.171884441299352,2.268214673471565,0.16024061583758487,0.15637312103786655,0.16276862012569096,2.9102867666965966,2.8816802763522666,2.963480664939695,0.010800769613018346,0.00547753679330706,0.01826471986498511,-2.0422679129994865,-2.226605538661569,-1.5927913459343541,0.023800787293543846,0.008033695461390412,0.04011712473078094,-1.340914312800074,-2.0967912654641934,-0.7892239347525178
0.7500000000000013,0.2448979591836735,0.0,0.0,0.0,0.06,0.0703119194112192,1.1070724671670362,0.990237865624721,0.952502319443191,0.9708607039225644,2.8265149428480267,0.882748117276244,2.91134962145246,3.201949556765248,3.1086470006056524,0.6745695528,0.0,0.0,0.0,72.19,0.3843812977230385,0.3522422727190388,0.9532902758,0.6745695528,1.0,0.385416566825435,0.3574701254265389,0.9534713184168964,0.6750187370840793,1252,RIT,0.4260003573942982,10.549511866711324,3.9975928802337006,0.025960735080191092,2.224787943243811,0.025960735080191092,2.224787943243811,0.06461332030258914,0.16514775029453477,-0.3596526530612244,4.018861224489796,2.0206285714285714,0.9611101496825304,0.0,0.02436249195759436,1.752194615083263,0.46440132620896324,0.05515817928810085,2.4366878469005266,-0.09067244897959176,1.5526020408163264,0.4008204081632649,0.07813601475575616,0.3116678029987506,0.37018795918367364,6.780630176006653,5.901501020408165,0.0318067131257991,-2.6373216687780077,0.0,0.0,0.0,1.0,0.0,0.04090288382166796,0.016108482300348087,0.07114670327103431,-5.196588990154513,-7.492814175177759,-2.347483261248745,0.02646610281643713,0.02447855987186264,0.02787797691319646,4.856018235160509,4.76502470814376,5.030397024643772,0.06488095777701308,0.06292374942183171,0.06699384044679192,2.6747819826016963,2.624574447634754,2.7489572688010635,0.9641432090494935,0.9482758378955737,0.9721586603990767,2.665514228022901,2.6429227593204905,2.7089904736505734,0.05553234913509886,0.05370444945101401,0.056758525152154966,3.7616089909768196,3.7006403508051977,3.8247389777932925,0.07550907429435993,0.07409272855189568,0.0775812565121808,1.099818421899184,1.0681767410924183,1.1661374199014811,0.028812982227477635,0.022524364574853004,0.03495761191194405,-3.472852629951255,-3.6572070461884763,-3.1531519107694947,0.021701272916896275,0.0017900478862234327,0.038779790254836306,-0.9982651203341419,-2.122665948191372,-0.01644411931030909
0.6,0.2343749999999999,0.0,0.0,0.0,0.4375,0.3596770497184574,0.7315569400089412,0.993439321709694,0.946098716833981,0.9735757608652004,2.885197115511845,0.8887461592410745,2.963505493345294,3.2463680270366475,3.1605852219706634,0.6570111906,0.0,0.0,0.0,117.47,0.376388827849176,0.3567325505648568,0.9565833505,0.6570111906,1.0,0.3662667109852408,0.3527113535796874,0.9571899292820022,0.6513011211070794,1401,RIT,0.06720986804102091,12.945682506053204,4.036187802965097,0.019445141293108432,1.852697513103493,0.019445141293108432,1.852697513103493,0.05955083724111635,0.16800076727383706,-0.368196875,4.01133046875,1.9971234375,0.921378650665283,0.0,0.01965705721653513,1.7419899034765147,0.43751934203272236,0.09096421876791287,2.412011665344238,-0.1045890625,1.6174203125000002,0.46046875,0.1296405029296876,0.28599705078125,0.3364103125000001,4.856638693197723,5.6572000000000005,0.019396620303159386,-2.4688778948605195,0.0,0.0,0.0,1.0,0.0,0.038787331904954314,0.022773142680095334,0.06127082410901082,-5.9450525863648975,-8.29316713737736,-3.3191577187554917,0.01854925340021174,0.01619510538932968,0.020250290138966887,3.8913155849434284,3.736557546094212,4.071526325532208,0.06274176031023626,0.06119748168542794,0.06501406341515872,1.8871668570371107,1.823555273384908,1.9526946743769193,0.9679465972282756,0.9498855989023415,0.9770247069662996,1.9006500570791827,1.8808523576225222,1.942089684388722,0.09428575827983289,0.09086701284572161,0.09768292443301599,3.3035859718166245,3.214083810953028,3.389709069914173,0.1320269686069181,0.12952142891590895,0.1374032206254848,-0.06578319068252458,-0.09758470493568794,-0.011714659945103456,0.01925524749703711,0.010821440736360115,0.02643779960826704,1.4640916234675325,1.2021751876783642,1.850162333672601,0.03565226671594335,0.0037980241414235266,0.061635038078680045,-1.6517517791206835,-4.073130436555801,-0.25539124792710055
1.0,0.25,0.0,0.0,0.0,0.06,0.0606811565948677,0.7928080322681756,0.990032219471062,0.972253691101401,0.969553385471023,2.8084070662867133,0.8800675345566442,2.8965986900477367,3.191126766994669,3.093967760406882,0.686170769,0.932785372526632,0.0109630132387109,0.0347534423382118,0.0,0.3936731903119,0.3636634809339796,0.9513497823,0.686170769,1.0,0.39483117025625,0.35981440246,0.9515839428556588,0.686369879389307,1100,RIT,0.622746426583853,9.452534562211989,3.98027275310162,0.03046874999999999,2.3560937500000136,0.03046874999999999,2.3560937500000136,0.06763303576381707,0.16319476772233873,-0.35551,4.0225124999999995,2.032025,0.9802968749999998,0.0,0.0269135561201225,1.757068516912403,0.47721683137325066,0.0,3.141592653589793,-0.08392499999999997,1.5211750000000002,0.3718999999999999,0.0,0.0,0.38656500000000005,8.230348369807949,6.019950000000001,0.04241015624999989,-2.5925603071794048,0.0,0.0,0.0,1.0,0.0,0.042836124706043366,0.012931111445338291,0.07638701319540157,-6.1869105957997474,-8.35905599003052,-3.173407031528793,0.029818476939600935,0.027446226779472567,0.03134230170054966,4.1431674944558115,4.051088974894845,4.281459082234893,0.06552881561099888,0.06327593129980953,0.06774884664375544,1.8021795134709777,1.7508453263889057,1.8674981560166835,0.9472203089633242,0.9339726226370957,0.9545897505596169,1.8009587210385856,1.7783519014436944,1.8412046476883692,1.9926655965049525e-06,4.076233653644449e-09,0.0005560151873578676,3.188791100729028,0.1379968263649578,6.065406200788889,1.2287429415047927e-06,3.0855866790980795e-09,0.0002515335880859391,3.315693185509022,0.15372050455657962,6.111463832309414,0.03277085041820815,0.026808527479773178,0.03862754948842009,1.0563091650114456,0.9026798381492249,1.330860367332539,0.02095542890319312,0.0053448202016023235,0.03853836339726307,-0.7607400369287429,-2.2030952087760687,0.38814873976374126
0.7000000000000002,0.2422145328719723,0.0,0.0,0.0,0.84,,,0.991177320017647,0.52146735757321,0.9904764543761398,2.117736068181502,0.9608685880617858,2.138098345321471,2.2039809548288902,2.1829912416514583,0.5065768484,0.0,0.0,0.0,50.63,0.2314738422006257,0.2482487089845602,0.9866987272,0.5065768484,1.0,0.3804993433230282,0.3562468440587541,0.9544415030841792,0.6690097871088613,1389,RIT,0.3265881140705068,11.153498935176525,4.007055730052486,0.02396175247053387,2.141370632250485,0.02396175247053387,2.141370632250485,0.04306714525826212,0.18862342940658225,-0.36183148788927333,4.016940830449827,2.0146346020761245,0.9509984572182889,0.0,0.02308431348782734,1.7496076183442026,0.4575965863535246,0.06704961102622825,2.430026725081553,-0.09422128027681648,1.5691311418685119,0.41603114186851164,0.09523601320414665,0.30501450886603365,0.3615744290657442,6.180623266186942,5.839202595155712,0.027531877626598915,-2.6188364737988867,0.0,0.0,0.0,1.0,0.0,0.014788325810579872,0.00230924003884057,0.028289391308310728,-0.24031597829899387,-2.3359824389464614,2.908807458683671,0.012074108053493848,0.00966575668079833,0.013462868590789837,3.8846616539151735,3.718171505916072,4.007832967228758,0.021088661618485882,0.019871820443201165,0.023234405619804496,1.2326500040966395,1.166579580996078,1.305910318133484,0.4703182183471074,0.45333649851823277,0.4837625799709258,1.1184216516112933,1.0750159074316228,1.1594297903039719,0.036287738399689705,0.03453592362106555,0.03796070360049626,3.628853768516103,3.540742109577894,3.670777627863213,0.036528318856534805,0.03531821731883627,0.03755567546570599,4.912562597030635,4.878638785072898,4.956790139678002,0.008254306651756527,0.005539745342776611,0.010198496302829686,-0.007960704782988604,0.007747234002056003,0.2748220128716914,0.055263234484735135,0.013462089538906026,0.08663183498646344,-0.24533896625728757,-3.9353047498908023,1.8460072042464153
1.0,0.25,0.0,0.0,0.0,0.2,,,0.988385978597878,0.896934372162318,0.9715276123550732,2.851946589694296,0.8877318031366985,2.9355280832223727,3.2126218522500487,3.1211508375162222,0.691245008,0.9688792430859812,0.0127390970089494,0.034470180993451,0.0,0.399047705671545,0.3566564156521892,0.9523664795,0.691245008,1.0,0.39483117025625,0.35981440246,0.9515839428556588,0.686369879389307,1116,RIT,0.622746426583853,9.452534562211989,3.98027275310162,0.03046874999999999,2.3560937500000136,0.03046874999999999,2.3560937500000136,0.06840253046799662,0.16232233982277233,-0.35551,4.0225124999999995,2.032025,0.9802968749999998,0.0,0.0269135561201225,1.757068516912403,0.47721683137325066,0.0,3.141592653589793,-0.08392499999999997,1.5211750000000002,0.3718999999999999,0.0,0.0,0.38656500000000005,8.230348369807949,6.019950000000001,0.04241015624999989,-2.5925603071794048,0.0,0.0,0.0,1.0,0.0,0.044322881549382465,0.013329565686068466,0.07882133637125263,-6.9573254939258415,-9.173711084310337,-3.990129073686796,0.0310318008474332,0.02917836215454227,0.03242769118693004,3.272524538372151,3.202449502401426,3.4114870618363162,0.06859904366856633,0.06659310947009872,0.07026878574490167,1.0082203762565054,0.9636951288729095,1.074082542244534,0.9858732337814328,0.9702527017851725,0.9951231702881618,0.9954948943998616,0.9692584646186275,1.0385471322407558,1.7927427070816398e-06,2.427249728460255e-09,0.0004922202842157592,3.194367483468288,0.07351148531784338,6.111719490561897,1.781383351681203e-06,2.322301199314844e-09,0.0004013781662498645,3.169237216860577,0.1523948117121796,6.118578135745869,0.034770388978395905,0.02833510779497865,0.040853636710374355,-0.5741098495940261,-0.72903928153002,-0.2859625246728372,0.020700035672896185,0.001888579003532772,0.037866461858528135,-0.8328313105385927,-2.373080580258982,-2.323099977807006
0.3333333333333333,0.1875,0.0,0.0,0.0,0.75,,,0.99351956626746,0.504193382868529,0.9923465820148064,2.6265682349978143,0.9593379702305844,2.6468254968591447,2.7378966709370403,2.716942403314089,0.4844121793,0.0,0.0,0.0,150.29,0.2157799228742605,0.3033960177786241,0.9884954793,0.4844121793,1.0,0.2849550865647949,0.33276172592,0.971248210181883,0.5405636817226854,1479,RIT,0.04316486925554247,12.104987282981323,4.267052150529734,0.0195087661743164,-0.2104132080077932,0.0195087661743164,-0.2104132080077932,0.03174189529239683,0.19122546965009177,-0.4062575,3.9777843749999997,1.89241875,0.7420158691406249,0.0,0.01654776200957613,1.7036939313984176,0.3258825422735166,0.1497074382305145,2.33851416015625,-0.16658124999999996,1.9061562500000002,0.7261749999999998,0.19871484375,0.18534031250000002,0.18594624999999998,2.13382630909159,4.56895,0.03969810390472408,-2.0624280134784603,0.0,0.0,0.0,1.0,0.0,0.013321870925281365,0.003226983865889225,0.02120486922690575,2.2246313346893087,-1.0005529840086647,4.010595318288815,0.009019735020971103,0.0076771539981887954,0.01080438539539269,3.8017105359012184,3.677005214884246,4.044483023501011,0.01802400329805698,0.01636117305093408,0.019141343360375113,3.3919416460971576,3.3217281354729673,3.4890416264989628,0.4203182772529882,0.4062105348947705,0.43673643902484427,3.2557872693198355,3.211067321096385,3.285293207951791,0.09592027729915398,0.08961824926783374,0.09996830640778147,4.860228118001801,4.808283988883039,4.896454090450565,0.09810185654897147,0.09699921863200837,0.0998157180592378,1.931198574626567,1.9126494711341762,1.9576558936894362,0.017557012617046647,0.01601555235420387,0.018950428078121452,0.13876696458703505,0.06364751132808034,0.2722190093811355,0.03152393646899792,0.013579078906910689,0.04836173962817559,-0.13540980085738616,-3.7601609155200375,1.803245860290511
0.7500000000000013,0.2448979591836735,0.0,0.0,0.0,0.006,,,0.990859338954104,0.979479401743493,0.9707712618091496,2.820493925286096,0.8823935539571619,2.905415555905276,3.196412658090456,3.1029855493572094,0.6749850184,0.0,0.0,0.0,72.81,0.3841477067033899,0.354840971014454,0.9535159748,0.6749850184,1.0,0.385416566825435,0.3574701254265389,0.9534713184168964,0.6750187370840793,1244,RIT,0.4260003573942982,10.549511866711324,3.9975928802337006,0.025960735080191092,2.224787943243811,0.025960735080191092,2.224787943243811,0.06467338415125091,0.16507886237519792,-0.3596526530612244,4.018861224489796,2.0206285714285714,0.9611101496825304,0.0,0.02436249195759436,1.752194615083263,0.46440132620896324,0.05515817928810085,2.4366878469005266,-0.09067244897959176,1.5526020408163264,0.4008204081632649,0.07813601475575616,0.3116678029987506,0.37018795918367364,6.780630176006653,5.901501020408165,0.0318067131257991,-2.6373216687780077,0.0,0.0,0.0,1.0,0.0,0.03983282072337946,0.015247127498490934,0.0696656712257482,-1.2662134488575765,-3.4430385777574783,1.627350761282573,0.025627667002843024,0.02377574936623969,0.02690350915237256,2.6814778357033813,2.59235126182101,2.8350559655884355,0.06279531214381229,0.06120384306558251,0.06476608965664765,0.4009586498194121,0.3522727944579671,0.46446096685648597,0.9317569206827866,0.9187859700494992,0.9382682943855353,0.39472668706117886,0.37321013453027163,0.4337448397763382,0.053927448947347245,0.052328898878781546,0.0554392741022633,2.69595080077793,2.6538549089859633,2.749107313639951,0.07296427741698612,0.07145352773406954,0.0749458687720442,3.997794969843348,3.9660383214841377,4.056422358277464,0.027334562534286122,0.021352925671199396,0.033186430285302604,-1.7079104354030488,-1.8817433837813065,-1.4160841860687547,0.02139923697848751,0.004947103657772379,0.038617660333445054,-0.7840763359714622,-2.037877864510105,0.15974070254647332
1.0,0.25,0.0,0.0,0.0,0.36,0.2247020981030535,0.0448796507775952,0.993401267889143,1.07547184059779,0.9702295044764546,2.829153638604196,0.8826905827132534,2.915963311310384,3.205147640646417,3.1097288071582514,0.6894482552,0.990160318946083,0.0110740515587727,0.0312892792287175,0.0,0.4002765041184764,0.3603093144885179,0.9510237512,0.6894482552,1.0,0.39483117025625,0.35981440246,0.9515839428556588,0.686369879389307,1285,RIT,0.622746426583853,9.452534562211989,3.98027275310162,0.03046874999999999,2.3560937500000136,0.03046874999999999,2.3560937500000136,0.06812913795011045,0.16263255499861923,-0.35551,4.0225124999999995,2.032025,0.9802968749999998,0.0,0.0269135561201225,1.757068516912403,0.47721683137325066,0.0,3.141592653589793,-0.08392499999999997,1.5211750000000002,0.3718999999999999,0.0,0.0,0.38656500000000005,8.230348369807949,6.019950000000001,0.04241015624999989,-2.5925603071794048,0.0,0.0,0.0,1.0,0.0,0.04476455769844401,0.01335747394819997,0.07913673402554569,-2.720564398795634,-4.999104062659855,0.21324305638348,0.03170125278881466,0.029676647331686956,0.03362437160530834,1.1143312524830866,1.0082952706365256,1.2803670978196076,0.07015957436727949,0.06844719131044723,0.07243338021881816,5.164636939781441,5.113454645189506,5.23625956235607,1.0057775626395786,0.9899549710353104,1.0116072431907124,5.190980246885794,5.166504511539927,5.2372935603311355,2.8785734055373525e-06,2.9269663639525694e-09,0.00031876883628992916,2.991401796231485,0.15393159476977947,6.037209514824141,1.2823523948813372e-06,2.5061854298073113e-09,0.0005542112698392668,3.0147488544990177,0.24589078547185422,6.149094499678226,0.03547451059371465,0.029294480544637624,0.04148433867568621,1.527344080410733,1.3455356927337527,1.8276775687068685,0.0385966018037609,0.0040803270415579905,0.06524377775710298,-1.5832425965002548,-4.448232881074548,-0.020207679693591274
0.9000000000000008,0.2493074792243767,0.0,0.0,0.0,0.19,0.0688209028588422,2.9868527830386213,0.994311987992668,1.20766786853559,0.9699605242888996,2.8052945836847387,0.8813180785724757,2.8921739735144016,3.1830671035690594,3.0874494366245933,0.6841650489,0.0,0.0,0.0,27.65,0.3919398926445229,0.3558213746281353,0.9521084177,0.6841650489,1.0,0.3935482092334095,0.3594947871327383,0.951843459226394,0.6848348051898036,1330,RIT,0.5956875967256099,9.596620032564594,3.9825735289591884,0.02979993948902209,2.340576225547977,0.02979993948902209,2.340576225547977,0.0671524032583723,0.16353649744696944,-0.35607229916897504,4.0220168975069255,2.0304781163434904,0.9776955937970423,0.0,0.026558874621321553,1.7564108618115646,0.4754875382272201,0.02089819929801155,2.4482155701686192,-0.08484085872576169,1.5254407202216067,0.3758254847645426,0.029419954533320806,0.3227599757138142,0.3843420775623271,8.004593836280062,6.003872437673132,0.04076639267494243,-2.6061789900677685,0.0,0.0,0.0,1.0,0.0,0.042816782501522654,0.013336932058134025,0.07624949583700019,-1.2179180507469445,-3.483296424188704,1.7154723683483206,0.03016929735292162,0.028017303862213284,0.0315934695849593,2.6258807496787777,2.548328558266951,2.790155033435477,0.06688291135843771,0.06492356643690454,0.0689336593761287,0.3816194308246944,0.3385642064783677,0.4544193607407642,0.9735842759297892,0.9585696002722099,0.9792720443383497,0.36966286638629564,0.34600607662259725,0.41478790788888165,0.024797592899504894,0.023040799424526526,0.02653846997538697,-0.5540509609730351,-0.6372074319608148,-0.41700872694201685,0.028383519664119297,0.024661012135434732,0.03167171494293134,0.808758223203526,0.6824547700247885,0.9358969835687575,0.033450788531306896,0.027029309667085402,0.039385512520315705,-1.8179356939389182,-1.9902468360635694,-1.5175106077189549,0.06187061148605071,0.015314071316048365,0.09208860482124123,-6.936354261204118,-10.636270738787127,-2.7412608694753287
0.7000000000000002,0.2422145328719723,0.0,0.0,0.0,0.6975,,,0.991900926153651,0.717017616663164,0.9878687632694988,2.818948522496282,0.9502191171800216,2.8535658048003785,2.9666299820004824,2.930641091397032,0.664138202,0.0,0.0,0.0,112.77,0.3388857384507062,0.343688779283898,0.9768218144,0.664138202,1.0,0.3804993433230282,0.3562468440587541,0.9544415030841792,0.6690097871088613,1386,RIT,0.3265881140705068,11.153498935176525,4.007055730052486,0.02396175247053387,2.141370632250485,0.02396175247053387,2.141370632250485,0.06245710571530756,0.1668571242553169,-0.36183148788927333,4.016940830449827,2.0146346020761245,0.9509984572182889,0.0,0.02308431348782734,1.7496076183442026,0.4575965863535246,0.06704961102622825,2.430026725081553,-0.09422128027681648,1.5691311418685119,0.41603114186851164,0.09523601320414665,0.30501450886603365,0.3615744290657442,6.180623266186942,5.839202595155712,0.027531877626598915,-2.6188364737988867,0.0,0.0,0.0,1.0,0.0,0.02910063552602027,0.01004695968342147,0.04758175718437369,-3.0955840583450343,-4.976347943379511,-0.021191121576146443,0.01800885708925437,0.01584197851878134,0.019739420478833182,1.5591356225960569,1.3920555652780011,1.6791333727308886,0.04161777835771674,0.03867512538666482,0.04368895643723893,4.727237395605317,4.665720234676894,4.7682946188543145,0.6441219157884466,0.6294962252466605,0.6571453830813002,4.670887605899903,4.641738906735268,4.689511664548707,0.047637786834953566,0.043676462801066226,0.050828417854110186,-0.6836678041672968,-0.7621941761840247,-0.634270098170405,0.06128934085956983,0.06046582814228582,0.0630847333160394,4.219625505472269,4.180561513860283,4.251096009028774,0.015293361082808432,0.01147201340439652,0.019072559896616336,0.834892340927541,0.7000683214770449,1.0263072184940747,0.04272052731086784,0.017572210640521536,0.07325538270099144,-6.629894907137323,-10.247437035102678,-3.678971979277216
0.7000000000000002,0.2422145328719723,0.0,0.0,0.0,0.8775,,,0.990986818421025,0.456283937876559,0.990601994353942,1.8616240185873945,0.9613819853000292,1.8792855548423584,1.9364041006098285,1.9182057639392476,0.4467482464,0.0,0.0,0.0,35.92,0.2081644081694968,0.2088033340989321,0.9878814931,0.4467482464,1.0,0.3804993433230282,0.3562468440587541,0.9544415030841792,0.6690097871088613,1390,RIT,0.3265881140705068,11.153498935176525,4.007055730052486,0.02396175247053387,2.141370632250485,0.02396175247053387,2.141370632250485,0.03677760854741804,0.19545202894331215,-0.36183148788927333,4.016940830449827,2.0146346020761245,0.9509984572182889,0.0,0.02308431348782734,1.7496076183442026,0.4575965863535246,0.06704961102622825,2.430026725081553,-0.09422128027681648,1.5691311418685119,0.41603114186851164,0.09523601320414665,0.30501450886603365,0.3615744290657442,6.180623266186942,5.839202595155712,0.027531877626598915,-2.6188364737988867,0.0,0.0,0.0,1.0,0.0,0.01166088832256873,0.0006145414365902727,0.02291143919707972,-1.09927853827253,-3.3441054748545223,1.9919229782819727,0.010063306608114275,0.007946728693643068,0.012309574778592357,2.8049474776478935,2.6271033576742466,3.037739550580805,0.016728971896042832,0.01478002382507381,0.018528194335514742,0.34561550263742125,0.18075662001313905,0.43210105956678446,0.43418899304157454,0.4027697082601406,0.45308250959577023,0.23280850936508268,0.17816845777141438,0.26297356579007636,0.03180771119641723,0.03043956495008228,0.033572647756989385,3.053974291430756,2.9779793133493513,3.1127610849732807,0.0315578171592272,0.030224229177104787,0.03276992424879652,3.528679149001903,3.4717539958123105,3.575518365324045,0.006761663366812387,0.004383529038690835,0.008757973777313181,-1.708028826613595,-2.009964308749036,-1.4633570642804559,0.06564759394542585,0.0025296104839582128,0.11223564107870546,1.2167410282629603,0.006718936001736779,2.287195461066898
0.3333333333333333,0.1875,0.0,0.0,0.0,0.64,,,0.99395224315437,0.605032059442245,0.9906812209650112,3.0767445035293925,0.9505314175272672,3.1056857023416384,3.236867763438374,3.2067041079854133,0.557918333,0.0,0.0,0.0,209.38,0.2809476477467726,0.332042701773851,0.9824336571,0.557918333,1.0,0.2849550865647949,0.33276172592,0.971248210181883,0.5405636817226854,1476,RIT,0.04316486925554247,12.104987282981323,4.267052150529734,0.0195087661743164,-0.2104132080077932,0.0195087661743164,-0.2104132080077932,0.03813461362876061,0.1822250479026002,-0.4062575,3.9777843749999997,1.89241875,0.7420158691406249,0.0,0.01654776200957613,1.7036939313984176,0.3258825422735166,0.1497074382305145,2.33851416015625,-0.16658124999999996,1.9061562500000002,0.7261749999999998,0.19871484375,0.18534031250000002,0.18594624999999998,2.13382630909159,4.56895,0.03969810390472408,-2.0624280134784603,0.0,0.0,0.0,1.0,0.0,0.02244523208311333,0.006431318692910713,0.03441051993990473,-7.800733584326601,-10.907942552739497,-6.0705026742101795,0.01381262279844575,0.011998654023624971,0.015271761315574214,-0.10788082553011832,-0.2670076826801333,-0.02017924664202919,0.030307643079589865,0.028294657799653514,0.03149922734102667,-0.2597651478230194,-0.319110424359784,-0.22222511759688146,0.5946966492640733,0.5835113945473084,0.6064545948114629,-0.34241080459883877,-0.368822220153433,-0.3208171783652709,0.12908660004591743,0.12027641761758769,0.13513205105557197,-0.3711122092611977,-0.42494651929834415,-0.33452654421316197,0.15674173086128962,0.15505944656090645,0.16026001691347772,-0.253743697086076,-0.2690527029690504,-0.23008144804930986,0.025495016194837516,0.02410601475259179,0.02785770544384246,-0.6183574362173683,-0.7117783895135412,-0.4999473592480532,0.029144783187924572,0.005318930325575211,0.04984216900802871,-0.9167059089432874,-3.819327112954304,0.6108770396399968
1.0,0.25,0.0,0.0,0.0,0.4375,0.3638979090594643,5.815840945488542,0.992996625198657,1.00825485056045,0.971399927629474,2.8382703562661926,0.8872356387970952,2.921835050155376,3.199003998660705,3.107512252785407,0.6916352642,0.9666596774856177,0.010059385955195,0.0315156819197422,0.0,0.3998023636560142,0.359412633408084,0.9523627935,0.6916352642,1.0,0.39483117025625,0.35981440246,0.9515839428556588,0.686369879389307,1293,RIT,0.622746426583853,9.452534562211989,3.98027275310162,0.03046874999999999,2.3560937500000136,0.03046874999999999,2.3560937500000136,0.06846204611683258,0.16225477069310099,-0.35551,4.0225124999999995,2.032025,0.9802968749999998,0.0,0.0269135561201225,1.757068516912403,0.47721683137325066,0.0,3.141592653589793,-0.08392499999999997,1.5211750000000002,0.3718999999999999,0.0,0.0,0.38656500000000005,8.230348369807949,6.019950000000001,0.04241015624999989,-2.5925603071794048,0.0,0.0,0.0,1.0,0.0,0.045145001939343565,0.015627641381559844,0.08197702056273637,-2.502738118422477,-4.709559289587008,0.504223290503606,0.03071981035005289,0.025507783365710572,0.035200973770870475,1.5249250819997582,1.3548006862978066,1.6981469813569698,0.06906639959491175,0.06430143123242173,0.07426645792395974,5.455813235522395,5.323475744229643,5.567210510225773,0.9825158677145909,0.9680349672555986,0.9886452131501368,-0.7913567953200724,-0.814770720821369,-0.7483714816372409,7.740180378091249e-07,2.5794630372716697e-09,0.0005326447727175597,3.0075394993232014,0.21242507936099697,6.016531103919187,1.9081062609049067e-06,3.243673123187587e-09,0.0008616787405936307,3.1286734407534564,0.17188381532493863,6.1940309243896525,0.03437718677095791,0.02770870839301523,0.04003228307601762,-4.137145130516335,-4.30663537361446,-3.855419769158619,0.038800640099322166,0.006562181844050317,0.061200045555180035,-1.5733008450384776,-4.648782486275412,0.14856456394882
1.0,0.25,0.0,0.0,0.0,0.245,,,0.987856239916198,0.871343006021802,0.9693387413112364,2.835220110810897,0.8792351908137046,2.92490126514046,3.224643577092256,3.125771946195971,0.6846273603,1.0991695549187626,0.0117548499678607,0.0359052836440655,0.0,0.3948582100597984,0.3551816187616268,0.9492572561,0.6846273603,1.0,0.39483117025625,0.35981440246,0.9515839428556588,0.686369879389307,1119,RIT,0.622746426583853,9.452534562211989,3.98027275310162,0.03046874999999999,2.3560937500000136,0.03046874999999999,2.3560937500000136,0.06740056377971038,0.16345789867325694,-0.35551,4.0225124999999995,2.032025,0.9802968749999998,0.0,0.0269135561201225,1.757068516912403,0.47721683137325066,0.0,3.141592653589793,-0.08392499999999997,1.5211750000000002,0.3718999999999999,0.0,0.0,0.38656500000000005,8.230348369807949,6.019950000000001,0.04241015624999989,-2.5925603071794048,0.0,0.0,0.0,1.0,0.0,0.048446493578019445,0.014820059774916678,0.08527833421359576,-2.4349798916489105,-4.9462265127852145,0.3575986650814576,0.03511129400454249,0.03186468522691346,0.036756369960848176,1.0106556857046778,0.9124168527336395,1.2050050925587745,0.07664175589676134,0.07447837535472658,0.0786378102720137,5.436430832924174,5.3919673249213504,5.529760663458455,1.1179173983084403,1.0988956359177702,1.135091629709793,-0.8630280257012442,-0.8949077961683001,-0.8050801184514649,1.1080102606589728e-06,3.332416664372868e-09,0.0003592872110208758,2.8185258449474273,0.15599825876006948,6.110615927422259,1.6648821470896858e-06,2.5586759298026334e-09,0.0005977472455283543,3.1065317394023926,0.2371969927611018,6.026219957022908,0.04056906115203518,0.0333190769696918,0.04705715872480832,-4.390568008090791,-4.601824731351829,-4.026915859512846,0.025710492971885768,0.0055291253489750305,0.04763528573956524,-1.6460056962966534,-2.8813488999953525,-0.4384591901461299
0.3333333333333333,0.1875,0.0,0.0,0.0,0.8775,,,0.993017646894539,0.35293536800798,0.9928143882803006,1.866522898047769,0.961814425537033,1.8800320785850608,1.940626849098867,1.9266822580684184,0.34735168,0.0,0.0,0.0,58.64,0.1562963876216424,0.1973947120165018,0.9912904256,0.34735168,1.0,0.2849550865647949,0.33276172592,0.971248210181883,0.5405636817226854,1482,RIT,0.04316486925554247,12.104987282981323,4.267052150529734,0.0195087661743164,-0.2104132080077932,0.0195087661743164,-0.2104132080077932,0.021260768093234052,0.205621214697849,-0.4062575,3.9777843749999997,1.89241875,0.7420158691406249,0.0,0.01654776200957613,1.7036939313984176,0.3258825422735166,0.1497074382305145,2.33851416015625,-0.16658124999999996,1.9061562500000002,0.7261749999999998,0.19871484375,0.18534031250000002,0.18594624999999998,2.13382630909159,4.56895,0.03969810390472408,-2.0624280134784603,0.0,0.0,0.0,1.0,0.0,0.00812297188878286,3.7522781372647625e-09,0.012579661778493482,-0.6086905330984308,-5.647178188725922,0.7641222762038655,0.0056296958849865065,0.004158230910951542,0.007377802895619738,0.2337095341106583,0.06357871777556935,0.4962222291523188,0.009742502401421715,0.008421143108855292,0.011086392523908894,0.3381356683686816,0.16110751901344572,0.4641288274664737,0.3361531888666611,0.3149916659003055,0.35262802874375365,0.1850972731529288,0.11594781445043786,0.22395976931706046,0.06984893660072022,0.06757631902962923,0.07263798598575778,2.9505266999155926,2.9173441543691463,3.003859559712826,0.066376962208615,0.06500050940047193,0.06750948277694396,3.41183786419762,3.37767838834252,3.4559644044088946,0.012052930951046759,0.010476457148860894,0.01314263284692354,-0.10113606059929148,-0.1495583573547501,-0.011842926948427035,0.05090426969516291,0.009004846828592247,0.08539855265906174,-0.2451320990302155,-4.256439686167907,1.2471852460799984
0.7500000000000013,0.2448979591836735,0.0,0.0,0.0,0.21,,,0.988509326783562,0.87320388795923,0.9721935209165136,2.838695680951945,0.8880354943120975,2.919887470835877,3.196601598848136,3.107715363351526,0.6765134706,0.0,0.0,0.0,70.17,0.3830836725464249,0.3598420041414556,0.955000762,0.6765134706,1.0,0.385416566825435,0.3574701254265389,0.9534713184168964,0.6750187370840793,1267,RIT,0.4260003573942982,10.549511866711324,3.9975928802337006,0.025960735080191092,2.224787943243811,0.025960735080191092,2.224787943243811,0.06489476700181906,0.16482447348312362,-0.3596526530612244,4.018861224489796,2.0206285714285714,0.9611101496825304,0.0,0.02436249195759436,1.752194615083263,0.46440132620896324,0.05515817928810085,2.4366878469005266,-0.09067244897959176,1.5526020408163264,0.4008204081632649,0.07813601475575616,0.3116678029987506,0.37018795918367364,6.780630176006653,5.901501020408165,0.0318067131257991,-2.6373216687780077,0.0,0.0,0.0,1.0,0.0,0.039779228469136396,0.014709141596749341,0.06900688456344106,-2.2780183453200484,-4.524556612989636,0.6016553772301767,0.025617301014859928,0.023864480201643813,0.026896273798669445,1.5967251090993917,1.518292259453146,1.7503263801310491,0.06263417652329129,0.06088423042767386,0.06441154904283691,5.591485837674016,5.551828282138198,5.6564265849602275,0.9281636435263463,0.9129480943353223,0.9385493824387676,-0.7157570171479777,-0.7374968622066822,-0.6751777839041075,0.052748682763637166,0.05143382858305295,0.054529709215896206,-0.9885560069761776,-1.0546069567603231,-0.9200309501202835,0.07291537875118448,0.07151921626592175,0.07540588005085323,-0.8088740131816872,-0.8504207917589461,-0.7541240021276545,0.027575082342248595,0.021790028051390724,0.033363889003480376,-3.9250025727961537,-4.101840011837647,-3.6244067400456403,0.020707107006531666,0.0030552964027910747,0.037368260097320416,-0.7539013774497203,-2.0459469563439248,0.1436783678150913
0.4999999999999993,0.222222222222222,0.0,0.0,0.0,0.7975,,,0.992100443669407,0.537767037245926,0.9910357892355895,2.3688533702629493,0.959841854978068,2.3902803470802043,2.467962152282968,2.445838819391316,0.5189116195,0.0,0.0,0.0,109.13,0.2346890916085398,0.2820384583160056,0.9868523335,0.5189116195,1.0,0.3445819394768172,0.3473434123990122,0.9612091161354084,0.6233940746778821,1434,RIT,-0.18790136354779619,15.239396488866545,4.086138574069609,0.015762688614540447,1.3182228318853646,0.015762688614540447,1.3182228318853646,0.04088596033629169,0.18713559780979694,-0.37806444444444454,4.002633333333333,1.9699777777777774,0.8752373113854589,0.0,0.015516703337507386,1.7302072009968983,0.4061529083839812,0.11443919833057686,2.3879403292181074,-0.12066111111111122,1.6922777777777787,0.5293555555555562,0.16210699588477395,0.25775302469135775,0.2974011111111108,3.5843356544981253,5.375061111111108,0.016664783108566984,-2.161595516402621,0.0,0.0,0.0,1.0,0.0,0.013589576876476772,0.00812737561550871,0.02136744281179778,-5.404413900511527,-7.585077253660166,-2.7873447320610683,0.005519341149842982,0.003926946493336838,0.00707591377937615,4.871456164970379,4.590127444556281,5.132643083845421,0.020912436166148386,0.019449160248614674,0.0222475921044105,2.3572663877908786,2.2808785632110244,2.412902307823567,0.4566055362131802,0.44106037362868095,0.4789380563789891,2.254607875451752,2.2229698900027675,2.2840542074118435,0.06781284017483732,0.06365368539283615,0.07076915348537521,4.350397648388488,4.295219937465054,4.38595456169519,0.06942076641967188,0.06822206125352429,0.07098072522040522,0.40571757614405224,0.37952753172858716,0.4367016639314394,0.006542091661230431,0.004104878346159063,0.008808220494078,3.522272118203304,3.3525162865951392,3.9039383897014552,0.04393252462438465,0.01644821782139235,0.07149093479396945,-0.22273203598546298,-3.8113095491986586,2.1146566046626605
0.4999999999999993,0.222222222222222,0.0,0.0,0.0,0.04,0.0376427393557758,5.708722650523168,0.991359757477962,0.873824411614717,0.9750689390769498,2.883018774555881,0.889208730893459,2.956733271890596,3.2422294950467734,3.161397273979252,0.6240172106,0.0,0.0,0.0,145.55,0.3453118013089122,0.3505436930332735,0.9612175422,0.6240172106,1.0,0.3445819394768172,0.3473434123990122,0.9612091161354084,0.6233940746778821,1209,RIT,-0.18790136354779619,15.239396488866545,4.086138574069609,0.015762688614540447,1.3182228318853646,0.015762688614540447,1.3182228318853646,0.052494675789670396,0.17306159036126365,-0.37806444444444454,4.002633333333333,1.9699777777777774,0.8752373113854589,0.0,0.015516703337507386,1.7302072009968983,0.4061529083839812,0.11443919833057686,2.3879403292181074,-0.12066111111111122,1.6922777777777787,0.5293555555555562,0.16210699588477395,0.25775302469135775,0.2974011111111108,3.5843356544981253,5.375061111111108,0.016664783108566984,-2.161595516402621,0.0,0.0,0.0,1.0,0.0,0.03252404157009092,0.024919879427219203,0.04368593713303462,-3.6759962977793634,-6.0483941145826146,-1.2822687796626697,0.008958932690621313,0.0067933354591164325,0.010603301395505818,-0.4484721918947632,-0.6884870694365137,-0.19384987989043534,0.051881474391932914,0.05053767506342164,0.0534814436431926,4.1891063768173,4.12808590984404,4.243409564347225,0.8608364364445967,0.8477389119473279,0.8679735145559196,4.157229172859399,4.139343689818511,4.191814693452224,0.11887908154169913,0.11625790594283726,0.12089188006323541,4.538791845402606,4.500638651245634,4.58962329212755,0.15377524164562673,0.1513651733515332,0.15681644313666812,3.310056041816082,3.2883156168722505,3.360429674573546,0.01005372477494626,0.004846858921942988,0.016844826902464683,0.6033083105553021,0.41629145916363075,1.2002418888965498,0.022430231654871347,0.007087523082425213,0.037985840437961785,-1.1349138815379938,-1.9672998059022895,-0.5694288162839234
0.7999999999999985,0.2469135802469135,0.0,0.0,0.0,0.75,,,0.991472446943708,0.6644828014618,0.9890108080855536,2.598567905282056,0.9557383164828306,2.627441362660284,2.7189115058658824,2.689032865529525,0.6284487627,0.0,0.0,0.0,60.63,0.3037467034405507,0.3293687745294829,0.9811185558,0.6284487627,1.0,0.3891256046145102,0.3583933726890412,0.9527324493167656,0.6795146807490542,1364,RIT,0.5028462423056482,10.106837059522054,3.990647173447231,0.027627491095340576,2.2812137574892404,0.027627491095340576,2.2812137574892404,0.058690482105844814,0.17240276041392733,-0.35801604938271614,4.0203037037037035,2.0251308641975303,0.9686962052231571,0.0,0.025352588670204106,1.7541277574781549,0.469484522925366,0.043442380310503216,2.4418658261218082,-0.08800679012345691,1.5401864197530875,0.38939506172839566,0.061382241866924474,0.3167135490016765,0.37665790123456755,7.2984070651607516,5.948295679012343,0.035589057653982833,-2.6339908286138543,0.0,0.0,0.0,1.0,0.0,0.025183252918971166,0.005828553246159177,0.04272484998011088,-4.399263000370842,-6.200811623420365,-1.0419746116311241,0.018297566110991648,0.016228527760728306,0.02007922384222259,0.33708445141544696,0.22072968511223243,0.464927809466259,0.03393622747916747,0.031580784115178125,0.03571352913469702,3.4410026161140315,3.364943062972867,3.486458955258496,0.5710087675585716,0.5476836370831533,0.5843231329954873,3.365805191080371,3.3221234199319873,3.398160146364393,0.027605635433991416,0.0243584948429198,0.029463509297155355,5.0105260630646615,4.93692450572215,5.063471401364393,0.032008217237592285,0.031153118503825343,0.03371518939623123,2.2103536775905392,2.1678438824438238,2.242511517719377,0.014716098031996123,0.010955287369045637,0.01785725124105427,-1.8347327268764113,-2.002375548935319,-1.6302355732305216,0.04576996613701943,0.025830894660165197,0.08266034538571272,-0.23126019642679396,-3.796113494222368,2.5587711716109247
1.0,0.25,0.0,0.0,0.0,0.015,,,0.990560759313373,0.995253673031852,0.969798254879435,2.8106252955167497,0.8810173103343952,2.8981546227531267,3.190204395019163,3.0938546549982884,0.6863734048,0.941446120332794,0.0122698295204619,0.0339547841876338,0.0,0.3934844016989821,0.3583654942817134,0.9515538303,0.6863734048,1.0,0.39483117025625,0.35981440246,0.9515839428556588,0.686369879389307,1096,RIT,0.622746426583853,9.452534562211989,3.98027275310162,0.03046874999999999,2.3560937500000136,0.03046874999999999,2.3560937500000136,0.0676636116160599,0.16316014440375276,-0.35551,4.0225124999999995,2.032025,0.9802968749999998,0.0,0.0269135561201225,1.757068516912403,0.47721683137325066,0.0,3.141592653589793,-0.08392499999999997,1.5211750000000002,0.3718999999999999,0.0,0.0,0.38656500000000005,8.230348369807949,6.019950000000001,0.04241015624999989,-2.5925603071794048,0.0,0.0,0.0,1.0,0.0,0.04311128493606098,0.012750117948596278,0.07671520237652467,-6.777953973720084,-8.960147757869215,-3.7721837876809268,0.030186181422336977,0.028002675165811265,0.03160128672199492,3.5289687037865685,3.4442967803485556,3.6637704178856394,0.06607234522024208,0.06412643458385829,0.06813831016766173,1.2080890421739667,1.1623079486309944,1.2705976277033042,0.9559767301334157,0.942593775443361,0.9620365879529316,1.2088204602074615,1.185307393776997,1.2501536306308947,1.0208923548509238e-06,3.04487532015366e-09,0.0010239633161713373,3.2049273519370804,0.14014966172665747,6.1145549441806955,1.5752115047056013e-06,3.5985884537297665e-09,0.0004775079148569495,2.9441337926213853,0.10118761342532781,6.058142046343043,0.03309959371525384,0.027155703021498244,0.039001419459820684,-0.1334427744660748,-0.2890718513670336,0.14536595945678468,0.02090138499967542,0.004164834935932588,0.03818440289674192,-0.7779298277983429,-2.227798887090274,0.4441964993640587
0.7500000000000013,0.2448979591836735,0.0,0.0,0.0,0.25,,,0.988047824690011,0.8508103155156,0.9718636343731354,2.895440352546584,0.886726136126292,2.979266072049481,3.265315224828561,3.1734411217758165,0.6763982043,0.0,0.0,0.0,73.34,0.3965798904858813,0.338746804642092,0.9509182913,0.6763982043,1.0,0.385416566825435,0.3574701254265389,0.9534713184168964,0.6750187370840793,1271,RIT,0.4260003573942982,10.549511866711324,3.9975928802337006,0.025960735080191092,2.224787943243811,0.025960735080191092,2.224787943243811,0.06487804831505051,0.16484369126683737,-0.3596526530612244,4.018861224489796,2.0206285714285714,0.9611101496825304,0.0,0.02436249195759436,1.752194615083263,0.46440132620896324,0.05515817928810085,2.4366878469005266,-0.09067244897959176,1.5526020408163264,0.4008204081632649,0.07813601475575616,0.3116678029987506,0.37018795918367364,6.780630176006653,5.901501020408165,0.0318067131257991,-2.6373216687780077,0.0,0.0,0.0,1.0,0.0,0.051763517925825904,0.021299031806920176,0.08107702441050603,-4.623383461062253,-7.285589870977297,-2.078612548423676,0.03418508018225408,0.028088964243991155,0.03665239121244901,4.618690348738769,4.486082254168618,4.855788910624311,0.08538585291454603,0.08319143395002548,0.08801707007129317,3.175289622791794,3.1166424171540985,3.288032505470963,1.2659198193751267,1.224615450727325,1.2912883219423903,3.15446467247138,3.109963260457468,3.2279835436338757,0.07214290053305461,0.06947526348090924,0.07465341491361638,3.384533970202277,3.3140754991618477,3.500020927197368,0.09959453383898698,0.09549085645081934,0.10256076320936593,1.6954043148830178,1.6485311860500684,1.8025305564002667,0.041292308597427496,0.03232403032379731,0.048807273484233554,-2.676283425548659,-2.935199785168833,-2.2199472662725315,0.03244533862757992,0.006438957731339615,0.05467631305371263,-2.4275297153853477,-3.6398146459072964,-1.4982243298811309
0.4999999999999993,0.222222222222222,0.0,0.0,0.0,0.19,0.0691539543945054,4.210456361018053,0.994924379218878,1.07553407449185,0.9749873987589204,2.8818920373099406,0.888850962412044,2.955824907048393,3.2422668807034314,3.161169352099237,0.623581332,0.0,0.0,0.0,147.81,0.3451082990158911,0.345365364617578,0.9615259695,0.623581332,1.0,0.3445819394768172,0.3473434123990122,0.9612091161354084,0.6233940746778821,1422,RIT,-0.18790136354779619,15.239396488866545,4.086138574069609,0.015762688614540447,1.3182228318853646,0.015762688614540447,1.3182228318853646,0.05244243110900743,0.1731260579973,-0.37806444444444454,4.002633333333333,1.9699777777777774,0.8752373113854589,0.0,0.015516703337507386,1.7302072009968983,0.4061529083839812,0.11443919833057686,2.3879403292181074,-0.12066111111111122,1.6922777777777787,0.5293555555555562,0.16210699588477395,0.25775302469135775,0.2974011111111108,3.5843356544981253,5.375061111111108,0.016664783108566984,-2.161595516402621,0.0,0.0,0.0,1.0,0.0,0.03166968203922582,0.023609771027674482,0.0429903148131398,-7.86658709515455,-10.20360102419683,-5.457795975276442,0.009308104011829799,0.0060028154124422564,0.010938346148713425,1.7324040273318206,1.4957991147889442,1.9954095293900966,0.050444221053059346,0.048783069729549496,0.05287166077847619,-0.08054812246755105,-0.13870381995861436,-0.04011342107216809,0.854800795639381,0.8406865786606723,0.8607722227460859,-0.12164642784214541,-0.14312031847154305,-0.08605512318302111,0.10922489974435434,0.10664504241209684,0.11301767521196686,-0.7240913661436983,-0.8275406536347605,-0.6195243686096381,0.1523316612130411,0.1466275055338917,0.16101325374517966,0.038878029121304,0.0043220675361209365,0.06486949203454727,0.0102801302898059,0.00408936496691745,0.01763676197660724,-1.660288967714481,-2.0491399181054915,-0.8212419963250586,0.04743788166531793,0.005892228392627076,0.0780920780339654,-6.6890724151968195,-10.235405090868229,-2.2671141080909933
1.0,0.25,0.0,0.0,0.0,0.285,,,0.987385121753721,0.847946974017122,0.9740928583650532,2.961844011323832,0.8977137934355988,3.040617725393327,3.2993188174024777,3.2138428975011863,0.7009878137,1.197226267215274,0.0120944203704031,0.0383128860076895,0.0,0.4193399060703369,0.3581823624660138,0.9502418555,0.7009878137,1.0,0.39483117025625,0.35981440246,0.9515839428556588,0.686369879389307,1123,RIT,0.622746426583853,9.452534562211989,3.98027275310162,0.03046874999999999,2.3560937500000136,0.03046874999999999,2.3560937500000136,0.06990299982932115,0.1606147520480285,-0.35551,4.0225124999999995,2.032025,0.9802968749999998,0.0,0.0269135561201225,1.757068516912403,0.47721683137325066,0.0,3.141592653589793,-0.08392499999999997,1.5211750000000002,0.3718999999999999,0.0,0.0,0.38656500000000005,8.230348369807949,6.019950000000001,0.04241015624999989,-2.5925603071794048,0.0,0.0,0.0,1.0,0.0,0.05313833272359958,0.01862762397489688,0.09073203992412282,-3.247785840227037,-5.7889812830621965,-0.55006131110318,0.03790567720732685,0.033787630306221714,0.040204556063099736,0.02551771530304181,-1.2903034504762996,0.2452235158803523,0.08691694184367726,0.08432444888718725,0.0892066112320206,4.565064226467299,4.511363766841595,4.6679792188392,1.2199536087811131,1.197046613476566,1.246028506493342,4.546761013464719,4.509652723375575,4.6101841205056715,1.497402177519528e-06,2.987875956964498e-09,0.0005244076159176813,3.2551352848249246,0.13073546952164875,6.153238572635009,1.5097444736403283e-06,3.257937071049872e-09,0.00034735676603061714,3.1863771009179316,0.23732694142529218,6.25807677703384,0.04648765534193955,0.03853825631589749,0.05377262611733722,0.12822601378869858,-0.08509260131632423,0.5138882685576046,0.02714160597795916,0.0032261585445505407,0.046309348290058915,-6.640613883882894,-9.092043162056397,-2.6573885736157825
1.0,0.25,0.0,0.0,0.0,0.16,,,0.988856636753217,0.919084235184412,0.9691313661823732,2.798465600526763,0.8784312098370262,2.887601927023113,3.1857538406973926,3.0874139719558062,0.6835831831,0.9451762784482218,0.0110171285223695,0.0316526012055641,0.0,0.3906931931847686,0.3585906006394168,0.9510947706,0.6835831831,1.0,0.39483117025625,0.35981440246,0.9515839428556588,0.686369879389307,1111,RIT,0.622746426583853,9.452534562211989,3.98027275310162,0.03046874999999999,2.3560937500000136,0.03046874999999999,2.3560937500000136,0.06724369852865564,0.16363527616025433,-0.35551,4.0225124999999995,2.032025,0.9802968749999998,0.0,0.0269135561201225,1.757068516912403,0.47721683137325066,0.0,3.141592653589793,-0.08392499999999997,1.5211750000000002,0.3718999999999999,0.0,0.0,0.38656500000000005,8.230348369807949,6.019950000000001,0.04241015624999989,-2.5925603071794048,0.0,0.0,0.0,1.0,0.0,0.04239882680013307,0.012134225568385903,0.07615102171315702,-3.3086265163800253,-5.487568038034979,-0.335038785860184,0.03042407707531547,0.028347336433947226,0.03165221367351602,0.6491529586034659,0.5738009995720813,0.7892063697933015,0.06588595281213679,0.06387928205498583,0.06778157484676169,4.658637362753196,4.612973704754062,4.723670531102427,0.9608111927619777,0.9463443138761832,0.9698499988826293,4.652601171403338,4.627752502016882,4.694651836898064,1.4268296314930662e-06,2.2486716440799084e-09,0.00024493090475260083,3.2771690430514857,0.1461491850820299,6.065920343665323,1.5504647676514446e-06,2.9035668533479163e-09,0.00038993256774490584,3.534796869762665,0.1448935239331059,6.1716682028360585,0.03333240152198791,0.02742513140266701,0.03907928900315502,0.4573915016779707,0.30885902469253024,0.7372878936317045,0.02212033664185261,0.003530651488462216,0.04012928416119212,-0.8374813325949453,-2.232711029815647,0.2030112771470176
0.6,0.2343749999999999,0.0,0.0,0.0,0.75,,,0.991904597649669,0.630732477889321,0.9897079453418106,2.603621546447144,0.9563132097551112,2.6306968219275477,2.72256152052304,2.6945407685435336,0.5986190548,0.0,0.0,0.0,122.04,0.2841276952777186,0.3188508093805602,0.9829380364,0.5986190548,1.0,0.3662667109852408,0.3527113535796874,0.9571899292820022,0.6513011211070794,1410,RIT,0.06720986804102091,12.945682506053204,4.036187802965097,0.019445141293108432,1.852697513103493,0.019445141293108432,1.852697513103493,0.05212375970797233,0.17672289293525323,-0.368196875,4.01133046875,1.9971234375,0.921378650665283,0.0,0.01965705721653513,1.7419899034765147,0.43751934203272236,0.09096421876791287,2.412011665344238,-0.1045890625,1.6174203125000002,0.46046875,0.1296405029296876,0.28599705078125,0.3364103125000001,4.856638693197723,5.6572000000000005,0.019396620303159386,-2.4688778948605195,0.0,0.0,0.0,1.0,0.0,0.020411379581838474,0.008083509992077055,0.032964669760136775,-4.330868573509067,-6.240820508502429,-1.381657553392781,0.011441723954943583,0.009558156959949835,0.01335900841123944,0.3044848352239311,0.09538490634158528,0.5071675495677989,0.029301851922038158,0.026874474262989723,0.030956347356530866,3.5369721882379905,3.4603499483962206,3.5879834346640207,0.5295916265975406,0.5088995955442521,0.5447782245386067,3.449514396411534,3.405805614759472,3.4790619521281934,0.05835169207581181,0.052799265966889934,0.06171707230151974,5.072421128077195,5.015346762004725,5.114745587355052,0.06565551250957757,0.064630579913815,0.06741239937642957,2.3226331845793524,2.2995387746311966,2.3479176360493685,0.0078595953302949,0.004155553067299973,0.011167854632576888,-1.2335487891178456,-1.473480382056028,-0.9548687914465228,0.042880779218322354,0.024096967071365796,0.0768806112051257,-0.2906184578516342,-3.8484002063369465,2.473777096708879
0.7500000000000013,0.2448979591836735,0.0,0.0,0.0,0.004,,,0.990882347364176,0.980464298323881,0.9707698445325548,2.820360487884624,0.8823879359014275,2.9052823424306973,3.1962817862003154,3.1028539726719164,0.6750072764,0.0,0.0,0.0,72.59,0.3840633513581619,0.3604681657317314,0.9535172513,0.6750072764,1.0,0.385416566825435,0.3574701254265389,0.9534713184168964,0.6750187370840793,1243,RIT,0.4260003573942982,10.549511866711324,3.9975928802337006,0.025960735080191092,2.224787943243811,0.025960735080191092,2.224787943243811,0.06467660321580901,0.16507516443702178,-0.3596526530612244,4.018861224489796,2.0206285714285714,0.9611101496825304,0.0,0.02436249195759436,1.752194615083263,0.46440132620896324,0.05515817928810085,2.4366878469005266,-0.09067244897959176,1.5526020408163264,0.4008204081632649,0.07813601475575616,0.3116678029987506,0.37018795918367364,6.780630176006653,5.901501020408165,0.0318067131257991,-2.6373216687780077,0.0,0.0,0.0,1.0,0.0,0.0402283764756699,0.015143985186992585,0.06957836217484237,-6.686141376016555,-8.8883579296445,-3.7744707529017076,0.025500152112449603,0.023812384436356446,0.026768753258549646,3.5712730201003975,3.486690803590494,3.7161069527503066,0.06265483737132094,0.06111728906718547,0.06416828350217725,1.2863202943581251,1.2427650509097448,1.3446387231076904,0.9302122968588007,0.9174382597061699,0.9365074707147804,1.2802639779050486,1.2584285206679835,1.319484189888081,0.053807709049966124,0.051704737709171125,0.05545184636715128,3.145877270131158,3.098722521126599,3.192729231739536,0.07289112355380245,0.07147974780138727,0.07503168814661886,-0.956237941518816,-0.9877667719478023,-0.896684546929345,0.027285467804344377,0.021276986649553385,0.03313944363638006,0.06027679557870857,-0.10287291337024573,0.35359852045563545,0.020872749104151378,0.004210208013921512,0.03770245147521089,-0.7953226388027637,-2.0939295175689265,-0.006439041446597571
0.9000000000000008,0.2493074792243767,0.0,0.0,0.0,0.6975,,,0.991664199339552,0.738019252993974,0.9873685799885188,2.814463276813136,0.9496539627901356,2.850468744757771,2.9636724397422487,2.9262370483794133,0.6815602194,0.0,0.0,0.0,35.53,0.3522188588605029,0.3504100720290619,0.9752336271,0.6815602194,1.0,0.3935482092334095,0.3594947871327383,0.951843459226394,0.6848348051898036,1340,RIT,0.5956875967256099,9.596620032564594,3.9825735289591884,0.02979993948902209,2.340576225547977,0.02979993948902209,2.340576225547977,0.06676310508150418,0.16397771807581663,-0.35607229916897504,4.0220168975069255,2.0304781163434904,0.9776955937970423,0.0,0.026558874621321553,1.7564108618115646,0.4754875382272201,0.02089819929801155,2.4482155701686192,-0.08484085872576169,1.5254407202216067,0.3758254847645426,0.029419954533320806,0.3227599757138142,0.3843420775623271,8.004593836280062,6.003872437673132,0.04076639267494243,-2.6061789900677685,0.0,0.0,0.0,1.0,0.0,0.03288508151590379,0.008639348867937095,0.05516585853237995,-3.1907633046905195,-5.003396108375757,0.09086733375663943,0.022998669870928894,0.020837233930585737,0.025226549743629617,1.533943633431629,1.3944037172138743,1.6240472075063277,0.045363478774189336,0.042446731341782555,0.047482595486200686,4.659636260641838,4.605744941491154,4.698878341300963,0.6761017940417342,0.6634568799857077,0.6875994656422246,4.608191294539001,4.578378572526467,4.6275758934093405,0.014667233229605947,0.012628769855779503,0.016017601925674876,-0.7363269200021803,-0.8414460665159522,-0.6488642665487356,0.019364288375066117,0.018594633519462254,0.020761210628050277,4.135275648869635,4.0591383465090685,4.178024910992992,0.021193690695335166,0.017387216726809776,0.025015051100181762,0.5987467866626439,0.47956717244684605,0.7817949641790392,0.04522393584787798,0.01935198116779232,0.07908039560532486,-6.672693728585304,-10.297500640460317,-3.6501454882546174
0.9999999770242036,0.2499999999999999,2.36026838281e-06,2.35052639765e-06,2.355397390285957e-06,0.1974746,0.0528646455303688,4.304844816474166,0.9933533184000995,1.1467067659736032,0.969826244820016,2.809631664178424,0.8811258902833867,2.897046434023701,3.188683586717437,3.0924690288253918,0.68692135924,0.0,0.0,0.0,,0.393743515941067,0.3599765868571012,0.951803989399,0.68692135924,1.0,0.3948311670876194,0.3598145751055636,0.9515838789336192,0.6863705997037456,1356,SXS,,,,,,,,,,,,,,,,,,,,,,,,,,,,,,,,,,,,,,,,,,,,,,,,,,,,,,,,,,,,,,,,,,,,,,,,,,,,,,,,,,
0.9000000000000008,0.2493074792243767,0.0,0.0,0.0,0.64,,,0.991964494009275,0.805111912357063,0.9849888322680274,3.0043655225870745,0.9402404604948684,3.0501518638229093,3.195316143921113,3.1473507173280333,0.7151745337,0.0,0.0,0.0,33.26,0.4072519693827666,0.3586452092803966,0.9657242708,0.7151745337,1.0,0.3935482092334095,0.3594947871327383,0.951843459226394,0.6848348051898036,1338,RIT,0.5956875967256099,9.596620032564594,3.9825735289591884,0.02979993948902209,2.340576225547977,0.02979993948902209,2.340576225547977,0.07195333975946196,0.15804726265771762,-0.35607229916897504,4.0220168975069255,2.0304781163434904,0.9776955937970423,0.0,0.026558874621321553,1.7564108618115646,0.4754875382272201,0.02089819929801155,2.4482155701686192,-0.08484085872576169,1.5254407202216067,0.3758254847645426,0.029419954533320806,0.3227599757138142,0.3843420775623271,8.004593836280062,6.003872437673132,0.04076639267494243,-2.6061789900677685,0.0,0.0,0.0,1.0,0.0,0.042798663774026635,0.012976226181017516,0.07404539220794668,-1.917700011703404,-3.878943305504249,1.1148694351596706,0.02850911777144264,0.026609743263966708,0.029676483976990527,2.3999274421334276,2.3223629635533363,2.509273623964103,0.06489880220936473,0.06357215754632216,0.0666965084358498,-0.3162620404678662,-0.347949344022223,-0.2684230709038973,0.8941876803682571,0.8795053166415263,0.9089479591981884,-0.34179029909896075,-0.37596219778121753,-0.3043183668958971,0.01813605963271958,0.01595106030963183,0.019448857300330243,-0.5065245565083656,-0.6021384247584134,-0.4523178405753008,0.027137267153870104,0.026434419432513748,0.028617316122690844,-0.14722164779907065,-0.20668114334702192,-0.09689063451983237,0.0312910674851693,0.025177373804683406,0.0364637692713863,-3.121069045618536,-3.2705984460604074,-2.879615494304077,0.0486473534018792,0.009316127899137744,0.07924858541614134,-6.9945634948596025,-10.550753864113114,-3.4923609740105
0.6,0.2343749999999999,0.0,0.0,0.0,0.6156,,,0.99256494620859,0.782108272582753,0.9845192401313236,3.067998194852779,0.934460019602686,3.116239957325306,3.283177589724204,3.2323515058514647,0.6861503393,0.0,0.0,0.0,122.78,0.3960662840440046,0.3656430941093447,0.9661842901,0.6861503393,1.0,0.3662667109852408,0.3527113535796874,0.9571899292820022,0.6513011211070794,1406,RIT,0.06720986804102091,12.945682506053204,4.036187802965097,0.019445141293108432,1.852697513103493,0.019445141293108432,1.852697513103493,0.06356522925042833,0.1631982574041635,-0.368196875,4.01133046875,1.9971234375,0.921378650665283,0.0,0.01965705721653513,1.7419899034765147,0.43751934203272236,0.09096421876791287,2.412011665344238,-0.1045890625,1.6174203125000002,0.46046875,0.1296405029296876,0.28599705078125,0.3364103125000001,4.856638693197723,5.6572000000000005,0.019396620303159386,-2.4688778948605195,0.0,0.0,0.0,1.0,0.0,0.03793419295716949,0.022347977003566246,0.05851655766480219,-6.916052431557277,-9.07176087775494,-4.2282063387089,0.016757545449613387,0.014921697559629186,0.01805578640650718,3.4081394350555,3.3062351212251566,3.5413034888369435,0.06002895442574918,0.058211970779978105,0.06119152009794177,0.9443349960775153,0.9020568012272445,0.99397617668088,0.8816030016218257,0.8686476797093026,0.8957912848671831,0.9186549372778563,0.8805087633443847,0.9573111337905758,0.08521458912393354,0.08023595958294134,0.08872374074646483,0.03648843925886969,-0.02027986393774217,0.08108178355500005,0.12551731162898838,0.12303507164190265,0.128511713571327,1.7273614793820966,1.696556584986939,1.7698412982702114,0.016633634235963424,0.009711497259071054,0.023134875809189215,-0.41861529273538434,-0.6531379108228652,-0.11575872789159991,0.04449573284567099,0.0073405342860877465,0.0681884679982956,-6.959828314471817,-10.574076315520973,-2.9679937028445655
0.7500000000000013,0.2448979591836735,0.0,0.0,0.0,0.09,0.1077843600833855,3.8150350123160033,0.989892420845415,0.937179567012189,0.97086557075772,2.8177253052980484,0.8827674111522068,2.9022816239110543,3.191922662414886,3.0989278174599297,0.6748260924,0.0,0.0,0.0,72.22,0.3823798013843047,0.3562298176738636,0.953932065,0.6748260924,1.0,0.385416566825435,0.3574701254265389,0.9534713184168964,0.6750187370840793,1255,RIT,0.4260003573942982,10.549511866711324,3.9975928802337006,0.025960735080191092,2.224787943243811,0.025960735080191092,2.224787943243811,0.06465040339244135,0.16510525614403718,-0.3596526530612244,4.018861224489796,2.0206285714285714,0.9611101496825304,0.0,0.02436249195759436,1.752194615083263,0.46440132620896324,0.05515817928810085,2.4366878469005266,-0.09067244897959176,1.5526020408163264,0.4008204081632649,0.07813601475575616,0.3116678029987506,0.37018795918367364,6.780630176006653,5.901501020408165,0.0318067131257991,-2.6373216687780077,0.0,0.0,0.0,1.0,0.0,0.039039853231382926,0.01459681924340344,0.06765051481175606,-3.139350653984536,-5.350329291472349,-0.2334090665706814,0.0248889014983239,0.02280066180749011,0.026232351118959038,0.8113070796864364,0.7300584911404417,0.9565846578563987,0.061120282680709126,0.05941088361533673,0.06306471185070105,4.747415964322953,4.703811476215129,4.808123384836479,0.9070552345633991,0.8945508559059481,0.9128695924162203,4.736166516639043,4.713958055647639,4.775874243952425,0.051704739181074655,0.04961303578776107,0.05332814746270719,4.92941523639319,4.8676775349710475,4.98747460716873,0.07104538379351888,0.06975562811264217,0.0730748775103416,4.239077661671615,4.202314464182022,4.293046401668241,0.02664767398614365,0.02095326684195997,0.0323283895389588,0.7150989722696723,0.5479216641764694,1.0031266176684779,0.020325285710434682,0.0033127002856417715,0.03660784664835395,-0.6818899809656707,-2.0023771296842368,0.2001274177252824
0.3333333333333333,0.1875,0.0,0.0,0.0,0.19,0.0669451928449976,3.9625663435522753,0.995718908446126,0.907548089163342,0.9804324690251254,2.963689799049032,0.8966608701832092,3.0228393006974983,3.305251625894503,3.2405760123250573,0.5400709543,0.0,0.0,0.0,168.46,0.2869458755190401,0.3340059410489857,0.9714783762,0.5400709543,1.0,0.2849550865647949,0.33276172592,0.971248210181883,0.5405636817226854,1468,RIT,0.04316486925554247,12.104987282981323,4.267052150529734,0.0195087661743164,-0.2104132080077932,0.0195087661743164,-0.2104132080077932,0.036522239846829944,0.18451238766134323,-0.4062575,3.9777843749999997,1.89241875,0.7420158691406249,0.0,0.01654776200957613,1.7036939313984176,0.3258825422735166,0.1497074382305145,2.33851416015625,-0.16658124999999996,1.9061562500000002,0.7261749999999998,0.19871484375,0.18534031250000002,0.18594624999999998,2.13382630909159,4.56895,0.03969810390472408,-2.0624280134784603,0.0,0.0,0.0,1.0,0.0,0.02752137570524784,0.006854032414819419,0.035876054668215106,-4.185352988208032,-6.237049976281448,-2.709083575093163,0.01454342349099813,0.012756961513777981,0.01750792653659602,2.6721869437025783,2.5028016989181734,2.8145792314738007,0.03276493616090781,0.03102263830381953,0.03450953279179741,3.3320692136718795,3.2593684739268807,3.3924421501963398,0.7102888028586505,0.7017799924048639,0.714068551790484,3.2122424257181015,3.1905438156599004,3.2388812811142924,0.14159609821523367,0.13632397212616493,0.1496027254686182,0.8778870596145633,0.7973648256686797,0.9740402693084612,0.18273792040105896,0.17256261728802275,0.1945949082337649,4.9969447551021595,4.931928163235801,5.046037818458581,0.029164257277285555,0.023504447880808594,0.036590298404990285,0.01910951189301968,-0.2559731418115412,0.264477523573659,0.03534366948093459,0.0056845455701159345,0.06411777915947094,-1.50158185301022,-3.3177958454565757,-0.24778201136045297
1.0,0.25,0.0,0.0,0.0,0.13,,,0.989209446443612,0.935352475761547,0.9703825877021672,2.8278190512687025,0.8832847330311087,2.9141279811758385,3.201480729282693,3.1066611545599607,0.6890043075,0.9354095880001736,0.0112632269721907,0.0339256816870688,0.0,0.3967397456050552,0.3649568374256802,0.9518192727,0.6890043075,1.0,0.39483117025625,0.35981440246,0.9515839428556588,0.686369879389307,1107,RIT,0.622746426583853,9.452534562211989,3.98027275310162,0.03046874999999999,2.3560937500000136,0.03046874999999999,2.3560937500000136,0.06806174327826402,0.1627089837495613,-0.35551,4.0225124999999995,2.032025,0.9802968749999998,0.0,0.0269135561201225,1.757068516912403,0.47721683137325066,0.0,3.141592653589793,-0.08392499999999997,1.5211750000000002,0.3718999999999999,0.0,0.0,0.38656500000000005,8.230348369807949,6.019950000000001,0.04241015624999989,-2.5925603071794048,0.0,0.0,0.0,1.0,0.0,0.04258788285958914,0.012920947219544673,0.0759650158133816,-5.492412050541565,-7.6305245930234715,-2.4987139416698936,0.02995903307618475,0.028020427705750833,0.03133988716246288,4.8224297215328225,4.747672202178927,4.966783208260748,0.06593227513016267,0.06407951596462048,0.06770741607753764,2.4722144086339406,2.429163015109164,2.538072812172143,0.9495065980378463,0.9365891129092809,0.9550294655771977,2.4665153800450157,2.4434555528636124,2.5067003685191187,1.4646453352938236e-06,3.073426433294544e-09,0.0005898149525808243,3.2422300309816254,0.12191338855173962,6.197347230547355,1.5392879235100034e-06,2.9303454441760018e-09,0.0005215971577243557,3.240214959272092,0.0931912198091912,5.919813929083539,0.033069841484420825,0.026837192348328532,0.03899598476214064,-3.889194047199253,-4.028786452513884,-3.6198752176241107,0.020999000305647792,0.005968789040565541,0.03874724154508525,-0.7406775510774486,-2.2254179214135554,0.5077291930289479
0.4999999999999993,0.222222222222222,0.0,0.0,0.0,0.12,,,0.99052261465314,0.836623179099162,0.975472856054723,2.9046065388296576,0.8909814090240061,2.977639532254409,3.260008019708745,3.180049333746592,0.6242074112,0.0,0.0,0.0,147.84,0.3468691659580217,0.3336147445829596,0.9607354704,0.6242074112,1.0,0.3445819394768172,0.3473434123990122,0.9612091161354084,0.6233940746778821,1217,RIT,-0.18790136354779619,15.239396488866545,4.086138574069609,0.015762688614540447,1.3182228318853646,0.015762688614540447,1.3182228318853646,0.05251748562247342,0.17303344060445172,-0.37806444444444454,4.002633333333333,1.9699777777777774,0.8752373113854589,0.0,0.015516703337507386,1.7302072009968983,0.4061529083839812,0.11443919833057686,2.3879403292181074,-0.12066111111111122,1.6922777777777787,0.5293555555555562,0.16210699588477395,0.25775302469135775,0.2974011111111108,3.5843356544981253,5.375061111111108,0.016664783108566984,-2.161595516402621,0.0,0.0,0.0,1.0,0.0,0.03589997905433073,0.02805836116592278,0.04502027475290743,-6.393456508476793,-8.829669206617258,-4.077203860820738,0.009589676731060592,0.007390372011464184,0.011092972354263007,2.7448591773207367,2.4914436416818617,3.00883705032184,0.05749551043701895,0.05647128072088224,0.05927747744659239,1.3756979760374646,1.3276514762497444,1.4344148409854385,0.9567725083520707,0.9378743048124625,0.9657314885306428,1.334944395137656,1.313428873630836,1.3791670006490784,0.13188419692299702,0.12908662711783153,0.13551587123271752,-0.2616930806481832,-0.3076618536216644,-0.18893630364812886,0.17124943989743213,0.16671952497642817,0.1749002349581036,2.162673785703835,2.1318258539494477,2.225224435920675,0.012284763827638767,0.005680725623797377,0.021063881502044645,1.1085115406894035,0.9380184730196038,1.5524325288242595,0.025731741880849257,0.009123252274036625,0.04215807227970196,-1.6766704533327428,-2.470112761106264,-1.0885184298588175
1.0,0.25,0.0,0.0,0.0,0.6156,,,0.992066251558944,0.833490676463295,0.9826746943697688,3.042967654516826,0.9312991099094372,3.096617499108808,3.267443963103041,3.210834497812627,0.7226310021,0.966861683095682,0.0241054762725138,0.0420448371648326,0.0,0.4305034171128117,0.3732657099733245,0.9600655767,0.7226310021,1.0,0.39483117025625,0.35981440246,0.9515839428556588,0.686369879389307,1314,RIT,0.622746426583853,9.452534562211989,3.98027275310162,0.03046874999999999,2.3560937500000136,0.03046874999999999,2.3560937500000136,0.0733516756840776,0.15665667332460045,-0.35551,4.0225124999999995,2.032025,0.9802968749999998,0.0,0.0269135561201225,1.757068516912403,0.47721683137325066,0.0,3.141592653589793,-0.08392499999999997,1.5211750000000002,0.3718999999999999,0.0,0.0,0.38656500000000005,8.230348369807949,6.019950000000001,0.04241015624999989,-2.5925603071794048,0.0,0.0,0.0,1.0,0.0,0.04677104603464466,0.017860943130000587,0.07948139018409563,-7.108156012454328,-9.199772737734193,-4.1190724142503115,0.030115897051436247,0.027878748539217128,0.03187556259654441,3.35405080501954,3.276647308390282,3.4710795229980693,0.07241857017441278,0.07101609752790804,0.07409086484586079,0.7924479578466446,0.7467073651094452,0.8530047834424709,0.9807893586134112,0.9687133119785761,0.9962742619918182,0.791946615420949,0.7577559590635161,0.8382640734545055,1.2635740202009444e-06,2.7314458646054115e-09,0.0004899321098606133,3.01406345849442,0.13622256314622375,6.163860346182325,1.041809214666431e-06,2.648078232489335e-09,0.0005413297110117412,3.098549763620389,0.1875249923044872,6.11689153608514,0.035976009812999754,0.029684964113920694,0.042594667754290716,-0.8858971215865568,-1.0219727765656508,-0.6185719055225878,0.052709841247411626,0.010200660448262717,0.08719690321477398,-7.114120412863915,-10.731892263839855,-3.4111723972290577
1.0,0.25,0.0,0.0,0.0,0.516975,,,0.992581554977276,0.934316161519352,0.9713005843895788,2.890942988482565,0.8868496504710741,2.9763628633039487,3.259789285531051,3.166235238023197,0.6963604896,1.0912781384807773,0.0102908551720382,0.0453341937022955,0.0,0.4218444327250361,0.3618864735502569,0.9491976614,0.6963604896,1.0,0.39483117025625,0.35981440246,0.9515839428556588,0.686369879389307,1302,RIT,0.622746426583853,9.452534562211989,3.98027275310162,0.03046874999999999,2.3560937500000136,0.03046874999999999,2.3560937500000136,0.06918651837951355,0.1614312247296994,-0.35551,4.0225124999999995,2.032025,0.9802968749999998,0.0,0.0269135561201225,1.757068516912403,0.47721683137325066,0.0,3.141592653589793,-0.08392499999999997,1.5211750000000002,0.3718999999999999,0.0,0.0,0.38656500000000005,8.230348369807949,6.019950000000001,0.04241015624999989,-2.5925603071794048,0.0,0.0,0.0,1.0,0.0,0.04899000169598566,0.018177942698347167,0.08455223186045685,-5.287442142004311,-7.616003249561428,-2.4702296717031604,0.03400201204044051,0.02683233257553073,0.038662762293325666,4.635517302601426,4.437128588596143,4.7866011086657725,0.07836687885515081,0.07295681285819372,0.0858135499658038,2.6474296946477835,2.5595975657382657,2.700251185070848,1.1193020335934523,1.093797744326755,1.1398130458703604,2.6719889896601052,2.628169133634461,2.7277334298872495,1.308904844079615e-06,3.1601226412895128e-09,0.00035729041259022524,3.16488243618087,0.20437661177300423,6.148704421447998,1.0157448739501223e-06,2.390940241268041e-09,0.00029897264281800406,3.132015228463346,0.20967084802649572,6.1955416911626555,0.0404763423880703,0.03315116298101662,0.04817679518699518,-3.566993981882441,-3.7403628186606994,-3.23882739430653,0.0464156151431482,0.004492956541820807,0.0803909688906256,-7.153825493004804,-10.787985784629997,-2.592503516688952
0.4999999999999993,0.222222222222222,0.0,0.0,0.0,0.002,,,0.991757061,0.890951015844599,0.9753473287484408,2.8874951467305867,0.8904304263176177,2.960478858783364,3.2428082659662096,3.162864379853506,0.6234920044,0.0,0.0,0.0,147.68,0.3447579655314565,0.3446832677341547,0.9612604935,0.6234920044,1.0,0.3445819394768172,0.3473434123990122,0.9612091161354084,0.6233940746778821,1201,RIT,-0.18790136354779619,15.239396488866545,4.086138574069609,0.015762688614540447,1.3182228318853646,0.015762688614540447,1.3182228318853646,0.05243172910806745,0.17313926241632407,-0.37806444444444454,4.002633333333333,1.9699777777777774,0.8752373113854589,0.0,0.015516703337507386,1.7302072009968983,0.4061529083839812,0.11443919833057686,2.3879403292181074,-0.12066111111111122,1.6922777777777787,0.5293555555555562,0.16210699588477395,0.25775302469135775,0.2974011111111108,3.5843356544981253,5.375061111111108,0.016664783108566984,-2.161595516402621,0.0,0.0,0.0,1.0,0.0,0.033669564497158966,0.026619595049130904,0.04454526896582893,-5.122222397408638,-7.497720482221968,-2.7531448105306335,0.008988793156894714,0.0062868028318983525,0.010669493226531986,4.289476109702701,3.980711347877113,4.535065777214523,0.05391202229654479,0.052535935952544556,0.05625300672656941,2.7369665742571616,2.6722439432091707,2.79292456737699,0.8984750039876447,0.8841339336891657,0.9053414481784472,2.7005996237380003,2.681580786856279,2.738150918035114,0.12292320324329493,0.12142780789724676,0.12635379690426443,0.5528576049322118,0.508162147345358,0.6186645822055897,0.16057410946333783,0.15711980597760963,0.1643126893442883,4.241546779462855,4.212377326715206,4.288626102808988,0.010883914376505266,0.0052909111907353135,0.01868591357874139,-2.3516845353936797,-2.5563994774408667,-1.812375639856067,0.023155067099955295,0.00771239415626302,0.03937815294906421,-1.3494906396582422,-2.101929802512725,-0.7853457968113347
0.4000000000000005,0.2040816326530613,0.0,0.0,0.0,0.6156,,,0.99352484821025,0.681001228831736,0.988106548481946,3.120396544356186,0.9420686503246152,3.1579555354127886,3.3122814810586987,3.272887021849579,0.6109802145,0.0,0.0,0.0,189.23,0.3317940347491784,0.3482794001919842,0.9758624444,0.6109802145,1.0,0.3130205025590105,0.3395856389194502,0.9667043606611544,0.5806968749960989,1452,RIT,-0.17713434875626832,15.30073209089457,4.173107790214681,0.015808657610918667,0.4708867591439869,0.015808657610918667,0.4708867591439869,0.04691132121800769,0.17496464352307114,-0.3927938775510203,3.9896510204081634,1.9294571428571432,0.8058805429710412,0.0,0.013145618369968656,1.7139660485900672,0.36085163153749455,0.13665707124131585,2.3592046553731865,-0.14465204081632638,1.8040183673469383,0.6321836734693871,0.18826441363717494,0.2183900020824658,0.23917163265306163,2.5807229317012483,4.953909183673472,0.025869161555951935,-1.937605324022137,0.0,0.0,0.0,1.0,0.0,0.027907563429400706,0.020558459342847047,0.035458379727790805,-6.849047194514674,-9.331666390283663,-4.832680846856245,0.007379121134563749,0.00464938501893151,0.00904451195913872,1.2126319837118622,0.8874280164106874,1.4580973701078563,0.041505319043599775,0.03897851322640539,0.042826993848150516,0.8300979374753661,0.7604977077861905,0.8684136952908796,0.7316212074758565,0.7177781535815387,0.7515517421606531,0.7638856699125859,0.7458520530785322,0.7888439457656455,0.1283417869435558,0.1208670893737622,0.13440360918285352,0.024572144077427138,-0.02629006328654615,0.06149069132761099,0.1708968432103154,0.1684600815994528,0.1742711090107345,1.4363910834209945,1.4155585604619179,1.467049756173501,0.01668426229916986,0.014948343329238466,0.019563175606159014,1.4435427444363527,1.202978586854457,1.738587368991758,0.03350805271698387,0.0036879048109786845,0.056670819676273486,-1.1405433452800282,-3.9778644922541204,0.7564999797357147
0.4000000000000005,0.2040816326530613,0.0,0.0,0.0,0.84,,,0.992563238048583,0.439355631504356,0.9920988645707318,2.1244357413031976,0.9614373848522112,2.141354876182036,2.20964544834062,2.1921867404026147,0.4289807336,0.0,0.0,0.0,84.79,0.1898946120535361,0.2435498434093883,0.9895980888,0.4289807336,1.0,0.3130205025590105,0.3395856389194502,0.9667043606611544,0.5806968749960989,1458,RIT,-0.17713434875626832,15.30073209089457,4.173107790214681,0.015808657610918667,0.4708867591439869,0.015808657610918667,0.4708867591439869,0.029655948600337153,0.19736847824478151,-0.3927938775510203,3.9896510204081634,1.9294571428571432,0.8058805429710412,0.0,0.013145618369968656,1.7139660485900672,0.36085163153749455,0.13665707124131585,2.3592046553731865,-0.14465204081632638,1.8040183673469383,0.6321836734693871,0.18826441363717494,0.2183900020824658,0.23917163265306163,2.5807229317012483,4.953909183673472,0.025869161555951935,-1.937605324022137,0.0,0.0,0.0,1.0,0.0,0.00955671871818109,0.005804891286107807,0.012993824833624087,-6.31468788919419,-8.987088497989937,-4.246217947228127,0.0028950948367891804,6.796515142422468e-09,0.004319162041507976,2.078620941143468,0.7308405389732165,5.552313769254788,0.014110408910329553,0.01205598763378472,0.015278713199437072,1.2864742759424406,1.0992833172117082,1.3645233886382604,0.38560376065472035,0.3671200968262333,0.3991160498710756,1.1520478840393125,1.1030144525607708,1.2079906092291943,0.07332760032727415,0.07090902519617796,0.07521531519511226,3.618599101352243,3.563837693465141,3.6559290712297603,0.07081908067546851,0.06920357502086033,0.07185784357451061,4.932240586528922,4.90774069663942,4.969230276486253,0.010089880595292922,0.00793801351819292,0.011354763320822334,1.785497639767435,1.6918073814308436,1.9981774137864403,0.0458086932440015,0.0071760857255955615,0.07608496762074536,-0.25049345981016735,-4.046328942135032,1.657791769440115
0.4999999999999993,0.222222222222222,0.0,0.0,0.0,0.8775,,,0.991727867511309,0.418263251191284,0.9914239184740784,1.862675801056329,0.9615731187756156,1.8787884439213585,1.9371130127141036,1.9205001735921436,0.4103145664,0.0,0.0,0.0,56.27,0.1887433299148955,0.2084727425905432,0.9891927543,0.4103145664,1.0,0.3445819394768172,0.3473434123990122,0.9612091161354084,0.6233940746778821,1436,RIT,-0.18790136354779619,15.239396488866545,4.086138574069609,0.015762688614540447,1.3182228318853646,0.015762688614540447,1.3182228318853646,0.03052147966264921,0.19933268021733305,-0.37806444444444454,4.002633333333333,1.9699777777777774,0.8752373113854589,0.0,0.015516703337507386,1.7302072009968983,0.4061529083839812,0.11443919833057686,2.3879403292181074,-0.12066111111111122,1.6922777777777787,0.5293555555555562,0.16210699588477395,0.25775302469135775,0.2974011111111108,3.5843356544981253,5.375061111111108,0.016664783108566984,-2.161595516402621,0.0,0.0,0.0,1.0,0.0,0.008854694231831939,0.004510639221102328,0.014863648221965802,-7.37783922930395,-9.829763819111513,-4.820862091357421,0.004278512649647848,0.0010448141720308221,0.00594749716554904,2.2866740466236424,1.7639490205838821,2.69943164617477,0.014098040681001067,0.01275882041934949,0.01579781881925973,0.3139015448139818,0.16142594958692025,0.3834795160942121,0.4000593508593724,0.36872490735207225,0.41907265211546796,0.1842098811917997,0.12094891254169166,0.2188376762673724,0.05538770814034344,0.05305234111677293,0.05791448626504843,2.986482869531921,2.942779516337649,3.0395415016371854,0.05419114212859477,0.05252864344097695,0.05524260910347658,3.43334372164142,3.4002719470964258,3.4779819544126793,0.005953581654499551,0.0036293935038380657,0.007808082810536275,-0.7378014143136926,-0.9144524977039579,-0.36066153952243596,0.0606804680449301,0.004316568909759901,0.10324939553643145,1.058942882584884,-0.08919798788940714,2.198629892199501
0.7500000000000013,0.2448979591836735,0.0,0.0,0.0,0.19,,,0.988739980038121,0.884188016446037,0.972328216868758,2.876858077062841,0.8885702460266558,2.95873145215033,3.2376259388912056,3.148035056050124,0.6802536966,0.0,0.0,0.0,70.83,0.3934696486498908,0.3527660482442627,0.9532735637,0.6802536966,1.0,0.385416566825435,0.3574701254265389,0.9534713184168964,0.6750187370840793,1265,RIT,0.4260003573942982,10.549511866711324,3.9975928802337006,0.025960735080191092,2.224787943243811,0.025960735080191092,2.224787943243811,0.0654393537472235,0.16419796300533412,-0.3596526530612244,4.018861224489796,2.0206285714285714,0.9611101496825304,0.0,0.02436249195759436,1.752194615083263,0.46440132620896324,0.05515817928810085,2.4366878469005266,-0.09067244897959176,1.5526020408163264,0.4008204081632649,0.07813601475575616,0.3116678029987506,0.37018795918367364,6.780630176006653,5.901501020408165,0.0318067131257991,-2.6373216687780077,0.0,0.0,0.0,1.0,0.0,0.04381318414973989,0.01871654564529254,0.07573337888693127,-5.189430678852649,-7.591563859781125,-2.387181932186956,0.02813187602299283,0.026057848727905144,0.02963964135879794,4.717514552356043,4.620804178004391,4.908664991548826,0.06997110428303366,0.06788653573097624,0.07214540346542397,2.677259684183145,2.6344936173299063,2.7542787569103138,1.0285391506870063,1.0086536214278157,1.0400329702218807,2.657756589600665,2.627865661534821,2.7069606716881522,0.059267437164075565,0.05802239608788102,0.06105048000876698,0.4798175960778628,0.42731779440250234,0.5500348942295276,0.08126806172249257,0.07866201940071332,0.08316818081723605,4.214859613537634,4.168830627399486,4.285681857338113,0.03154052304019728,0.024448538488479988,0.03837382044659767,-3.520232236211582,-3.708213458566046,-3.1792639641130473,0.022253217656882894,0.004547430648517891,0.040998126250813526,-1.36177298673638,-2.729594210960205,-0.1055757460223159
0.3333333333333333,0.1875,0.0,0.0,0.0,0.7975,,,0.993332627983689,0.45377404458167,0.9926634713965478,2.380334586329845,0.9610153798534528,2.3979270466969287,2.4768954131543945,2.458723599108028,0.440621524,0.0,0.0,0.0,112.77,0.1921466658879667,0.2744273631309024,0.9898648355,0.440621524,1.0,0.2849550865647949,0.33276172592,0.971248210181883,0.5405636817226854,1480,RIT,0.04316486925554247,12.104987282981323,4.267052150529734,0.0195087661743164,-0.2104132080077932,0.0195087661743164,-0.2104132080077932,0.028213153028739706,0.19611825567182398,-0.4062575,3.9777843749999997,1.89241875,0.7420158691406249,0.0,0.01654776200957613,1.7036939313984176,0.3258825422735166,0.1497074382305145,2.33851416015625,-0.16658124999999996,1.9061562500000002,0.7261749999999998,0.19871484375,0.18534031250000002,0.18594624999999998,2.13382630909159,4.56895,0.03969810390472408,-2.0624280134784603,0.0,0.0,0.0,1.0,0.0,0.01116564428858835,2.2098264298305627e-08,0.017820814088116314,1.1305432986291533,0.42661448552582565,2.825996681717534,0.007982915090214798,0.006000488767352994,0.00941829467568634,2.4838730374412092,2.232575509230499,2.6274774475781686,0.014463341366418052,0.012868067693533566,0.015691990778916913,2.2250599735601924,2.0771132327425414,2.282846700546196,0.38257042817111264,0.3681515830389101,0.39783416222058443,2.114616190607755,2.0705802186715503,2.152343459019649,0.08791191087432991,0.08516609537294255,0.09094318354739056,4.19087050038032,4.136759313191688,4.224008206478965,0.08518384304693054,0.08374970112803659,0.08641998240496666,0.13585110044640714,0.11344803512331685,0.16986586954795496,0.015571517416757219,0.013786178009512573,0.016627999681933157,3.9879770391497287,3.9276785763949884,4.1396349563238815,0.03599909020898906,0.013934370182097564,0.05875533513493236,-0.10750603276551352,-3.804144162938019,1.707739818836679
1.0,0.25,0.0,0.0,0.0,0.557775,,,0.992368410280599,0.89398596749692,0.9734392659327468,2.9740299326201907,0.8951680089193701,3.0551776949027047,3.322314809049514,3.2340716889186534,0.6954093044,1.5227556109653595,0.01076136624257,0.075874888790914,0.0,0.4343783546987149,0.3401203211170482,0.9465235322,0.6954093044,1.0,0.39483117025625,0.35981440246,0.9515839428556588,0.686369879389307,1308,RIT,0.622746426583853,9.452534562211989,3.98027275310162,0.03046874999999999,2.3560937500000136,0.03046874999999999,2.3560937500000136,0.0690401059994002,0.16159782739386125,-0.35551,4.0225124999999995,2.032025,0.9802968749999998,0.0,0.0269135561201225,1.757068516912403,0.47721683137325066,0.0,3.141592653589793,-0.08392499999999997,1.5211750000000002,0.3718999999999999,0.0,0.0,0.38656500000000005,8.230348369807949,6.019950000000001,0.04241015624999989,-2.5925603071794048,0.0,0.0,0.0,1.0,0.0,0.06897385354718122,0.025157920066898994,0.10366289861398179,-8.124950773211154,-11.041638176268343,-5.751688721593681,0.04746775774517642,0.03378603243093402,0.053068099473980675,0.6263030001182003,0.4543543216619838,0.8839756064213301,0.11324563053462092,0.11089209754829842,0.11674292340731642,-0.37646818884051814,-0.4686251998508677,-0.21168073643277818,1.5990686675030332,1.5225416222848422,1.6382331923728048,-0.3514366640226962,-0.4014734939721194,-0.25111709912362823,1.6324441591662078e-06,2.5137720080199767e-09,0.0003948973515531858,2.9243654123578926,0.10733237632746681,6.163025278229089,1.780456038572027e-06,3.024116882611338e-09,0.0003581376333140917,3.196898879071302,0.14723923574453424,6.159073697911155,0.0639739665670036,0.052546979889353244,0.07107474288125076,-3.570140445552852,-3.9145189022029014,-3.0092524950084307,0.058485796554663905,0.015532896990598151,0.12469273948610782,-7.006866259690302,-10.514733303643103,-3.195061750884326
0.7999999999999985,0.2469135802469135,0.0,0.0,0.0,0.84,,,0.991006616375048,0.531586241169445,0.9902777817943276,2.1170680027220303,0.9608164223588752,2.13785267289954,2.203405305588421,2.181983318411954,0.5160705733,0.0,0.0,0.0,33.25,0.2367710266728342,0.2486222524990715,0.9863094612,0.5160705733,1.0,0.3891256046145102,0.3583933726890412,0.9527324493167656,0.6795146807490542,1366,RIT,0.5028462423056482,10.106837059522054,3.990647173447231,0.027627491095340576,2.2812137574892404,0.027627491095340576,2.2812137574892404,0.04493118803391594,0.18748089705946736,-0.35801604938271614,4.0203037037037035,2.0251308641975303,0.9686962052231571,0.0,0.025352588670204106,1.7541277574781549,0.469484522925366,0.043442380310503216,2.4418658261218082,-0.08800679012345691,1.5401864197530875,0.38939506172839566,0.061382241866924474,0.3167135490016765,0.37665790123456755,7.2984070651607516,5.948295679012343,0.035589057653982833,-2.6339908286138543,0.0,0.0,0.0,1.0,0.0,0.016230542917904114,0.0023870073829044556,0.0307157767170535,-0.2858254757583689,-2.343819097399366,2.9766019550967195,0.014142279465087487,0.011725415020662306,0.01571611543871694,3.896804774321236,3.745821448948353,3.9937602580811737,0.022190144082137264,0.020755447489474284,0.024459255329853748,1.2078419736868096,1.146380387099727,1.2771942041536473,0.4828777516831726,0.4654876368127494,0.4963350605055997,1.0923997219581891,1.050571398092886,1.1301816458281682,0.023329455091856473,0.021947874699350965,0.02471304139351717,3.610762553701224,3.5159656655588547,3.658178383132071,0.023640654175352948,0.02239735935915103,0.024619679310208288,4.876755174547119,4.823217298031569,4.926090561161029,0.009935339528461151,0.007302000747847771,0.01175966405909325,-0.18018189981069765,-0.42246686941603606,0.07649641534823177,0.0570716739819187,0.015026394641921756,0.09020133858805056,-0.2537098390812762,-3.9440680734457887,1.8515248709175287
1.0,0.25,0.0,0.0,0.0,0.008,,,0.990642965364278,0.998783846624536,0.9699756087836988,2.8140640956512613,0.8817053632706147,2.9011699574383703,3.191615037037677,3.0957887385538285,0.6863321432,0.0,0.0,0.0,0.0,0.3933754020575764,0.3637493116498547,0.9515996823,0.6863321432,1.0,0.39483117025625,0.35981440246,0.9515839428556588,0.686369879389307,1094,RIT,0.622746426583853,9.452534562211989,3.98027275310162,0.03046874999999999,2.3560937500000136,0.03046874999999999,2.3560937500000136,0.06765738457514593,0.16316719606741495,-0.35551,4.0225124999999995,2.032025,0.9802968749999998,0.0,0.0269135561201225,1.757068516912403,0.47721683137325066,0.0,3.141592653589793,-0.08392499999999997,1.5211750000000002,0.3718999999999999,0.0,0.0,0.38656500000000005,8.230348369807949,6.019950000000001,0.04241015624999989,-2.5925603071794048,0.0,0.0,0.0,1.0,0.0,0.04358059730607578,0.012826403602393817,0.07785671884179962,-3.886032990459502,-6.091964579860625,-0.9001530875962711,0.030667129469501675,0.028683173990532124,0.03212304424586493,0.08596574350452713,0.010712114624857124,0.22967949193672155,0.0670959382991723,0.06507404282063134,0.06925454665718976,4.093792752831735,4.047247549720566,4.1595129358335825,0.9701536692308346,0.9562482143695828,0.9756655608725011,4.093690526672742,4.070207147202677,4.136199145592415,3.4674695464580984e-06,4.4187307987969096e-09,0.00029285225118604974,3.1745661615152723,0.262130836190637,6.108661619996089,1.6143454199200136e-06,2.2500920768729626e-09,0.0004057933821490186,3.297336468889953,0.23607147703230202,6.109437574753651,0.03377332099441033,0.027967794809738288,0.03967602100014003,-0.6595042341632746,-0.8136088784719302,-0.37810496159296303,0.02121658419585548,0.002605785923131335,0.039156148272688054,-0.8315038301861557,-2.2995812511632794,0.49069493210244763
1.0,0.25,0.0,0.0,0.0,0.265,,,0.987620709832003,0.859724579411319,0.9703671536019838,2.8837034851461683,0.8832248255792319,2.971765351333171,3.264971048854965,3.168220663270276,0.6939616127,1.0484929272936367,0.0111303326045665,0.0426763254209412,0.0,0.4173930259551816,0.3619188670446505,0.9489192808,0.6939616127,1.0,0.39483117025625,0.35981440246,0.9515839428556588,0.686369879389307,1121,RIT,0.622746426583853,9.452534562211989,3.98027275310162,0.03046874999999999,2.3560937500000136,0.03046874999999999,2.3560937500000136,0.06881782734604017,0.161850566927265,-0.35551,4.0225124999999995,2.032025,0.9802968749999998,0.0,0.0269135561201225,1.757068516912403,0.47721683137325066,0.0,3.141592653589793,-0.08392499999999997,1.5211750000000002,0.3718999999999999,0.0,0.0,0.38656500000000005,8.230348369807949,6.019950000000001,0.04241015624999989,-2.5925603071794048,0.0,0.0,0.0,1.0,0.0,0.04728277669575831,0.01740097510248823,0.0836745453653729,-6.170526732566415,-8.536341748642089,-3.3161143287421297,0.03338337659437593,0.03135696448605343,0.03494245416588557,3.755122247318566,3.6696599408608783,3.936126331118458,0.07532691854777562,0.07294737057610107,0.07734210204877222,1.7025069476385282,1.653270168351059,1.786231553724518,1.0752090148258775,1.0482823259627152,1.100494027486477,1.697969964242561,1.6641313858441416,1.7470349066430695,1.5231791871190747e-06,2.6804751548771275e-09,0.00043232018849953335,3.2866559964917514,0.15313360260083456,6.169023377299154,1.8181661491053338e-06,2.4341245754579637e-09,0.00048499270863747114,2.824201212278182,0.08951987768821672,5.941652397931344,0.039100265856675434,0.032013394703910666,0.045837896786874714,0.7850222154629066,0.6053722728706137,1.1161557159350113,0.023137768820910343,0.0070873910930336756,0.043597735938954045,-1.479324315327323,-3.003817246073516,-0.03901606667699653
0.7500000000000013,0.2448979591836735,0.0,0.0,0.0,0.3,,,0.987470622030612,0.821960854778733,0.9762668899148386,2.9884660622885595,0.904239790702316,3.061115862025443,3.3049486353254163,3.2265119255374337,0.6932268003,0.0,0.0,0.0,68.15,0.4123679695434269,0.3547422504708954,0.9539303271,0.6932268003,1.0,0.385416566825435,0.3574701254265389,0.9534713184168964,0.6750187370840793,1273,RIT,0.4260003573942982,10.549511866711324,3.9975928802337006,0.025960735080191092,2.224787943243811,0.025960735080191092,2.224787943243811,0.0673605377902121,0.1619785045031826,-0.3596526530612244,4.018861224489796,2.0206285714285714,0.9611101496825304,0.0,0.02436249195759436,1.752194615083263,0.46440132620896324,0.05515817928810085,2.4366878469005266,-0.09067244897959176,1.5526020408163264,0.4008204081632649,0.07813601475575616,0.3116678029987506,0.37018795918367364,6.780630176006653,5.901501020408165,0.0318067131257991,-2.6373216687780077,0.0,0.0,0.0,1.0,0.0,0.0481350738856644,0.020988986023733454,0.08144497801451063,-4.532432698255641,-6.931499720194143,-1.8415824103979341,0.031064863262189824,0.028467939324378595,0.032741956959689664,5.178828101813194,5.073072918452238,5.391093819159529,0.08007822349506089,0.07786189185831745,0.08235601463110778,3.3386543205482986,3.2878839098882096,3.4228701744268677,1.145748055384116,1.1245635153759992,1.1706014623088592,3.3086570035701475,3.2664959668363136,3.3671445961017623,0.06426197594302543,0.06283145143892978,0.06624685253226585,0.6377303831677221,0.5781243832011962,0.7210346834972893,0.09233973167225884,0.08929079124810603,0.0949939063371063,-1.1014239260211043,-1.1420369171053606,-1.0234999566088163,0.03690801760867379,0.029431109726051334,0.04453246609697583,-2.2697468478756133,-2.4608992310323408,-1.9087955725004067,0.02378512806405564,0.0012094785068551992,0.041139647958361295,-6.659665292180167,-8.758692612268856,-2.635076060570166
0.4999999999999993,0.222222222222222,0.0,0.0,0.0,0.27,,,0.988950338445918,0.761991254258425,0.9773571360314144,2.9989567123107657,0.89926068554094,3.0684348655682934,3.334913624636862,3.259401629087227,0.6362183826,0.0,0.0,0.0,156.46,0.3660309509798163,0.3541860584038403,0.9602784734,0.6362183826,1.0,0.3445819394768172,0.3473434123990122,0.9612091161354084,0.6233940746778821,1231,RIT,-0.18790136354779619,15.239396488866545,4.086138574069609,0.015762688614540447,1.3182228318853646,0.015762688614540447,1.3182228318853646,0.05397328127996316,0.17123267730115876,-0.37806444444444454,4.002633333333333,1.9699777777777774,0.8752373113854589,0.0,0.015516703337507386,1.7302072009968983,0.4061529083839812,0.11443919833057686,2.3879403292181074,-0.12066111111111122,1.6922777777777787,0.5293555555555562,0.16210699588477395,0.25775302469135775,0.2974011111111108,3.5843356544981253,5.375061111111108,0.016664783108566984,-2.161595516402621,0.0,0.0,0.0,1.0,0.0,0.03914162766070939,0.03131570424385391,0.04762271933387822,-7.794381183295151,-10.233043701058689,-5.505433153158418,0.009969346177528982,0.007042132686414935,0.011585145706416762,1.2438912150362564,0.9841061368126767,1.4978197248708263,0.06266205021521998,0.06148750639272032,0.064368284524106,-0.031367276851659964,-0.08353760916919573,0.033828929355382696,1.011295368106958,0.9969455837787183,1.0322491153567595,-0.08160278464222315,-0.11478001736296584,-0.03999885293154115,0.13788552653570307,0.13533067907596547,0.14086272551769163,2.115347959185759,2.0669687298498367,2.1942025551568,0.18449216265844615,0.1792632827978817,0.1874918382895188,3.1953315539565468,3.1670569111340177,3.262793164699008,0.012849492620458092,0.005368431072315216,0.022281590682378116,-1.7994117614716303,-1.9645733464182769,-1.3970031240450664,0.025687446466691854,0.006710213424981488,0.04197834969605235,-1.9319724280088366,-2.7460248887865224,-1.261149142274654
1.0,0.25,0.0,0.0,0.0,0.3916,0.2762259500282649,0.7361964942573564,0.993236294310414,1.04858504458285,0.9702037975776228,2.833861842497845,0.8825908176680821,2.920893372684534,3.210844465825365,3.1151734941748632,0.6887711505,1.03562873327933,0.0083737826890476,0.0308739613766704,0.0,0.401136459416507,0.3569929053723513,0.950487752,0.6887711505,1.0,0.39483117025625,0.35981440246,0.9515839428556588,0.686369879389307,1287,RIT,0.622746426583853,9.452534562211989,3.98027275310162,0.03046874999999999,2.3560937500000136,0.03046874999999999,2.3560937500000136,0.06802637295448356,0.1627490884348836,-0.35551,4.0225124999999995,2.032025,0.9802968749999998,0.0,0.0269135561201225,1.757068516912403,0.47721683137325066,0.0,3.141592653589793,-0.08392499999999997,1.5211750000000002,0.3718999999999999,0.0,0.0,0.38656500000000005,8.230348369807949,6.019950000000001,0.04241015624999989,-2.5925603071794048,0.0,0.0,0.0,1.0,0.0,0.04596429800595525,0.016886610381066487,0.08152723235809378,-3.2668103631707117,-5.606149096764928,-0.4068401071603258,0.03233547516202384,0.02921524506616825,0.034406983456820306,0.41350198488876705,0.3111484796786061,0.5743126105246851,0.07284290980620711,0.07049593807075911,0.07604276581855642,4.595904203372903,4.54458778118501,4.672525486575117,1.055431743275135,1.0355098049169773,1.063341243115376,4.625339710036122,4.598840889805209,4.676165705917877,1.2138195012240233e-06,2.5882876845945093e-09,0.0002712412456493546,3.089461049801967,0.2684391624939826,6.091851289394668,2.3389725700043552e-06,2.6757503237750937e-09,0.0003319775410794085,3.004095449367443,0.13727826084110703,6.132816546372643,0.037666478799266316,0.030735648162761146,0.044102091198484884,0.3590218241762131,0.1692963864264985,0.6790176512644449,0.03955427425614344,0.0031586264807365655,0.06933358423620642,-1.8143666893851416,-4.3670251594979135,-0.24971522692877457
0.7000000000000002,0.2422145328719723,0.0,0.0,0.0,0.64,,,0.9921927643121,0.78220103635979,0.9847956337712116,2.992104359291775,0.9377048946086392,3.0382997818884547,3.1908806027300947,3.1423652854538497,0.6981044834,0.0,0.0,0.0,108.26,0.3915757799046954,0.3756100399739921,0.9682068027,0.6981044834,1.0,0.3804993433230282,0.3562468440587541,0.9544415030841792,0.6690097871088613,1384,RIT,0.3265881140705068,11.153498935176525,4.007055730052486,0.02396175247053387,2.141370632250485,0.02396175247053387,2.141370632250485,0.0673798848017741,0.161124676977606,-0.36183148788927333,4.016940830449827,2.0146346020761245,0.9509984572182889,0.0,0.02308431348782734,1.7496076183442026,0.4575965863535246,0.06704961102622825,2.430026725081553,-0.09422128027681648,1.5691311418685119,0.41603114186851164,0.09523601320414665,0.30501450886603365,0.3615744290657442,6.180623266186942,5.839202595155712,0.027531877626598915,-2.6188364737988867,0.0,0.0,0.0,1.0,0.0,0.036188969504238444,0.01418976121062741,0.05850066389668957,-1.2048678946642966,-3.1475293048186304,1.7109306663452606,0.02036064644294544,0.018519091911786887,0.02162971803727199,3.2647721090074615,3.1779407281229872,3.360474998990928,0.0545346718962019,0.05318155668460326,0.05633683609790449,0.3389848726032437,0.30681021054682667,0.3728346955969503,0.7794150395526109,0.7684250502792834,0.7932833517852919,0.2999374035996296,0.26250753449712994,0.3334833884393622,0.05352753732797755,0.050120361459531165,0.056637246711655646,0.05825885248049407,0.0034041651813901406,0.09830847989612271,0.0782062471092061,0.07684451175907811,0.08035930935740945,0.8572410363448746,0.8202068183383906,0.893639054392049,0.020401925797491782,0.01506196323888039,0.025236543824533293,-1.6861578335305007,-1.8448877008726274,-1.4451220378989431,0.04537690690058749,0.009453992044389674,0.07623703570258836,-6.848356185609406,-10.474646650865921,-3.5757912581585467
0.9000000000000008,0.2493074792243767,0.0,0.0,0.0,0.4375,0.3588490986899416,6.090379981869022,0.993021446996657,1.00638989044633,0.9714177902672944,2.8459485965894755,0.8869920049580743,2.929685481471764,3.2085391758677644,3.116832036207509,0.6908262031,0.0,0.0,0.0,26.35,0.4008528326776392,0.3565025384763771,0.9521319261,0.6908262031,1.0,0.3935482092334095,0.3594947871327383,0.951843459226394,0.6848348051898036,1332,RIT,0.5956875967256099,9.596620032564594,3.9825735289591884,0.02979993948902209,2.340576225547977,0.02979993948902209,2.340576225547977,0.06815737344319871,0.16239477599442154,-0.35607229916897504,4.0220168975069255,2.0304781163434904,0.9776955937970423,0.0,0.026558874621321553,1.7564108618115646,0.4754875382272201,0.02089819929801155,2.4482155701686192,-0.08484085872576169,1.5254407202216067,0.3758254847645426,0.029419954533320806,0.3227599757138142,0.3843420775623271,8.004593836280062,6.003872437673132,0.04076639267494243,-2.6061789900677685,0.0,0.0,0.0,1.0,0.0,0.04460966334389693,0.01430107596830434,0.07942143330633392,-1.7915434072657215,-4.0461970540213,1.136505073914221,0.030816631594743835,0.02884508199001346,0.03231161360439925,2.073804663950524,1.9898781754832435,2.241490823720449,0.06993071587986177,0.06780331290018163,0.07191311334733101,-0.1970972779713469,-0.2398326442897547,-0.12394187443911076,0.9963833389195575,0.9803684931371185,1.0041603271339279,-0.16834470415705471,-0.1910683031657161,-0.12358611819001197,0.020389327654971257,0.01796655253496849,0.02149097987445279,2.3704177855415973,2.237383086646191,2.455319084941304,0.029144125983438407,0.028034282942941517,0.03104910122391624,3.15792830665408,3.109190188054797,3.2300833733156207,0.034577505264075326,0.02793041238210329,0.04036292843783911,-2.892268373598725,-3.074499013528719,-2.5840080549835824,0.038970454040914704,0.006340038577073377,0.06293034821368142,-1.5061292222691822,-4.454057141379637,0.14164693708115422
1.0,0.25,0.0,0.0,0.0,0.4224,0.3374508263326287,3.53073252910998,0.993075485745047,1.02169824856792,0.9692683499862952,2.7720706341648085,0.8789622685703105,2.859961984938437,3.153799353268898,3.0568778953307896,0.6821641904,0.9143748423344804,0.0154268277042763,0.0240972218611903,0.0,0.3856629473088067,0.3649043023374361,0.9521295211,0.6821641904,1.0,0.39483117025625,0.35981440246,0.9515839428556588,0.686369879389307,1291,RIT,0.622746426583853,9.452534562211989,3.98027275310162,0.03046874999999999,2.3560937500000136,0.03046874999999999,2.3560937500000136,0.0670310587368763,0.16387566125419875,-0.35551,4.0225124999999995,2.032025,0.9802968749999998,0.0,0.0269135561201225,1.757068516912403,0.47721683137325066,0.0,3.141592653589793,-0.08392499999999997,1.5211750000000002,0.3718999999999999,0.0,0.0,0.38656500000000005,8.230348369807949,6.019950000000001,0.04241015624999989,-2.5925603071794048,0.0,0.0,0.0,1.0,0.0,0.04207380184981213,0.013370125481192223,0.07369482610368791,-3.528868186677971,-5.676723553931084,-0.4682732193135015,0.029298507232162384,0.02661707957342076,0.0311307154273143,0.5983113912281548,0.5074869691935014,0.7309107398976841,0.06347520560372699,0.06102811868594003,0.06589165279077808,4.466347094511738,4.405496367593084,4.538305490242753,0.9276617935119963,0.9154798783133358,0.9335485076747495,4.504379262234516,4.480730538913517,4.544573992987508,1.8421855686695322e-06,2.6078082108599647e-09,0.0009068542959763126,2.924556446920687,0.07858786590321347,6.110803316871444,1.7444177809812935e-06,3.818107246363119e-09,0.00043603422628129895,2.930771761555537,0.11454852361573417,6.042405201016275,0.031508483778567076,0.02629491010045476,0.03713117620083955,0.18901285988936123,0.043976737232166996,0.44763600482373533,0.03301107800315328,0.005218594727111622,0.05295446379926751,-1.4439527214213843,-4.728436164084702,-0.002831411023166197
0.7500000000000013,0.2448979591836735,0.0,0.0,0.0,0.03,0.0261095346566225,5.349683929455736,0.990583178582774,0.967582449336575,0.9706479005882396,2.820139964779975,0.8819045832875618,2.905420145730385,3.197783545094033,3.103921884581141,0.6755247025,0.0,0.0,0.0,72.3,0.3849219242030934,0.3578888774720212,0.9534796795,0.6755247025,1.0,0.385416566825435,0.3574701254265389,0.9534713184168964,0.6750187370840793,1249,RIT,0.4260003573942982,10.549511866711324,3.9975928802337006,0.025960735080191092,2.224787943243811,0.025960735080191092,2.224787943243811,0.06475147619758377,0.16498914853373295,-0.3596526530612244,4.018861224489796,2.0206285714285714,0.9611101496825304,0.0,0.02436249195759436,1.752194615083263,0.46440132620896324,0.05515817928810085,2.4366878469005266,-0.09067244897959176,1.5526020408163264,0.4008204081632649,0.07813601475575616,0.3116678029987506,0.37018795918367364,6.780630176006653,5.901501020408165,0.0318067131257991,-2.6373216687780077,0.0,0.0,0.0,1.0,0.0,0.039529567156603385,0.01505875977828875,0.06910012489873044,-5.031812798540248,-7.250897593398737,-2.128388368831823,0.025062257877063954,0.02290008154548145,0.026873821466528728,5.1967727045523695,5.093438124014172,5.355622805087428,0.06180393776697953,0.060073259854588966,0.06394968345211689,2.854437683710236,2.7942112853204275,2.9242293940605886,0.9139161661659623,0.9011262909793016,0.9197210038678076,2.8480291709793186,2.827012145743306,2.8877021061963206,0.05245032060966548,0.05075032904389838,0.053938235494202,3.979298321443175,3.9238240117111953,4.036491458557831,0.07164646730578605,0.07044640426176918,0.074179809439157,1.406791311654229,1.3751624348599754,1.4648365583425618,0.026883486271742085,0.02068668527948376,0.03277160657877118,-3.0649159972111777,-3.2275586071920452,-2.772800043346405,0.02057221686510946,0.004702269361795142,0.0377545172524902,-0.7002380690764364,-1.972597359750674,0.25989228154901844
0.4999999999999993,0.222222222222222,0.0,0.0,0.0,0.22,,,0.98947481287853,0.787654680457252,0.9753202696293316,2.8651943999943854,0.8903116637871216,2.9376959437983348,3.218192590903166,3.138768465478793,0.6188429728,0.0,0.0,0.0,158.88,0.334420359804048,0.3408753136057143,0.9618891804,0.6188429728,1.0,0.3445819394768172,0.3473434123990122,0.9612091161354084,0.6233940746778821,1227,RIT,-0.18790136354779619,15.239396488866545,4.086138574069609,0.015762688614540447,1.3182228318853646,0.015762688614540447,1.3182228318853646,0.05187699405210748,0.17382303319267958,-0.37806444444444454,4.002633333333333,1.9699777777777774,0.8752373113854589,0.0,0.015516703337507386,1.7302072009968983,0.4061529083839812,0.11443919833057686,2.3879403292181074,-0.12066111111111122,1.6922777777777787,0.5293555555555562,0.16210699588477395,0.25775302469135775,0.2974011111111108,3.5843356544981253,5.375061111111108,0.016664783108566984,-2.161595516402621,0.0,0.0,0.0,1.0,0.0,0.03334186404320871,0.02560817221090884,0.043498449281917165,-5.469018274458652,-7.940013604302275,-3.102342936521804,0.009360710440302625,0.0073163667519702685,0.010821275262871964,3.804359084306193,3.5847700350702016,4.046045284470184,0.053099275176951344,0.05194764145207038,0.05470620460486055,2.322204253767164,2.2681544839360814,2.3821117498580655,0.8939679119598841,0.8813957441687085,0.9061752030134852,2.2776077874587886,2.2521978416703603,2.3194120303174737,0.12508203207872937,0.12298291217875554,0.12820268050193112,3.47515414927354,3.4329895785437703,3.5353772033926925,0.15924071488117744,0.1559596543158676,0.1626256965378273,0.4481197019034352,0.42453374773811164,0.5091839838965416,0.011386798441745616,0.005535696822665597,0.018983637879893385,-3.204991723368381,-3.3521674278446736,-2.733630158148028,0.0240197822403575,0.01033328442895478,0.040236251444379215,-1.3549556409714194,-2.0406685435064817,-0.7985121631919307
0.3333333333333333,0.1875,0.0,0.0,0.0,0.5775,,,0.994197937230497,0.655451397729077,0.9881545248230698,3.2278432796220256,0.9371983064754849,3.26653696212136,3.44414117836059,3.403343689526476,0.5728916646,0.0,0.0,0.0,141.86,0.320407469145099,0.3378873721321547,0.9751142476,0.5728916646,1.0,0.2849550865647949,0.33276172592,0.971248210181883,0.5405636817226854,1474,RIT,0.04316486925554247,12.104987282981323,4.267052150529734,0.0195087661743164,-0.2104132080077932,0.0195087661743164,-0.2104132080077932,0.03952033713000921,0.18024924383498456,-0.4062575,3.9777843749999997,1.89241875,0.7420158691406249,0.0,0.01654776200957613,1.7036939313984176,0.3258825422735166,0.1497074382305145,2.33851416015625,-0.16658124999999996,1.9061562500000002,0.7261749999999998,0.19871484375,0.18534031250000002,0.18594624999999998,2.13382630909159,4.56895,0.03969810390472408,-2.0624280134784603,0.0,0.0,0.0,1.0,0.0,0.04022273824172118,0.012186172723639966,0.052475604924433754,-5.239078346199761,-7.237318284818925,-3.800424545293839,0.020974869241482397,0.017005997191780593,0.024559333072323917,1.5458372931803654,1.3654862038036681,1.6602262343161787,0.04661566899203784,0.041318679562440494,0.049541966359844564,2.288620718006956,2.1961216806394686,2.346462705592666,0.8832894597459549,0.8628791349490316,0.9013865488216798,2.229517014915035,2.205820996193611,2.2665571839783887,0.18411318101121765,0.18125879761849037,0.18989750303696667,0.17384705114666388,0.11787494769835492,0.24760309538041955,0.2381663282176596,0.2314452630261551,0.24233090454944006,3.5057085913078883,3.483504357681788,3.555650883219452,0.03604486414336949,0.034372555146331425,0.039584345653609215,4.311658738734723,4.185202042794899,4.466430817232963,0.038115995388044,0.008417996495849882,0.07041958990498237,-2.1289592478818493,-3.2608315328262623,-1.225786675328191
0.4999999999999993,0.222222222222222,0.0,0.0,0.0,0.5775,,,0.993124188156645,0.776774609355236,0.9833873480887704,3.1453913335019745,0.925864021857395,3.1985273550804725,3.397249768051187,3.340812440199047,0.6554852715,0.0,0.0,0.0,115.15,0.3915174084412862,0.3548402107579314,0.9628341603,0.6554852715,1.0,0.3445819394768172,0.3473434123990122,0.9612091161354084,0.6233940746778821,1428,RIT,-0.18790136354779619,15.239396488866545,4.086138574069609,0.015762688614540447,1.3182228318853646,0.015762688614540447,1.3182228318853646,0.056374761102893474,0.16824320792615335,-0.37806444444444454,4.002633333333333,1.9699777777777774,0.8752373113854589,0.0,0.015516703337507386,1.7302072009968983,0.4061529083839812,0.11443919833057686,2.3879403292181074,-0.12066111111111122,1.6922777777777787,0.5293555555555562,0.16210699588477395,0.25775302469135775,0.2974011111111108,3.5843356544981253,5.375061111111108,0.016664783108566984,-2.161595516402621,0.0,0.0,0.0,1.0,0.0,0.04511005153179326,0.03860037539899831,0.05372568091391415,-5.164848991607168,-7.633359115391088,-2.897711280205406,0.011021225236923171,0.005513559593601001,0.016244119026135484,3.7549814405940833,3.1786115818406606,4.138881054503365,0.07126321342965336,0.06496991803332347,0.07701145677201068,2.5646048006302866,2.458001299154309,2.6270780258272146,1.1289716734192798,1.1036154547458543,1.1462761221133084,2.5412088804075648,2.5114871386640596,2.5937334763202418,0.14944783522920502,0.14597029762571953,0.15398118066077018,0.15184456704113303,0.08839392532914113,0.2463656688280352,0.2109832451316801,0.20298367689652805,0.21515996846604668,3.9989020542602547,3.963198507056132,4.072980741877443,0.013918299779950183,0.005293233862748361,0.02625672341864602,-2.975405556862621,-3.2290685605200538,-2.5245696599726912,0.04706451477085316,0.007562341708026587,0.09005235014425171,-6.700652949814073,-10.0652560448857,-2.628147947283749
0.4000000000000005,0.2040816326530613,0.0,0.0,0.0,0.36,0.216323774943058,2.9207443491671725,0.994618531145659,0.878711263008712,0.9774017587227564,2.891594217547248,0.8905197849881269,2.9584499840944725,3.24708587758755,3.1737074474778963,0.5779297492,0.0,0.0,0.0,161.1,0.3105328284537614,0.3419922829297093,0.9666168198,0.5779297492,1.0,0.3130205025590105,0.3395856389194502,0.9667043606611544,0.5806968749960989,1446,RIT,-0.17713434875626832,15.30073209089457,4.173107790214681,0.015808657610918667,0.4708867591439869,0.015808657610918667,0.4708867591439869,0.04343590613735714,0.17957219439941344,-0.3927938775510203,3.9896510204081634,1.9294571428571432,0.8058805429710412,0.0,0.013145618369968656,1.7139660485900672,0.36085163153749455,0.13665707124131585,2.3592046553731865,-0.14465204081632638,1.8040183673469383,0.6321836734693871,0.18826441363717494,0.2183900020824658,0.23917163265306163,2.5807229317012483,4.953909183673472,0.025869161555951935,-1.937605324022137,0.0,0.0,0.0,1.0,0.0,0.02885629715089555,0.018559886696440875,0.036663766058060134,-5.735850860649537,-8.25452716761197,-3.816099621371932,0.00923709712168308,0.0075612251013240876,0.011587744992977354,1.9558982614141318,1.774576597962215,2.119376202523391,0.04237144409836978,0.04131820470334376,0.04415239680501819,2.0164636130437894,1.9659968720408274,2.0604902910783394,0.7719855169355144,0.7622769373235577,0.7777470611993735,1.9726360023948248,1.9574682343524454,2.003897077875084,0.14399156759663034,0.13942244394371062,0.150121033340647,0.30094383125114055,0.2608203079033725,0.33681047022122473,0.17344241183392084,0.1687689727061664,0.1765212555106584,3.148716867797097,3.1165575758166204,3.200498286438211,0.018226111800342473,0.016727955975432248,0.020132227996753307,3.6086986307675657,3.3652609607251964,3.8350066738822086,0.028637307537928036,0.013263483724842795,0.050157139196569396,-1.5338044644793882,-3.6469156885334004,-0.7729589892458444
0.4999999999999993,0.222222222222222,0.0,0.0,0.0,0.1,0.1245712877598708,3.5498613024043264,0.990731988306388,0.846076848423322,0.9751039800531752,2.874057475382069,0.889362486809972,2.947436923829742,3.231592874679188,3.1511390740111582,0.6223662374,0.0,0.0,0.0,145.67,0.3418410840051162,0.3444391174157601,0.9615465866,0.6223662374,1.0,0.3445819394768172,0.3473434123990122,0.9612091161354084,0.6233940746778821,1215,RIT,-0.18790136354779619,15.239396488866545,4.086138574069609,0.015762688614540447,1.3182228318853646,0.015762688614540447,1.3182228318853646,0.05229699531615347,0.17330546148748832,-0.37806444444444454,4.002633333333333,1.9699777777777774,0.8752373113854589,0.0,0.015516703337507386,1.7302072009968983,0.4061529083839812,0.11443919833057686,2.3879403292181074,-0.12066111111111122,1.6922777777777787,0.5293555555555562,0.16210699588477395,0.25775302469135775,0.2974011111111108,3.5843356544981253,5.375061111111108,0.016664783108566984,-2.161595516402621,0.0,0.0,0.0,1.0,0.0,0.03197152490613991,0.024699271114078426,0.04252509641772777,-3.3179671814932146,-5.702170583095936,-0.9397940237410332,0.008820608947283315,0.006883130111229449,0.010290066520142622,-0.16928622766380963,-0.37813702537565597,-0.006092627223989844,0.051122180594381894,0.05000186892170541,0.05256893965551883,4.46134900605113,4.40234193502777,4.515304989727561,0.8536986177035295,0.839947306660468,0.8604258865659343,4.424237804009266,4.405778843764894,4.460847388379892,0.11802618694721001,0.1160544307993563,0.1203746586265454,4.677193925287609,4.636388222174436,4.7328118510362644,0.15211696349746828,0.1495648831782386,0.155633160093925,3.7074003958987043,3.68489565659201,3.7596953261032438,0.01023776002542065,0.004853637132504569,0.017070358497491292,1.1426792352970425,0.9579338832256783,1.7075586462988597,0.022469939272258488,0.007584891627087026,0.038101660370412536,-1.1135758497333788,-1.9040821592379906,-0.5328487881723731
0.7000000000000002,0.2422145328719723,0.0,0.0,0.0,0.4375,,,0.993219934803455,0.977751295449744,0.9725822940656602,2.868859741232301,0.8883558293784033,2.949734699816179,3.229403856380036,3.1408610111025856,0.6751577478,0.0,0.0,0.0,84.94,0.3895271281756744,0.35812309810143,0.9542639873,0.6751577478,1.0,0.3804993433230282,0.3562468440587541,0.9544415030841792,0.6690097871088613,1378,RIT,0.3265881140705068,11.153498935176525,4.007055730052486,0.02396175247053387,2.141370632250485,0.02396175247053387,2.141370632250485,0.06401768736092146,0.16505016164936992,-0.36183148788927333,4.016940830449827,2.0146346020761245,0.9509984572182889,0.0,0.02308431348782734,1.7496076183442026,0.4575965863535246,0.06704961102622825,2.430026725081553,-0.09422128027681648,1.5691311418685119,0.41603114186851164,0.09523601320414665,0.30501450886603365,0.3615744290657442,6.180623266186942,5.839202595155712,0.027531877626598915,-2.6188364737988867,0.0,0.0,0.0,1.0,0.0,0.041856413890638426,0.019457175291036615,0.07064576285099576,-7.120582916201283,-9.437206977745262,-4.344361432439359,0.02510125912475747,0.023099156465734474,0.026439797174311726,2.870434878679458,2.7811487607093945,3.0342561622297133,0.06697871101308683,0.065375470468322,0.0684398611999221,0.7337747768978334,0.6893326043432131,0.7999346693583804,0.9913743169492107,0.9746082556617366,0.9982810716113755,0.7557766823868897,0.7361700847070607,0.799471513743665,0.06806440683196346,0.06418450536758832,0.07020973342946102,2.76097028717395,2.6733318983749044,2.845973151764372,0.09647910153557004,0.09451940347709632,0.10025065821821698,4.51862540348124,4.486810209097028,4.581081205267964,0.027359060520150025,0.02014535331721002,0.03353684737547465,-0.984488449223722,-1.2154529118876791,-0.6324110640777425,0.03736987280746962,0.0035577588795553928,0.06282069081153911,-1.579491431397983,-4.273998702786291,-0.09693742224382973
1.0,0.25,0.0,0.0,0.0,0.6636,,,0.991815375054783,0.779717084433418,0.9856848562317504,2.92236816678361,0.9431492716092124,2.964809845974254,3.098521363216907,3.054165584433464,0.7055397955,0.7475534254760916,0.0096215573002786,0.0232078879060525,0.0,0.385035916572751,0.3668578497224217,0.9700516076,0.7055397955,1.0,0.39483117025625,0.35981440246,0.9515839428556588,0.686369879389307,1316,RIT,0.622746426583853,9.452534562211989,3.98027275310162,0.03046874999999999,2.3560937500000136,0.03046874999999999,2.3560937500000136,0.07061476438945663,0.15980174843603867,-0.35551,4.0225124999999995,2.032025,0.9802968749999998,0.0,0.0269135561201225,1.757068516912403,0.47721683137325066,0.0,3.141592653589793,-0.08392499999999997,1.5211750000000002,0.3718999999999999,0.0,0.0,0.38656500000000005,8.230348369807949,6.019950000000001,0.04241015624999989,-2.5925603071794048,0.0,0.0,0.0,1.0,0.0,0.03779018937692713,0.010918862346596834,0.06263146318440607,-2.271320171824515,-4.098454970816722,0.9117564941560223,0.02477182588902238,0.022293774764526417,0.026416416816595956,2.4478945711493223,2.3442279636697365,2.5460650973600707,0.053793078445898646,0.052182758661357874,0.05614712717759697,5.644969831566566,5.578440609785947,5.701585124756928,0.7579232494842688,0.7455482440601404,0.7755631997022426,-0.6737238345875578,-0.7009008855363641,-0.6465007167399301,1.6230781629877786e-06,2.762602985714864e-09,0.0004721666485389606,2.89773757238736,0.18229715598468046,6.170919424605924,1.62145298520919e-06,2.8582805155786675e-09,0.0005717196183665713,3.139177333477504,0.08374403549100463,6.18690328901383,0.025497034810914667,0.02141407974794444,0.02957972933279151,2.5841400050484955,2.4678402116645732,2.776122832527809,0.04778307064184828,0.015390276675934181,0.08259975625502838,-6.92921083125002,-10.58124314557179,-3.6615660639019505
1.0,0.25,0.0,0.0,0.0,0.502975,,,0.992654683433526,0.947759559526822,0.9682909622855314,2.761991551979671,0.8751747752876806,2.8524396690229668,3.155931397899089,3.055859850178831,0.6788624895,0.9677332400880716,0.0115596170758263,0.0278100939877908,0.0,0.384261363452707,0.3464624827743989,0.9507948945,0.6788624895,1.0,0.39483117025625,0.35981440246,0.9515839428556588,0.686369879389307,1300,RIT,0.622746426583853,9.452534562211989,3.98027275310162,0.03046874999999999,2.3560937500000136,0.03046874999999999,2.3560937500000136,0.06653863167279257,0.16443163543145617,-0.35551,4.0225124999999995,2.032025,0.9802968749999998,0.0,0.0269135561201225,1.757068516912403,0.47721683137325066,0.0,3.141592653589793,-0.08392499999999997,1.5211750000000002,0.3718999999999999,0.0,0.0,0.38656500000000005,8.230348369807949,6.019950000000001,0.04241015624999989,-2.5925603071794048,0.0,0.0,0.0,1.0,0.0,0.04303864334437335,0.015056039238700893,0.0820324724847835,-3.0836777111706226,-5.278470841304583,-0.15071670723108976,0.03021410398172164,0.020817834336583397,0.036642999049747396,0.8032820260470585,0.5037912314874078,1.1005710175586276,0.06758533372957598,0.05996632622162503,0.07694765135619144,4.857451993047751,4.6965136991506045,4.9603932566145605,0.9822329258088655,0.9694043780651098,0.9922706477960832,4.886533948992517,4.859015523631585,4.933243987962915,2.529000303586625e-06,3.3266695296754902e-09,0.00031772101720432794,3.0528387885570485,0.14954293462763737,6.163585223169726,1.2683648063311844e-06,2.9977734528075055e-09,0.0004467069672734098,3.0110815058231526,0.18841878688844182,6.134843479334699,0.0338789054403662,0.028102356069356,0.03946204943585013,0.903361206614084,0.7274036186944723,1.1926319883173329,0.03420074098171834,0.008913469894136486,0.059337806469445774,-1.5945004896973676,-4.509587337083656,-0.33250623343553976
0.4000000000000005,0.2040816326530613,0.0,0.0,0.0,0.5511,,,0.993800999904733,0.735920682769795,0.9818219103109924,3.120418038493825,0.9117369457384792,3.178191488419149,3.4224981811682325,3.360283702270491,0.5959498231,0.0,0.0,0.0,204.32,0.3521256312093729,0.3279017033986768,0.9644659893,0.5959498231,1.0,0.3130205025590105,0.3395856389194502,0.9667043606611544,0.5806968749960989,1450,RIT,-0.17713434875626832,15.30073209089457,4.173107790214681,0.015808657610918667,0.4708867591439869,0.015808657610918667,0.4708867591439869,0.045307981530914726,0.17709693451719763,-0.3927938775510203,3.9896510204081634,1.9294571428571432,0.8058805429710412,0.0,0.013145618369968656,1.7139660485900672,0.36085163153749455,0.13665707124131585,2.3592046553731865,-0.14465204081632638,1.8040183673469383,0.6321836734693871,0.18826441363717494,0.2183900020824658,0.23917163265306163,2.5807229317012483,4.953909183673472,0.025869161555951935,-1.937605324022137,0.0,0.0,0.0,1.0,0.0,0.05603131510000936,0.040722580670189315,0.06673725849326721,-7.94788646441636,-9.893556185764893,-6.117298243941292,0.015717544968103403,0.01389825595117583,0.018151415491204602,-1.5624882945948535,-1.7132283923727156,-1.4087503579202991,0.07586993750307391,0.07366118077779078,0.07761179331294665,-0.18297281223126127,-0.236934949506435,-0.11871239367438413,1.328562525575876,1.27250518269815,1.3541295321266895,-0.20532360289712837,-0.23811837791586488,-0.13386336500405882,0.23449548972374845,0.21897444403790337,0.2442410998100747,1.283973641289413,1.2266526074648465,1.4256945327546293,0.3070617841027984,0.2871440352761997,0.313548250880682,2.8016068843495416,2.7506055040551485,2.9203286055481765,0.03327811184103343,0.027119956834354513,0.04414634503409963,-1.3084359495281328,-1.4402415705082108,-1.1060303838020404,0.048186909441610304,0.010092265560312801,0.09901397319962645,-3.4658786289422183,-4.362754161442343,-2.792298606391475
0.4999999999999993,0.222222222222222,0.0,0.0,0.0,0.006,,,0.991715249282852,0.889163750221594,0.9749021263467652,2.8760020448940016,0.8884768508997487,2.950041821809536,3.2370027896410725,3.155760902611492,0.6234977153,0.0,0.0,0.0,146.99,0.3443449252604542,0.3486096417572639,0.9612661971,0.6234977153,1.0,0.3445819394768172,0.3473434123990122,0.9612091161354084,0.6233940746778821,1203,RIT,-0.18790136354779619,15.239396488866545,4.086138574069609,0.015762688614540447,1.3182228318853646,0.015762688614540447,1.3182228318853646,0.05243241326027903,0.17313841830164103,-0.37806444444444454,4.002633333333333,1.9699777777777774,0.8752373113854589,0.0,0.015516703337507386,1.7302072009968983,0.4061529083839812,0.11443919833057686,2.3879403292181074,-0.12066111111111122,1.6922777777777787,0.5293555555555562,0.16210699588477395,0.25775302469135775,0.2974011111111108,3.5843356544981253,5.375061111111108,0.016664783108566984,-2.161595516402621,0.0,0.0,0.0,1.0,0.0,0.03183682019897205,0.02410229706534793,0.043152651318990126,-6.6617022760691995,-9.021967752710639,-4.24950707879146,0.008789680720974897,0.006593258665535258,0.010379532824034074,2.9380953504184384,2.675351144758049,3.1659935358496236,0.05061880579018507,0.04899452718145392,0.0523085355978707,1.2070233360404907,1.1489381028953851,1.2576409650452753,0.8448422145456866,0.8320196553018046,0.8518946762059568,1.1767501220255108,1.1589200877675336,1.2100454119066317,0.11519762116120646,0.11297915983137351,0.11741877125437213,-0.057294962467734134,-0.10263745611994857,-0.0006130064896492371,0.15063594665329139,0.14857146125844364,0.1548275071824126,1.9902711960776327,1.967298637494085,2.032125667716789,0.009742116254919032,0.004678381683816127,0.016538102248390574,0.9559287608510039,0.7263551464979511,1.593496255012503,0.02186731792582619,0.007310814609386074,0.03678281104224043,-1.013651508709688,-1.8613430320524493,-0.4588176553104528
0.7500000000000013,0.2448979591836735,0.0,0.0,0.0,0.0,,,0.990928363849801,0.982431129384488,0.9707810215479782,2.8209935123132674,0.8824322415870445,2.9059009701436027,3.1968386685868846,3.1034303084148545,0.6750241713,0.0,0.0,0.0,72.32,0.3842079468980958,0.3511046512713562,0.9535143672,0.6750241713,1.0,0.385416566825435,0.3574701254265389,0.9534713184168964,0.6750187370840793,1241,RIT,0.4260003573942982,10.549511866711324,3.9975928802337006,0.025960735080191092,2.224787943243811,0.025960735080191092,2.224787943243811,0.06467904673787639,0.1650723574917353,-0.3596526530612244,4.018861224489796,2.0206285714285714,0.9611101496825304,0.0,0.02436249195759436,1.752194615083263,0.46440132620896324,0.05515817928810085,2.4366878469005266,-0.09067244897959176,1.5526020408163264,0.4008204081632649,0.07813601475575616,0.3116678029987506,0.37018795918367364,6.780630176006653,5.901501020408165,0.0318067131257991,-2.6373216687780077,0.0,0.0,0.0,1.0,0.0,0.04041009903695003,0.01531797427952185,0.0704604723354085,-4.944213566874745,-7.1540133302310265,-2.028722761009943,0.025633159305209152,0.023505801273452663,0.0274867191504633,5.308086429611297,5.213857860953031,5.467953049246695,0.06288605296638772,0.06122482719975379,0.06493211249504152,3.0259974416477693,2.9702247489085996,3.093845279012132,0.9320647823175539,0.9194812816827984,0.9380383610103877,3.0213989683462064,3.0002584255971914,3.060453638918973,0.05374452436072563,0.05159621081128034,0.055228657578702406,4.020161541681329,3.9665346570503703,4.0738139029250355,0.0730409999776156,0.0718448100227122,0.07543318630236664,1.654677895101317,1.626573334615807,1.7137888053177892,0.02735599646823572,0.021357950685607,0.03331568133476976,-2.7391821128880323,-2.9100944943239093,-2.453439795926419,0.021184039384383846,0.00526334722449893,0.038979478652797425,-0.797485588386186,-2.062148656614994,0.17830951619748034
0.6,0.2343749999999999,0.0,0.0,0.0,0.84,,,0.991462150692523,0.504585982311451,0.990806977877194,2.118870179412203,0.9609567304749612,2.138529730535293,2.204958987450905,2.184688750699389,0.4906983425,0.0,0.0,0.0,66.75,0.222689139058122,0.2511234817132486,0.9873324954,0.4906983425,1.0,0.3662667109852408,0.3527113535796874,0.9571899292820022,0.6513011211070794,1412,RIT,0.06720986804102091,12.945682506053204,4.036187802965097,0.019445141293108432,1.852697513103493,0.019445141293108432,1.852697513103493,0.04006341259695964,0.19049646853563706,-0.368196875,4.01133046875,1.9971234375,0.921378650665283,0.0,0.01965705721653513,1.7419899034765147,0.43751934203272236,0.09096421876791287,2.412011665344238,-0.1045890625,1.6174203125000002,0.46046875,0.1296405029296876,0.28599705078125,0.3364103125000001,4.856638693197723,5.6572000000000005,0.019396620303159386,-2.4688778948605195,0.0,0.0,0.0,1.0,0.0,0.012854186197830964,0.0036706303010573212,0.023740380895962004,-0.1534451065839928,-2.3262579424027194,2.779606474793988,0.008930949838728552,0.006740082313085129,0.010360449336897708,3.8429307738298113,3.610172590297995,4.00205971771514,0.019425715808535027,0.01813168985502445,0.021303155972317453,1.278836508154857,1.207425273878422,1.3602207713901415,0.44986073131032567,0.4337863354404182,0.4633727824102764,1.160396374559171,1.1153703267911703,1.2059883398505475,0.04926750259209001,0.047310561574394214,0.051254394448795614,3.656280334000758,3.5894616692557806,3.69780463482922,0.04915965063487926,0.04787624173011762,0.05030470898031469,4.971131021617756,4.935393700146712,5.012333047529099,0.006311161277772426,0.003365852703893573,0.008524901507855046,0.5082801558228184,0.2741519092091778,0.7595999893985113,0.05324055266712391,0.011139245047367465,0.08419926698090918,-0.23135026834529637,-3.925088964767053,1.8237234659582389
1.0,0.25,0.0,0.0,0.0,0.18,,,0.988621332755378,0.908076841277966,0.9703855106776328,2.848611000897737,0.8832960786661799,2.935545687309897,3.2249786563065896,3.129472560324536,0.689680798,1.0175129053353018,0.010840123556008,0.0338810076107631,0.0,0.4011225085794322,0.3651894893362239,0.9505746562,0.689680798,1.0,0.39483117025625,0.35981440246,0.9515839428556588,0.686369879389307,1113,RIT,0.622746426583853,9.452534562211989,3.98027275310162,0.03046874999999999,2.3560937500000136,0.03046874999999999,2.3560937500000136,0.06816446433732572,0.16259248643795493,-0.35551,4.0225124999999995,2.032025,0.9802968749999998,0.0,0.0269135561201225,1.757068516912403,0.47721683137325066,0.0,3.141592653589793,-0.08392499999999997,1.5211750000000002,0.3718999999999999,0.0,0.0,0.38656500000000005,8.230348369807949,6.019950000000001,0.04241015624999989,-2.5925603071794048,0.0,0.0,0.0,1.0,0.0,0.04524383888532291,0.014442091098988658,0.08119289018043664,-3.3319056076121054,-5.600987228562397,-0.43584204077932487,0.03256955542764439,0.03057144239368245,0.034029445931775405,0.4418359963916402,0.3524285707868719,0.6040309941523652,0.07214228772839049,0.06971529099935528,0.07423489221265799,4.609893974408891,4.565608689059948,4.683164769690409,1.0345312908194122,1.0191379141950803,1.0425632789320605,4.601631777518033,4.57677477810772,4.648602075308181,1.4249457073433651e-06,2.7553421105589088e-09,0.00047759550793407765,3.07817182277307,0.10231835750136124,6.128648976935176,1.102337126655539e-06,2.893206215372331e-09,0.0005067067342554234,3.0783505294690845,0.28583148937857666,6.091913845418486,0.03688374786976678,0.03043780295264912,0.043152337002688855,0.3194696603953292,0.14871887483862237,0.6250001210355101,0.02293281888281029,0.0017182666080153347,0.042760609350808235,-1.36798379932645,-2.9503547857228813,-0.1215264139856913
1.0,0.25,0.0,0.0,0.0,0.4816,,,0.992766319126494,0.967924656538013,0.9711470335999226,2.874700891916819,0.8862531217398584,2.9601088120103256,3.243656717703082,3.1500675994138096,0.6922954489,1.1338321587601092,0.0133255546550324,0.0271778182022355,0.0,0.4095889002080066,0.3503679976121816,0.9495673271,0.6922954489,1.0,0.39483117025625,0.35981440246,0.9515839428556588,0.686369879389307,1299,RIT,0.622746426583853,9.452534562211989,3.98027275310162,0.03046874999999999,2.3560937500000136,0.03046874999999999,2.3560937500000136,0.06856283669628448,0.16214031109170274,-0.35551,4.0225124999999995,2.032025,0.9802968749999998,0.0,0.0269135561201225,1.757068516912403,0.47721683137325066,0.0,3.141592653589793,-0.08392499999999997,1.5211750000000002,0.3718999999999999,0.0,0.0,0.38656500000000005,8.230348369807949,6.019950000000001,0.04241015624999989,-2.5925603071794048,0.0,0.0,0.0,1.0,0.0,0.05088572647542289,0.017570632032897677,0.0897069993117762,-4.686276066252678,-7.110632924777345,-1.8843319628437643,0.03632196118806588,0.03352223235796811,0.03833791693158208,5.112591947501046,5.006287052396944,5.3085108641000645,0.08171679477670313,0.07899187602345732,0.08478941871828462,3.2478831467351954,3.1977103017921604,3.3352970986759285,1.160347520061595,1.1359489477614884,1.1713200616430286,3.2794653227333685,3.253601347930149,3.3344691130645616,1.8033272279565356e-06,3.301471465756792e-09,0.0005223655103152269,3.4400574204699055,0.11659520538093147,6.1270414821085195,1.8177727416882313e-06,3.548796015637437e-09,0.0004132915696945323,3.024493390345167,0.06119047973991609,6.120810365644372,0.04227035896178277,0.034362635061936465,0.0499513182327676,-2.395485763996752,-2.577028040133431,-2.047065897346071,0.04427633456922164,0.005833955569935608,0.08117625610736454,-2.135910752680788,-4.436032164827534,-0.16660058654186827
0.9000000000000008,0.2493074792243767,0.0,0.0,0.0,0.7975,,,0.991141764326353,0.603833934267797,0.9897084400388044,2.3623344775524737,0.9589318303252206,2.3868993958057505,2.4635061668057165,2.43815284537526,0.5795952198,0.0,0.0,0.0,22.27,0.2704085801274554,0.2939000928176511,0.9840622773,0.5795952198,1.0,0.3935482092334095,0.3594947871327383,0.951843459226394,0.6848348051898036,1342,RIT,0.5956875967256099,9.596620032564594,3.9825735289591884,0.02979993948902209,2.340576225547977,0.02979993948902209,2.340576225547977,0.05290375263943053,0.17934696302569267,-0.35607229916897504,4.0220168975069255,2.0304781163434904,0.9776955937970423,0.0,0.026558874621321553,1.7564108618115646,0.4754875382272201,0.02089819929801155,2.4482155701686192,-0.08484085872576169,1.5254407202216067,0.3758254847645426,0.029419954533320806,0.3227599757138142,0.3843420775623271,8.004593836280062,6.003872437673132,0.04076639267494243,-2.6061789900677685,0.0,0.0,0.0,1.0,0.0,0.021232508198901878,0.002485433662342256,0.0366009070247737,-5.647717914300489,-7.407942019446123,-2.128119356449611,0.017104264830092752,0.014515404695710348,0.018849110467204666,5.3466592577455385,5.204711129619393,5.471331954210358,0.02755836188089089,0.025482519777719415,0.029482385148838507,2.3307775814941687,2.2404582918583755,2.4266361563865098,0.5235462589214007,0.5071309815972888,0.5412834401608232,2.23186672074748,2.175811893909662,2.265984209022813,0.01194371285191298,0.009792411765830008,0.013044194027983295,4.3712719931914625,4.24028575946341,4.439612135882732,0.01290814689113709,0.01158564267827011,0.014072033234408683,0.4145438143800242,0.3263653607343093,0.47750217363604236,0.01288087226288781,0.009854241096014776,0.015254236219635937,2.0980317033792666,1.898967992514879,2.3227879991530775,0.05113084719034999,0.015302427405885844,0.0919758944670006,-0.30214643005606967,-3.8512903945167616,2.297022669339238
0.7999999999999985,0.2469135802469135,0.0,0.0,0.0,0.36,0.2243436989923137,1.1848290086384523,0.993488849140537,1.06317248233889,0.9699486130668108,2.813601880416949,0.8801206317802154,2.900774167325033,3.1968366367300027,3.1007672619974347,0.6796296217,0.0,0.0,0.0,58.3,0.3911966157144358,0.3623922570140507,0.9518072297,0.6796296217,1.0,0.3891256046145102,0.3583933726890412,0.9527324493167656,0.6795146807490542,1354,RIT,0.5028462423056482,10.106837059522054,3.990647173447231,0.027627491095340576,2.2812137574892404,0.027627491095340576,2.2812137574892404,0.06586399857766422,0.16430291262234673,-0.35801604938271614,4.0203037037037035,2.0251308641975303,0.9686962052231571,0.0,0.025352588670204106,1.7541277574781549,0.469484522925366,0.043442380310503216,2.4418658261218082,-0.08800679012345691,1.5401864197530875,0.38939506172839566,0.061382241866924474,0.3167135490016765,0.37665790123456755,7.2984070651607516,5.948295679012343,0.035589057653982833,-2.6339908286138543,0.0,0.0,0.0,1.0,0.0,0.04253913355540362,0.014762759502205193,0.07449763627898778,-6.161732304795121,-8.381437891471457,-3.271546828309712,0.028629288271584397,0.026575745231593808,0.02993745073428791,3.986511030505087,3.8928194751250866,4.143131540563973,0.06745310305768448,0.06564386029499414,0.06907563310436934,1.7887237249049184,1.7440091241182156,1.8551522626057726,0.9861655437186676,0.9713956380808609,0.9937521265003765,1.8118215317583481,1.7897572673076492,1.8541667558219894,0.04414523566888018,0.04192698698133618,0.046364946689678596,0.14581608042063132,0.07554951100438269,0.20374219625943435,0.06029136792589285,0.058660396806147305,0.061957296938493125,2.964027928989294,2.921851221092245,3.028998509703348,0.03133167022444283,0.02398806646739053,0.03775379357777442,1.0705311340348476,0.9026246917607761,1.3785057693852902,0.03711277794008294,0.007215934876216079,0.06205817967237229,-1.5465441017163473,-4.34713485007319,-0.08449059734386566
1.0,0.25,0.0,0.0,0.0,0.11,,,0.989444603605217,0.946042565433719,0.9701096454078186,2.826555086878777,0.8822254482265672,2.9136449681319667,3.2038920352622617,3.108126566253207,0.6861115053,1.0132455055056733,0.0104711091400002,0.0348891803075611,0.0,0.3943485068117812,0.3574404887047109,0.9510239749,0.6861115053,1.0,0.39483117025625,0.35981440246,0.9515839428556588,0.686369879389307,1105,RIT,0.622746426583853,9.452534562211989,3.98027275310162,0.03046874999999999,2.3560937500000136,0.03046874999999999,2.3560937500000136,0.06762409582049467,0.16320489031943103,-0.35551,4.0225124999999995,2.032025,0.9802968749999998,0.0,0.0269135561201225,1.757068516912403,0.47721683137325066,0.0,3.141592653589793,-0.08392499999999997,1.5211750000000002,0.3718999999999999,0.0,0.0,0.38656500000000005,8.230348369807949,6.019950000000001,0.04241015624999989,-2.5925603071794048,0.0,0.0,0.0,1.0,0.0,0.044993402267023974,0.01551754514428161,0.08039029293981889,-6.317193399693116,-8.669433197845228,-3.435244356479544,0.03253787053458101,0.030699343290503354,0.033956236666768766,3.6535210506782376,3.5691837302943066,3.824519492380765,0.07105477561544837,0.06881580197315276,0.07292737941124956,1.5537676307472192,1.5082736116934934,1.6334307109125894,1.0311002399683402,1.0130346935484196,1.0372115043677914,1.5487877760886741,1.5234813298270389,1.598543788568239,1.8795958214370111e-06,3.1430095467537137e-09,0.0005607962087304917,2.917865621311452,0.14580258935510373,6.182069574033098,1.1972957088005108e-06,3.076555238285451e-09,0.0003393423264702038,3.138866935302003,0.15131398885496838,6.020102075134954,0.03666459149081014,0.030002424367962414,0.04296835959709282,0.49295338190568083,0.31806268919259606,0.8191484153252981,0.022775820779493583,0.003642626476391354,0.042518499911367615,-1.3118969977088981,-2.718670154560175,-0.07949501858305741
0.7500000000000013,0.2448979591836735,0.0,0.0,0.0,0.11,,,0.989662049949043,0.92682367381583,0.9710287516950952,2.836067215918556,0.8834143747628418,2.9206830497734697,3.210347597841518,3.117339820439397,0.6744929223,0.0,0.0,0.0,73.45,0.3847368954679735,0.3495284482948193,0.9529647434,0.6744929223,1.0,0.385416566825435,0.3574701254265389,0.9534713184168964,0.6750187370840793,1257,RIT,0.4260003573942982,10.549511866711324,3.9975928802337006,0.025960735080191092,2.224787943243811,0.025960735080191092,2.224787943243811,0.06460224805889425,0.16516047636833578,-0.3596526530612244,4.018861224489796,2.0206285714285714,0.9611101496825304,0.0,0.02436249195759436,1.752194615083263,0.46440132620896324,0.05515817928810085,2.4366878469005266,-0.09067244897959176,1.5526020408163264,0.4008204081632649,0.07813601475575616,0.3116678029987506,0.37018795918367364,6.780630176006653,5.901501020408165,0.0318067131257991,-2.6373216687780077,0.0,0.0,0.0,1.0,0.0,0.04262977126960976,0.017326147308864257,0.07381053284114912,-5.667549571023484,-7.994148400261995,-2.841281692172542,0.02764774409340931,0.02572989403413675,0.029078051579121297,4.322139827232794,4.221638651853391,4.500642876081737,0.06795793011334039,0.06598994161938637,0.07003379973513342,2.2792141812308726,2.2356851686525574,2.3509352878727916,1.0100613939200715,0.9938465946087335,1.0155688133447662,2.2654826785262925,2.2423048662384963,2.31056373660191,0.05837603742066111,0.05729152058841299,0.06017183447045025,0.29334730347417926,0.24112143656054635,0.36004076322499046,0.0792729323961041,0.07709886063120867,0.08111758574769096,3.616339045513548,3.575022697821795,3.682017186790737,0.0304244632168974,0.023748534061061716,0.036957688066841916,-4.311910457576768,-4.491566994377656,-3.9851112739737555,0.02287354141781106,0.002314673672527571,0.0417055244224247,-1.2958965086715888,-2.306116927115733,-0.2614359795856549
0.6,0.2343749999999999,0.0,0.0,0.0,0.5511,,,0.992881698491484,0.845181520371701,0.976453412654698,3.0131115622281204,0.9007173697813454,3.0857709371267705,3.345235323883641,3.266466448139225,0.6550464323,0.0,0.0,0.0,137.08,0.3890695407347584,0.3107527088919504,0.9530956182,0.6550464323,1.0,0.3662667109852408,0.3527113535796874,0.9571899292820022,0.6513011211070794,1404,RIT,0.06720986804102091,12.945682506053204,4.036187802965097,0.019445141293108432,1.852697513103493,0.019445141293108432,1.852697513103493,0.05928818100518242,0.16831277356722463,-0.368196875,4.01133046875,1.9971234375,0.921378650665283,0.0,0.01965705721653513,1.7419899034765147,0.43751934203272236,0.09096421876791287,2.412011665344238,-0.1045890625,1.6174203125000002,0.46046875,0.1296405029296876,0.28599705078125,0.3364103125000001,4.856638693197723,5.6572000000000005,0.019396620303159386,-2.4688778948605195,0.0,0.0,0.0,1.0,0.0,0.0791539152125933,0.048778200049808804,0.10363716782693852,-7.597667263889104,-10.353702350320697,-5.5474772689361025,0.03197708839173019,0.015604922634375542,0.040300250934028586,0.2275569179123759,0.01361612444700245,0.4525192620616163,0.1253902803671626,0.12331636290754897,0.12895247345042013,0.186504839001717,0.09241890073862623,0.34520022108294635,1.906784253845529,1.7667254227785254,1.9784559941959343,0.18759262793482076,0.12104578675781483,0.3239463043421671,0.18865166531844502,0.1685894435159099,0.19639594068766753,0.8827236147995425,0.7852596514008202,1.078814009140923,0.26101491881579275,0.23300152048673245,0.27107338013566484,-3.0166296436414535,-3.1125836621234497,-2.7993157518634644,0.05210621161274198,0.03633534946844575,0.06333488227330124,-2.3553046643680777,-2.881748244451541,-1.5677062239867503,0.05196818675628845,0.009040934130990391,0.11522852126684402,-4.5841656497114665,-5.792472305268568,-3.5929646544302147
0.9000000000000008,0.2493074792243767,0.0,0.0,0.0,0.8775,,,0.990723649285232,0.46964861554162,0.9903144511588606,1.8609714937481168,0.9613383283046734,1.8791723089271477,1.9358132708907516,1.9170638569082128,0.4595165536,0.0,0.0,0.0,11.4,0.2151471708021274,0.2021895372972881,0.9873982979,0.4595165536,1.0,0.3935482092334095,0.3594947871327383,0.951843459226394,0.6848348051898036,1344,RIT,0.5956875967256099,9.596620032564594,3.9825735289591884,0.02979993948902209,2.340576225547977,0.02979993948902209,2.340576225547977,0.039150106923036464,0.19404501555525258,-0.35607229916897504,4.0220168975069255,2.0304781163434904,0.9776955937970423,0.0,0.026558874621321553,1.7564108618115646,0.4754875382272201,0.02089819929801155,2.4482155701686192,-0.08484085872576169,1.5254407202216067,0.3758254847645426,0.029419954533320806,0.3227599757138142,0.3843420775623271,8.004593836280062,6.003872437673132,0.04076639267494243,-2.6061789900677685,0.0,0.0,0.0,1.0,0.0,0.013284405757151396,4.968012669145327e-09,0.026235519963221248,2.991411979959828,-3.3694831011781963,2.065011110532922,0.012397173318523524,0.010133130135335235,0.014520000616469306,2.834752318069743,2.665163635181915,3.0432985225981293,0.01777773829526963,0.015774167194342756,0.019395147455868643,0.30149296420487914,0.13333925282748377,0.3907437567273838,0.4508959245231826,0.4199477999277711,0.4696770632167048,0.19855699834912766,0.14588188058778806,0.2281555262485389,0.009749799220988398,0.008411844711602667,0.011009046566464196,3.033146127845902,2.8577010846674766,3.1417238774043272,0.009794649912311354,0.008470967708642628,0.010797431378485633,3.4804480324687437,3.354521323521836,3.5912863964262294,0.00875147942248844,0.005992484391437838,0.010451423931623665,-2.0313634266314295,-2.306581885746107,-1.7703737695463184,0.06785954060050059,0.0020119518661290024,0.11565726432006815,1.3219278877350102,0.0045417779199780775,2.3043303663172097
0.4999999999999993,0.222222222222222,0.0,0.0,0.0,0.24,,,0.989265068589685,0.777490968445459,0.974053598225704,2.8918535368349256,0.8847559274869923,2.9688854310508246,3.268532537610427,3.1837258791772274,0.6230160517,0.0,0.0,0.0,138.67,0.3474342958112006,0.3498696898930902,0.9593702651,0.6230160517,1.0,0.3445819394768172,0.3473434123990122,0.9612091161354084,0.6233940746778821,1229,RIT,-0.18790136354779619,15.239396488866545,4.086138574069609,0.015762688614540447,1.3182228318853646,0.015762688614540447,1.3182228318853646,0.05237473451671249,0.17320957620001445,-0.37806444444444454,4.002633333333333,1.9699777777777774,0.8752373113854589,0.0,0.015516703337507386,1.7302072009968983,0.4061529083839812,0.11443919833057686,2.3879403292181074,-0.12066111111111122,1.6922777777777787,0.5293555555555562,0.16210699588477395,0.25775302469135775,0.2974011111111108,3.5843356544981253,5.375061111111108,0.016664783108566984,-2.161595516402621,0.0,0.0,0.0,1.0,0.0,0.03462873930743715,0.02708143288696057,0.04385152469385475,-7.6271220744083905,-10.054271405441039,-5.290904134647297,0.009327039093554146,0.0072934134217014016,0.010882593644834068,1.590693395628798,1.3179627363000188,1.8437133645369728,0.05555396986794514,0.05444224029815726,0.05749262060710843,0.15435331138724506,0.09926336365722847,0.21607284777168262,0.9246127108683553,0.9116275282358339,0.9384841315684515,0.11556431129317324,0.08915064066075458,0.15656911844063806,0.12664571759443133,0.12485081106636657,0.129403455688374,-0.7999934847437282,-0.8505867207760405,-0.7278425542461413,0.16525549777933224,0.16145303885065931,0.16876149167047463,0.35571832042091056,0.33037566089756526,0.4126862220158494,0.011593961411065203,0.0049623448239900095,0.019743917291736822,-1.2970051258961606,-1.4705138057828275,-0.7882195001462708,0.025351032146942898,0.009838036200860496,0.041352340272140006,-1.548480837974744,-2.28110292976739,-0.9776092219146015
0.7500000000000013,0.2448979591836735,0.0,0.0,0.0,0.015,,,0.990755787003399,0.975035055843595,0.970807762231653,2.8221918251949,0.8825382437188439,2.907055273958009,3.1978124973969786,3.1044611946343745,0.6749406276,0.0,0.0,0.0,73.23,0.3843187960878989,0.3573637902506732,0.9534669902,0.6749406276,1.0,0.385416566825435,0.3574701254265389,0.9534713184168964,0.6750187370840793,1247,RIT,0.4260003573942982,10.549511866711324,3.9975928802337006,0.025960735080191092,2.224787943243811,0.025960735080191092,2.224787943243811,0.06466696454253835,0.16508623681821227,-0.3596526530612244,4.018861224489796,2.0206285714285714,0.9611101496825304,0.0,0.02436249195759436,1.752194615083263,0.46440132620896324,0.05515817928810085,2.4366878469005266,-0.09067244897959176,1.5526020408163264,0.4008204081632649,0.07813601475575616,0.3116678029987506,0.37018795918367364,6.780630176006653,5.901501020408165,0.0318067131257991,-2.6373216687780077,0.0,0.0,0.0,1.0,0.0,0.0400590383063647,0.015411828809249899,0.07022624781082452,-5.249502466339159,-7.437335890820799,-2.3654451501641747,0.025707811961484212,0.023743082338942133,0.027089603163494444,4.956504598055529,4.864695057788654,5.11946798896228,0.06339225006319438,0.061653697699138046,0.06526045143942165,2.6973472250713924,2.646175345890582,2.7655748618858484,0.9397484128259287,0.9264769943348762,0.9463815753636403,2.6899585802265435,2.6682633060121983,2.729664539871926,0.05384735949473807,0.05279915371253619,0.05561186557475741,0.6719962055256963,0.6153157923316821,0.7350270137317416,0.07363040925650854,0.07181771067986617,0.07577237026218697,4.294634367594208,4.253465618519857,4.348113498756886,0.02769123823788988,0.021710654788278206,0.03371506879171923,-3.4090145179714835,-3.589604734764867,-3.1165653563780764,0.02154069194392305,0.004990192380084877,0.038975268892527955,-0.8280620887744634,-2.1002494040241286,0.14088767890604237
1.0,0.25,0.0,0.0,0.0,0.195,,,0.988444828302053,0.89973292614587,0.9711705258095994,2.852655254658637,0.8863443804025875,2.9373371399225388,3.218450207088727,3.1256639799103727,0.6917646349,0.9658667531725226,0.0110373600067791,0.0355425226756727,0.0,0.4010821605548004,0.3598349215400276,0.9518453397,0.6917646349,1.0,0.39483117025625,0.35981440246,0.9515839428556588,0.686369879389307,1115,RIT,0.622746426583853,9.452534562211989,3.98027275310162,0.03046874999999999,2.3560937500000136,0.03046874999999999,2.3560937500000136,0.06848178632032313,0.16223235640242323,-0.35551,4.0225124999999995,2.032025,0.9802968749999998,0.0,0.0269135561201225,1.757068516912403,0.47721683137325066,0.0,3.141592653589793,-0.08392499999999997,1.5211750000000002,0.3718999999999999,0.0,0.0,0.38656500000000005,8.230348369807949,6.019950000000001,0.04241015624999989,-2.5925603071794048,0.0,0.0,0.0,1.0,0.0,0.04434306271093191,0.012947969220581777,0.07881156825741739,-6.006725497567214,-8.217689349148198,-3.02476653307982,0.031159468233088572,0.029118044085557942,0.032510889732104566,4.239879112408904,4.160923807428903,4.3923470000203855,0.06868211345081865,0.06647465938438779,0.07082164176145805,1.9688604780395047,1.9312778237162944,2.0343483540767395,0.9823024943186508,0.9672683739462998,0.9914027812365406,1.9568888630917747,1.928694351942877,2.0000960510077506,9.800305831586688e-07,2.6101281494219453e-09,0.0004035364848602139,3.278539131801016,0.19016692361535115,6.158826468342156,2.2867645601029484e-06,2.7150582123453925e-09,0.000560649198066014,2.9930308957288787,0.1599174831223114,6.093941195165293,0.03459081424916399,0.028089561051687695,0.040782800596544565,1.3549934021057175,1.199199450758059,1.6386001273213764,0.02103160066835763,0.0031016070934475407,0.038819674749170086,-0.8578881389647088,-2.33676194640829,0.5171612915154592
1.0,0.25,0.0,0.0,0.0,0.09,0.1102711238729099,3.588427494910005,0.989679693100269,0.956613201514373,0.9699849634119364,2.8077574003720285,0.8817416584905109,2.894640129776549,3.1843311170969755,3.0887533021088003,0.6858794284,0.9263041522140514,0.0122469495228801,0.0309189286034895,0.0,0.3913623615435971,0.365883721694388,0.9520351827,0.6858794284,1.0,0.39483117025625,0.35981440246,0.9515839428556588,0.686369879389307,1103,RIT,0.622746426583853,9.452534562211989,3.98027275310162,0.03046874999999999,2.3560937500000136,0.03046874999999999,2.3560937500000136,0.06758909736516662,0.1632445161340394,-0.35551,4.0225124999999995,2.032025,0.9802968749999998,0.0,0.0269135561201225,1.757068516912403,0.47721683137325066,0.0,3.141592653589793,-0.08392499999999997,1.5211750000000002,0.3718999999999999,0.0,0.0,0.38656500000000005,8.230348369807949,6.019950000000001,0.04241015624999989,-2.5925603071794048,0.0,0.0,0.0,1.0,0.0,0.042505307435195094,0.01274601462359834,0.07534750192505177,-4.2746760617620865,-6.442099424119701,-1.2502516754835113,0.029796430190429324,0.027956957131122884,0.03128548073613601,-0.21251086565546395,-0.2890459339374951,-0.07706200487241421,0.06477293561114439,0.06308106941776781,0.06663303350469614,3.714265137664833,3.6694977727096187,3.778069461735842,0.9400813970884331,0.927409512142982,0.9458785244503043,3.7103768708090303,3.6870491957526097,3.7509046327303674,1.6582654230305104e-06,2.907791889896571e-09,0.0004930091797611682,3.1760056174250604,0.04543694539907731,6.10376556823832,1.5226425235464074e-06,2.797348856084962e-09,0.00035216542519933797,3.1803599968540186,0.292804517181837,6.134651164885499,0.03242028271389874,0.026680935790592584,0.038270211281785024,-1.4039885425124972,-1.5453657179353497,-1.1351591461287738,0.02086364328010759,0.005218680615627442,0.038319995255290853,-0.7017230632196818,-2.172193898497982,0.565108589376029
1.0,0.25,0.0,0.0,0.0,0.4071,0.3038422445268914,1.8261717367282917,0.993155372274344,1.03514164657538,0.9690688889519816,2.802171428418588,0.8781890230692562,2.8916122066915704,3.19085225937469,3.0921556538021515,0.6851144165,0.9924941668138378,0.0120152372640863,0.0389780582586737,0.0,0.3955573260326273,0.3601457134649877,0.9503218562,0.6851144165,1.0,0.39483117025625,0.35981440246,0.9515839428556588,0.686369879389307,1289,RIT,0.622746426583853,9.452534562211989,3.98027275310162,0.03046874999999999,2.3560937500000136,0.03046874999999999,2.3560937500000136,0.06747384647787741,0.16337497287889194,-0.35551,4.0225124999999995,2.032025,0.9802968749999998,0.0,0.0269135561201225,1.757068516912403,0.47721683137325066,0.0,3.141592653589793,-0.08392499999999997,1.5211750000000002,0.3718999999999999,0.0,0.0,0.38656500000000005,8.230348369807949,6.019950000000001,0.04241015624999989,-2.5925603071794048,0.0,0.0,0.0,1.0,0.0,0.04514726809588954,0.013471589505402485,0.08071693949794075,-4.854726944216118,-7.112219391750298,-1.893555792284105,0.03185366732657646,0.03010300278797336,0.03338999906683925,5.318951989566925,5.232801251799863,5.483322128778777,0.0700358174178467,0.06797106184984131,0.07198219688879859,3.1239795239363195,3.076072358168385,3.199005595828357,1.0101025387620217,0.9938889357882752,1.017690055525374,3.1590566392656334,3.136021209352503,3.2036424939277803,1.0716686158791849e-06,2.580263400393001e-09,0.0003769563713099287,3.36498790557238,0.19986270198845868,6.095938570672607,1.1520541049303277e-06,2.8067835896141738e-09,0.0005081357724691959,3.3187230873721947,0.15248022188068946,6.191348745726519,0.03512700727618279,0.028825835674716766,0.041815428256477244,-2.5550795756789633,-2.7153015627755366,-2.2598106121849435,0.03769419235877314,0.006323279915199834,0.06385596253004852,-1.6380821276818711,-4.628114947347221,-0.006723273169475519
0.6,0.2343749999999999,0.0,0.0,0.0,0.4671,0.4169846786850988,5.886242594506563,0.993294055330374,0.920869417718417,0.9740586321109942,2.8579031186302624,0.8907524667518743,2.9340154939508856,3.208414486969198,3.1251838264223144,0.6552646155,0.0,0.0,0.0,110.1,0.3668237196315213,0.3599002795704393,0.9586668064,0.6552646155,1.0,0.3662667109852408,0.3527113535796874,0.9571899292820022,0.6513011211070794,1402,RIT,0.06720986804102091,12.945682506053204,4.036187802965097,0.019445141293108432,1.852697513103493,0.019445141293108432,1.852697513103493,0.059317300984521405,0.16827819538756772,-0.368196875,4.01133046875,1.9971234375,0.921378650665283,0.0,0.01965705721653513,1.7419899034765147,0.43751934203272236,0.09096421876791287,2.412011665344238,-0.1045890625,1.6174203125000002,0.46046875,0.1296405029296876,0.28599705078125,0.3364103125000001,4.856638693197723,5.6572000000000005,0.019396620303159386,-2.4688778948605195,0.0,0.0,0.0,1.0,0.0,0.03515172989750737,0.019860635433351308,0.054874222545294275,-7.043674629647009,-9.253423500474595,-4.345521918004655,0.016140834209051658,0.013448523579588374,0.017568636478940795,3.154939428865776,2.997316900714893,3.3050561262122526,0.05571240897155061,0.054297926866784606,0.05789930938937381,0.8843545176373886,0.8411913195395528,0.9276995675159562,0.867202346310235,0.856398166014359,0.8737158802297774,0.8871426396115338,0.871347508962848,0.9202413249306721,0.08761290000571276,0.08393238845259372,0.09176801180206927,-0.15205248743989386,-0.21088244472617657,-0.09760973543571616,0.11816795890301868,0.1145037051832041,0.12066173751071455,1.6019473029915607,1.5607641699450672,1.6459399482452306,0.01602684620841155,0.009261733087481494,0.022822012687726177,-0.47710630772918705,-0.6925944822448695,-0.17442789380253565,0.03270805043585201,0.005866854450655355,0.05260365923774458,-1.389560997701024,-4.47121211205154,-0.0029185254935981675
0.7500000000000013,0.2448979591836735,0.0,0.0,0.0,0.05,0.0541483954195947,2.5598156400258,0.990352985948374,0.957555417604895,0.9707173346471768,2.817721791416842,0.88217979356006,2.902721205077675,3.1940448103507912,3.1005146650473674,0.6744114096,0.0,0.0,0.0,72.67,0.3829083818031502,0.3637364482037526,0.9536099837,0.6744114096,1.0,0.385416566825435,0.3574701254265389,0.9534713184168964,0.6750187370840793,1251,RIT,0.4260003573942982,10.549511866711324,3.9975928802337006,0.025960735080191092,2.224787943243811,0.025960735080191092,2.224787943243811,0.06459047189285175,0.1651739995902784,-0.3596526530612244,4.018861224489796,2.0206285714285714,0.9611101496825304,0.0,0.02436249195759436,1.752194615083263,0.46440132620896324,0.05515817928810085,2.4366878469005266,-0.09067244897959176,1.5526020408163264,0.4008204081632649,0.07813601475575616,0.3116678029987506,0.37018795918367364,6.780630176006653,5.901501020408165,0.0318067131257991,-2.6373216687780077,0.0,0.0,0.0,1.0,0.0,0.04004380282058995,0.01505267089936719,0.06916174515560626,-7.074772912160146,-9.275107458739656,-4.160234957980366,0.025455639834113475,0.02359629211521801,0.026681790677718458,3.1876087483113618,3.1010920414929584,3.3315208905675546,0.06228854871744131,0.0607695299499959,0.0640532366380555,0.8975466442432564,0.8589227681326325,0.9570896814382435,0.92673969463021,0.9136453825908163,0.9323421385867326,0.8888418777832522,0.866532321793147,0.9280271720136892,0.05295247073950482,0.05150559888935718,0.054645531463547684,-0.1940673371204591,-0.2501343771565301,-0.13447559930853714,0.07250021657544685,0.07102543631936553,0.07487392548292837,1.5982445051314382,1.5558669810890244,1.6517455601504598,0.027137558526940442,0.020843180813306595,0.03298842368556592,-0.7181201632202963,-0.8933188845448683,-0.4262754077974922,0.02091342175251687,0.004684422018641586,0.0380064980387274,-0.7680685157006777,-2.0371324265786583,0.16835123220457615
1.0,0.25,0.0,0.0,0.0,0.570975,,,0.99229943331212,0.88054256948945,0.976974140223593,3.048082456914465,0.9089569413312576,3.11992132792468,3.353384872610408,3.276170302757356,0.709904584,1.374789238321805,0.0076113279753601,0.0389074154554738,0.0,0.4471670052074306,0.3636693943147833,0.9484715231,0.709904584,1.0,0.39483117025625,0.35981440246,0.9515839428556588,0.686369879389307,1310,RIT,0.622746426583853,9.452534562211989,3.98027275310162,0.03046874999999999,2.3560937500000136,0.03046874999999999,2.3560937500000136,0.07130388335587184,0.15901268032286017,-0.35551,4.0225124999999995,2.032025,0.9802968749999998,0.0,0.0269135561201225,1.757068516912403,0.47721683137325066,0.0,3.141592653589793,-0.08392499999999997,1.5211750000000002,0.3718999999999999,0.0,0.0,0.38656500000000005,8.230348369807949,6.019950000000001,0.04241015624999989,-2.5925603071794048,0.0,0.0,0.0,1.0,0.0,0.06139117666883798,0.02516177275494232,0.09819748067138218,-4.325150063762635,-6.9274750540439225,-1.7487894620278785,0.042474168573808,0.03631887703291948,0.04538936269163351,-1.3085661873802859,-1.4468118949569497,-1.0533994841156007,0.10324483819307029,0.10087762362897737,0.10670817422137954,3.524766723078837,3.4508728907177573,3.646516575795168,1.4188861605164405,1.3779880342806674,1.4419556809332956,3.5494505244600365,3.514558739089671,3.6195924807451645,1.8618049236782837e-06,3.6799751987103345e-09,0.0003916058663993506,3.159030865854128,0.12208682895100198,6.164210633570326,3.943558432880765e-06,2.3890576309232978e-09,0.0006902733198393161,3.089895056795254,0.17276421369489434,6.205915821000087,0.05597867216631747,0.04663661516134775,0.06482038844488497,-1.9403291433453893,-2.166726653178439,-1.5129819083533942,0.06171064371802337,0.016678770758468162,0.11270782529289253,-7.092721951756534,-10.53413844286872,-3.1271991428040535
0.4999999999999993,0.222222222222222,0.0,0.0,0.0,0.08,0.0848064935458042,6.091181102318669,0.990941271048296,0.855426047691961,0.9750169124246628,2.8862932695564463,0.8889804539067757,2.9602494405751787,3.246745478904671,3.1656317522703654,0.6246478353,0.0,0.0,0.0,148.57,0.3466225762519347,0.35102082375451,0.9611119599,0.6246478353,1.0,0.3445819394768172,0.3473434123990122,0.9612091161354084,0.6233940746778821,1213,RIT,-0.18790136354779619,15.239396488866545,4.086138574069609,0.015762688614540447,1.3182228318853646,0.015762688614540447,1.3182228318853646,0.052570332154579444,0.17296821428620346,-0.37806444444444454,4.002633333333333,1.9699777777777774,0.8752373113854589,0.0,0.015516703337507386,1.7302072009968983,0.4061529083839812,0.11443919833057686,2.3879403292181074,-0.12066111111111122,1.6922777777777787,0.5293555555555562,0.16210699588477395,0.25775302469135775,0.2974011111111108,3.5843356544981253,5.375061111111108,0.016664783108566984,-2.161595516402621,0.0,0.0,0.0,1.0,0.0,0.03221769634022131,0.02558471976386594,0.04357013847764001,-2.1367884710224785,-4.485673832278578,0.24996577757562036,0.008484096095159432,0.005340788901677243,0.010298125253837031,1.102324152529852,0.7506727901735863,1.3676104324075538,0.0516519549201091,0.05013768320729529,0.05424408089070808,-0.5515353892922843,-0.619597391509707,-0.4962014858469903,0.8548708028127079,0.8427663860635677,0.8608562001515538,-0.5913419405759119,-0.6077805901174473,-0.5573275799579882,0.11834136112726856,0.11655943102417851,0.12173826536920693,2.1703495767264154,2.135968292165421,2.21946577257466,0.1529070515336053,0.1497179295491976,0.15573874131473692,2.4771529401216017,2.45018455720007,2.525135081090901,0.00988794800799786,0.004623403790476896,0.016788427081999735,-2.596668507529358,-2.7965949781954,-2.0873520658505393,0.022326090740045546,0.0071847278576564295,0.03779977907698008,-1.094469410313594,-1.9409093654074754,-0.5673463694500018
0.4999999999999993,0.222222222222222,0.0,0.0,0.0,0.01,,,0.991673434576357,0.887372884858297,0.9749165419943084,2.875824446114439,0.8885400936718157,2.9498160326950607,3.236572515518507,3.155388084743124,0.6234710058,0.0,0.0,0.0,146.11,0.3443412824740207,0.3467253992795633,0.9612829877,0.6234710058,1.0,0.3445819394768172,0.3473434123990122,0.9612091161354084,0.6233940746778821,1205,RIT,-0.18790136354779619,15.239396488866545,4.086138574069609,0.015762688614540447,1.3182228318853646,0.015762688614540447,1.3182228318853646,0.05242921358208134,0.17314236609061476,-0.37806444444444454,4.002633333333333,1.9699777777777774,0.8752373113854589,0.0,0.015516703337507386,1.7302072009968983,0.4061529083839812,0.11443919833057686,2.3879403292181074,-0.12066111111111122,1.6922777777777787,0.5293555555555562,0.16210699588477395,0.25775302469135775,0.2974011111111108,3.5843356544981253,5.375061111111108,0.016664783108566984,-2.161595516402621,0.0,0.0,0.0,1.0,0.0,0.0316920324942459,0.024515818627732305,0.04227927591364416,-2.1708748977883645,-4.536491711968013,0.21351985042342256,0.008784598866701132,0.006064234328696366,0.010187223486130654,1.0305682184940619,0.7469435604299456,1.251801931545672,0.050726012602321346,0.04964640686735011,0.05288466049525656,5.614797751029017,5.554972855224799,5.664844195941794,0.8440553570861157,0.830942874558573,0.850602715005897,-0.7007033544557191,-0.718615584150113,-0.6654000559522952,0.11605556240757764,0.11332889971734796,0.11866397515109911,-0.987173149546001,-1.0324196894871749,-0.933133105893531,0.15049029375710854,0.14848869038990098,0.15419254788523587,-0.8264706946345484,-0.8460106108314918,-0.776786670417331,0.009936461041490818,0.004754935159067308,0.01652148674348807,-2.8121215142223535,-3.0132983110319533,-2.238805697828039,0.02220171615226263,0.0072609050226767466,0.03774610491248678,-1.0289298012598924,-1.8532001426917155,-0.48743634208962394
0.4000000000000005,0.2040816326530613,0.0,0.0,0.0,0.75,,,0.99294907170563,0.549194539380426,0.9914799209250552,2.620617988253292,0.9584294623140068,2.6431377307250394,2.734283628892356,2.710987316160866,0.5254030704,0.0,0.0,0.0,155.15,0.2391906945975068,0.3015275195794142,0.9867193962,0.5254030704,1.0,0.3130205025590105,0.3395856389194502,0.9667043606611544,0.5806968749960989,1456,RIT,-0.17713434875626832,15.30073209089457,4.173107790214681,0.015808657610918667,0.4708867591439869,0.015808657610918667,0.4708867591439869,0.038259357993577034,0.18634059902665004,-0.3927938775510203,3.9896510204081634,1.9294571428571432,0.8058805429710412,0.0,0.013145618369968656,1.7139660485900672,0.36085163153749455,0.13665707124131585,2.3592046553731865,-0.14465204081632638,1.8040183673469383,0.6321836734693871,0.18826441363717494,0.2183900020824658,0.23917163265306163,2.5807229317012483,4.953909183673472,0.025869161555951935,-1.937605324022137,0.0,0.0,0.0,1.0,0.0,0.014226591632397922,0.00984450341823051,0.018534552829796838,-4.158976926094878,-6.707069590373561,-2.0269707473461054,0.0046101146364758705,0.0034072093156235408,0.006732384291461746,4.487535030413962,4.225689086182876,4.8228567837970875,0.0220317867218721,0.02090032076657061,0.023563659573107448,3.433408094887535,3.3866026122253694,3.5092987976640995,0.4618982086330933,0.44912655680578867,0.4787724853636618,3.3036001899885767,3.2470411956089937,3.334659279607061,0.08905182959587502,0.08236565159159423,0.09314994458044955,4.912070068411184,4.857986576060566,4.9534907870323845,0.09426170387219139,0.09318483559947535,0.09592702127401388,2.0346787584333006,2.015421112064414,2.0608615097926624,0.012124818010806072,0.010689674865394724,0.01352492522014321,0.084503938194191,-0.05834728525540722,0.3473475389185705,0.03471293695552635,0.015854981820625672,0.05233260265356978,-0.14237678160978162,-3.74876751990599,2.0431625324588683
1.0,0.25,0.0,0.0,0.0,0.544375,,,0.99243842080585,0.907429365504389,0.966964150301068,2.730364748017628,0.8700393359349323,2.823646302882603,3.138208395007354,3.034535014145964,0.6760826861,1.01057909144746,0.0053734259616214,0.0243516393586183,0.0,0.3791517468982791,0.3582072946135852,0.9504535897,0.6760826861,1.0,0.39483117025625,0.35981440246,0.9515839428556588,0.686369879389307,1306,RIT,0.622746426583853,9.452534562211989,3.98027275310162,0.03046874999999999,2.3560937500000136,0.03046874999999999,2.3560937500000136,0.0661265567397314,0.1648962680599001,-0.35551,4.0225124999999995,2.032025,0.9802968749999998,0.0,0.0269135561201225,1.757068516912403,0.47721683137325066,0.0,3.141592653589793,-0.08392499999999997,1.5211750000000002,0.3718999999999999,0.0,0.0,0.38656500000000005,8.230348369807949,6.019950000000001,0.04241015624999989,-2.5925603071794048,0.0,0.0,0.0,1.0,0.0,0.04092635544386314,0.013747788179179021,0.07969965068259555,-3.455075000678816,-5.663746446414326,-0.42701988706505123,0.028518351945844178,0.019819913353432368,0.037430795939193726,0.5987735530513651,0.24587382466458432,0.8176686890224937,0.06207023344892815,0.05524873910718337,0.07205020284337893,4.44791460578382,4.217082553412047,4.56277735371122,0.9027275690297238,0.8891175321295656,0.9153481464768516,4.488323866614914,4.460671270629532,4.527827447846316,1.029419464660679e-06,2.666290982129316e-09,0.00025580499454873795,3.1279269262622313,0.22230347387173172,6.008852646453694,1.5294535662714476e-06,3.1199259907458234e-09,0.0002794087352886669,2.8818377163039095,0.028213569675849735,6.117550575865772,0.03069131310747264,0.02492581166028463,0.036178544531238165,0.16436975952090815,0.014848710458335591,0.4299708669037215,0.03420189865006962,0.004904439220494259,0.055963988117622605,-1.3733304014884968,-4.6026313805616645,0.131817481607263
0.7000000000000002,0.2422145328719723,0.0,0.0,0.0,0.5775,,,0.992509900658531,0.847384456056442,0.9809833540766631,3.116211706265203,0.922234932442282,3.176620371095179,3.3789781720941603,3.3147213406127616,0.6982372057,0.0,0.0,0.0,74.74,0.4324604192529617,0.3487166639808663,0.9537222809,0.6982372057,1.0,0.3804993433230282,0.3562468440587541,0.9544415030841792,0.6690097871088613,1382,RIT,0.3265881140705068,11.153498935176525,4.007055730052486,0.02396175247053387,2.141370632250485,0.02396175247053387,2.141370632250485,0.06739979955639021,0.16110128993697143,-0.36183148788927333,4.016940830449827,2.0146346020761245,0.9509984572182889,0.0,0.02308431348782734,1.7496076183442026,0.4575965863535246,0.06704961102622825,2.430026725081553,-0.09422128027681648,1.5691311418685119,0.41603114186851164,0.09523601320414665,0.30501450886603365,0.3615744290657442,6.180623266186942,5.839202595155712,0.027531877626598915,-2.6188364737988867,0.0,0.0,0.0,1.0,0.0,0.06077365310663807,0.03197527555959418,0.08786290727464716,-5.708725970289581,-8.357919604666613,-3.246288948427821,0.0342793118025084,0.02708235083469624,0.03728449757683642,3.4148420612547747,3.2595564862669937,3.6978171909450497,0.10196340283547922,0.09975357564280302,0.1046055151801205,2.118508596015582,2.055768804751962,2.234931004425295,1.4316110798341235,1.3891140164484295,1.4590203763368619,2.1197510128255526,2.0792320698741062,2.1952959931283655,0.09805915331456949,0.0935720154219598,0.10290635692248505,-0.43172450518302785,-0.4950166010396675,-0.3090949318950251,0.14441935899350633,0.13663393480198494,0.1478519413575749,3.3130123941794882,3.2591398304188557,3.425861036981174,0.04592145785910706,0.03467815863109057,0.055997535492554,-4.746320988003604,-5.0170801726247545,-4.258241861596579,0.05777714304016912,0.013481049226696195,0.11376721318081949,-7.025799963733524,-10.514643893573197,-3.1103922511968953
0.9000000000000008,0.2493074792243767,0.0,0.0,0.0,0.51,,,0.992643143124407,0.93929723108324,0.9684320745630814,2.815479802206619,0.8753761476575662,2.907255837717739,3.216308566026855,3.114776377032397,0.6850951607,0.0,0.0,0.0,35.65,0.4025928998603003,0.3678886310523666,0.948820101,0.6850951607,1.0,0.3935482092334095,0.3594947871327383,0.951843459226394,0.6848348051898036,1334,RIT,0.5956875967256099,9.596620032564594,3.9825735289591884,0.02979993948902209,2.340576225547977,0.02979993948902209,2.340576225547977,0.06729190933575148,0.16337825331079006,-0.35607229916897504,4.0220168975069255,2.0304781163434904,0.9776955937970423,0.0,0.026558874621321553,1.7564108618115646,0.4754875382272201,0.02089819929801155,2.4482155701686192,-0.08484085872576169,1.5254407202216067,0.3758254847645426,0.029419954533320806,0.3227599757138142,0.3843420775623271,8.004593836280062,6.003872437673132,0.04076639267494243,-2.6061789900677685,0.0,0.0,0.0,1.0,0.0,0.04462815265241982,0.014045138449330285,0.07631477937853305,-1.7083644455599187,-3.9541842068746633,1.1374387239365127,0.03132706436307231,0.02460948359790268,0.035973060440150556,2.0483246271304516,1.8732862798750491,2.1760865677193206,0.07114517327896852,0.06539875214513495,0.07695560249761417,-0.0527825247333682,-0.1545415418053464,-0.001987066270825011,1.0389491635278643,1.019953189218767,1.0503215475265466,-0.018772688086270195,-0.046153219123508116,0.027006631269212173,0.02141154849597049,0.018317830561098734,0.022858548701214648,2.35341564267262,2.2320525318225455,2.416937241670562,0.030117215351579296,0.028572436527602395,0.03199937417030411,3.34792092455521,3.293936968992993,3.4356758812399177,0.03593753381660636,0.028767054839135157,0.042049578910725936,-2.6391788736637243,-2.8402188471441145,-2.3200347834834787,0.042589905002255124,0.0037322692217921787,0.06992880929452311,-1.6361299704201104,-4.41275606277527,-0.006801690662173954
0.7500000000000013,0.2448979591836735,0.0,0.0,0.0,0.13,,,0.989431616896819,0.916350753732323,0.972062849336526,2.8575971690115303,0.8875167904146678,2.939724700889414,3.2197668820174057,3.1298157695332214,0.6777125045,0.0,0.0,0.0,71.02,0.3880341245584254,0.3574452970777457,0.9536456819,0.6777125045,1.0,0.385416566825435,0.3574701254265389,0.9534713184168964,0.6750187370840793,1259,RIT,0.4260003573942982,10.549511866711324,3.9975928802337006,0.025960735080191092,2.224787943243811,0.025960735080191092,2.224787943243811,0.06506890673562336,0.16462424103251985,-0.3596526530612244,4.018861224489796,2.0206285714285714,0.9611101496825304,0.0,0.02436249195759436,1.752194615083263,0.46440132620896324,0.05515817928810085,2.4366878469005266,-0.09067244897959176,1.5526020408163264,0.4008204081632649,0.07813601475575616,0.3116678029987506,0.37018795918367364,6.780630176006653,5.901501020408165,0.0318067131257991,-2.6373216687780077,0.0,0.0,0.0,1.0,0.0,0.04258380819844354,0.017268753514704825,0.07375669371582244,-5.4649550769261825,-7.7445256375274125,-2.650017951993963,0.027870134886963546,0.02588916879799907,0.029304133769940347,4.527631332216039,4.436558051517689,4.701740256458498,0.06848137750853633,0.06657950906427952,0.07043193912548083,2.4612192039479215,2.4190955922090533,2.533089972373507,1.0121796523648852,0.9946233971382213,1.020830761463944,2.44636113910183,2.423109793692853,2.4911967003729307,0.05765443314095697,0.05657196147717426,0.05925626595056087,3.550852314589657,3.486679897746869,3.622615035523293,0.0796929312834379,0.07813383209423087,0.08228469048372256,0.7545085178864226,0.7143464436070068,0.8185052700675399,0.030687667565170273,0.024189308975003397,0.03712209640526323,-3.9456175583976965,-4.127527959751649,-3.6212622426109475,0.022406353106308785,0.0013544336016121383,0.04039899415730203,-1.2770177497965687,-2.324626938830364,-0.1616793417213538
1.0,0.25,0.0,0.0,0.0,0.4671,0.4221250444670354,5.000147848427826,0.99284207680549,0.981368054545507,0.9704148098104692,2.7850421390068347,0.8834098061989788,2.869950160334814,3.152604962571055,3.0593345451609326,0.6848721703,0.889708248323936,0.0120189648158532,0.0225717686544721,0.0,0.3866533878320977,0.3657793095346733,0.9533769338,0.6848721703,1.0,0.39483117025625,0.35981440246,0.9515839428556588,0.686369879389307,1297,RIT,0.622746426583853,9.452534562211989,3.98027275310162,0.03046874999999999,2.3560937500000136,0.03046874999999999,2.3560937500000136,0.06743738897291188,0.1634162301208911,-0.35551,4.0225124999999995,2.032025,0.9802968749999998,0.0,0.0269135561201225,1.757068516912403,0.47721683137325066,0.0,3.141592653589793,-0.08392499999999997,1.5211750000000002,0.3718999999999999,0.0,0.0,0.38656500000000005,8.230348369807949,6.019950000000001,0.04241015624999989,-2.5925603071794048,0.0,0.0,0.0,1.0,0.0,0.04118431903500852,0.01319576428193133,0.07227913779527184,-3.7861845107726984,-5.882794147480059,-0.7458226261964125,0.028357047075064257,0.026403279178475195,0.030470003639373678,0.41797179661142025,0.3376444136290765,0.5142597241014883,0.061706990129564376,0.059224418997701235,0.06355197463698932,4.194345882966058,4.147917272097761,4.247240757904313,0.9000854746634128,0.8906722459154622,0.906991858806316,4.223086446088038,4.20116086505857,4.261264494211872,1.924724501451349e-06,2.6489874395921513e-09,0.0003932315603979355,2.969460999119018,0.12469248397487281,6.118237528182733,1.5736391490435615e-06,2.95026419934808e-09,0.0006255937720973812,3.278182444876424,0.14893012451245066,6.172951173547476,0.030519559097360704,0.025080857635247318,0.036150210180125646,-0.3447682278497466,-0.48862495799833194,-0.10126510471449901,0.033282292733842866,0.005651630005586479,0.051469450739922415,-1.3227090108222774,-4.711958021976723,0.3097427318072783
0.3333333333333333,0.1875,0.0,0.0,0.0,0.51,,,0.99446317022948,0.705870736015936,0.9817086640704294,3.0513565097661783,0.9033384029625262,3.108209819718234,3.3778664781206693,3.316080787644129,0.547312809,0.0,0.0,0.0,226.51,0.301003995028806,0.3184361792765884,0.9698333766,0.547312809,1.0,0.2849550865647949,0.33276172592,0.971248210181883,0.5405636817226854,1472,RIT,0.04316486925554247,12.104987282981323,4.267052150529734,0.0195087661743164,-0.2104132080077932,0.0195087661743164,-0.2104132080077932,0.03717148647447051,0.18359281839968392,-0.4062575,3.9777843749999997,1.89241875,0.7420158691406249,0.0,0.01654776200957613,1.7036939313984176,0.3258825422735166,0.1497074382305145,2.33851416015625,-0.16658124999999996,1.9061562500000002,0.7261749999999998,0.19871484375,0.18534031250000002,0.18594624999999998,2.13382630909159,4.56895,0.03969810390472408,-2.0624280134784603,0.0,0.0,0.0,1.0,0.0,0.04765557776624618,0.022712148766467887,0.062095438506661015,-2.1656339432877507,-3.6301551756296386,-0.8599632551128495,0.02624877458803143,0.0248710733730143,0.02803887627574541,-1.9938964218398434,-2.0603854810781863,-1.9017116223336563,0.05217583379856716,0.05065502300058346,0.05351914568822619,-0.7828656054953431,-0.8291065023366837,-0.7412139781616078,0.9987313450307063,0.9701999013977154,1.019023628901254,-0.8081004714711477,-0.8356844933625549,-0.754944805909636,0.21976587164315559,0.2137728039883447,0.22516663153463537,1.3917513479060888,1.3588157672585766,1.4782317820318123,0.26196075225246584,0.24814891995684563,0.26936531679166054,1.949218214718332,1.8940176102245008,2.0430079092224305,0.042230249774478645,0.03920988720347792,0.04383855494483166,-2.0582008407376913,-2.1342312731849127,-1.9954537931719711,0.04631488341695933,0.019748297675468984,0.07553662267058743,-2.7475835759495473,-3.277929400559669,-2.3592708334348194
0.4999999999999993,0.222222222222222,0.0,0.0,0.0,0.16,,,0.990103678749405,0.817387891115392,0.9744443011900876,2.862614253664255,0.886468816274136,2.937688947606495,3.22923288570481,3.1467075826906736,0.6203877368,0.0,0.0,0.0,137.6,0.3409029183278844,0.3458463797616673,0.9609743254,0.6203877368,1.0,0.3445819394768172,0.3473434123990122,0.9612091161354084,0.6233940746778821,1221,RIT,-0.18790136354779619,15.239396488866545,4.086138574069609,0.015762688614540447,1.3182228318853646,0.015762688614540447,1.3182228318853646,0.05206083127456438,0.17359655393446533,-0.37806444444444454,4.002633333333333,1.9699777777777774,0.8752373113854589,0.0,0.015516703337507386,1.7302072009968983,0.4061529083839812,0.11443919833057686,2.3879403292181074,-0.12066111111111122,1.6922777777777787,0.5293555555555562,0.16210699588477395,0.25775302469135775,0.2974011111111108,3.5843356544981253,5.375061111111108,0.016664783108566984,-2.161595516402621,0.0,0.0,0.0,1.0,0.0,0.03183125565021694,0.02515307484104765,0.041761904777192334,-7.108549002257758,-9.487683639663826,-4.733011634424996,0.00862010821958198,0.006560974474684063,0.009967489677197681,2.3094423563583115,2.0394119815770013,2.5615211396579562,0.05099745676490952,0.05001392309417841,0.05287271549670228,0.6763243046270051,0.6284885331963542,0.7298155289849889,0.8565646964206951,0.8428089577673336,0.864544506486378,0.6336642731514429,0.6112975888842495,0.6716440471453755,0.11823395962239214,0.11620579489962146,0.12103340954844898,-0.3909218124787093,-0.436720103662676,-0.32786697391354824,0.15231602343783057,0.14906666829656556,0.1552712436984877,1.1570684605900594,1.1281627682407076,1.2062014204296576,0.010395401097791801,0.005329876157983867,0.017588927639089928,-0.14815957538107627,-0.3687257135133972,-0.0073644193310391515,0.022872379581388436,0.007612350803703864,0.038732818969307324,-1.1363600005648848,-1.90622040838855,-0.5691554404902304
0.9999998581067138,0.2499999999999987,-4.38079151407e-07,-4.65019611306e-07,-4.515493804008323e-07,0.3635727,0.119913561374109,2.206521182526455,0.9923552135107088,1.0681978180739786,0.9692146296405096,2.794130342864773,0.8787539966183799,2.8828808990441472,3.1796502247695506,3.081763514986383,0.68480391891,0.0,0.0,0.0,,0.3912328504900755,0.3590596406845634,0.951572754893,0.68480391891,1.0,0.3948311708637038,0.3598143693624321,0.9515839551100296,0.6863697412989672,1360,SXS,,,,,,,,,,,,,,,,,,,,,,,,,,,,,,,,,,,,,,,,,,,,,,,,,,,,,,,,,,,,,,,,,,,,,,,,,,,,,,,,,,
0.7500000000000013,0.2448979591836735,0.0,0.0,0.0,0.17,,,0.988970590603977,0.895037355034114,0.9704281841577994,2.8340319738786115,0.8810338404075996,2.9203933069381827,3.216711826378293,3.1215878166312057,0.6749760503,0.0,0.0,0.0,76.18,0.3871752613950238,0.3575780470049921,0.9523754924,0.6749760503,1.0,0.385416566825435,0.3574701254265389,0.9534713184168964,0.6750187370840793,1263,RIT,0.4260003573942982,10.549511866711324,3.9975928802337006,0.025960735080191092,2.224787943243811,0.025960735080191092,2.224787943243811,0.06467208717920987,0.16508035230133528,-0.3596526530612244,4.018861224489796,2.0206285714285714,0.9611101496825304,0.0,0.02436249195759436,1.752194615083263,0.46440132620896324,0.05515817928810085,2.4366878469005266,-0.09067244897959176,1.5526020408163264,0.4008204081632649,0.07813601475575616,0.3116678029987506,0.37018795918367364,6.780630176006653,5.901501020408165,0.0318067131257991,-2.6373216687780077,0.0,0.0,0.0,1.0,0.0,0.04162742508524486,0.01725093559913395,0.07199414474139365,-6.516795257872958,-8.845033412082362,-3.6938030223481584,0.026953496064763827,0.02514970665667108,0.02834715377996985,3.4768565923879176,3.387043499176602,3.641653483178956,0.0661782174872062,0.06435862830393732,0.06774212118427514,1.3536978996024356,1.3070205058271946,1.4238444297402362,0.9839363805319995,0.9680355883235141,0.9905034819026471,1.3418923115833652,1.3219459686333035,1.385962916361614,0.056325265796505763,0.05464411493065553,0.0577285784790197,3.0539374266833597,2.9954144374781007,3.118420182052415,0.07721780181138715,0.07575586919098368,0.07991257573650803,-0.8922473747773982,-0.929813564407139,-0.825141609911654,0.02968236428910942,0.022924838836131826,0.03586142695223758,0.15275882000209162,0.006353081974869397,0.4786525955715038,0.022163571795252246,0.0029460285848009397,0.04051404572427319,-1.208054802077827,-2.2053447202226,-0.18747801322041102
0.4999999999999993,0.222222222222222,0.0,0.0,0.0,0.64,,,0.992833477352741,0.717022716327901,0.9879298844548228,3.041700902167907,0.9460122773475688,3.078863135966813,3.2152869206901147,3.176478036046488,0.6483166719,0.0,0.0,0.0,183.73,0.348869655346005,0.3448186365522332,0.974382963,0.6483166719,1.0,0.3445819394768172,0.3473434123990122,0.9612091161354084,0.6233940746778821,1430,RIT,-0.18790136354779619,15.239396488866545,4.086138574069609,0.015762688614540447,1.3182228318853646,0.015762688614540447,1.3182228318853646,0.05547137428929734,0.16937074482747458,-0.37806444444444454,4.002633333333333,1.9699777777777774,0.8752373113854589,0.0,0.015516703337507386,1.7302072009968983,0.4061529083839812,0.11443919833057686,2.3879403292181074,-0.12066111111111122,1.6922777777777787,0.5293555555555562,0.16210699588477395,0.25775302469135775,0.2974011111111108,3.5843356544981253,5.375061111111108,0.016664783108566984,-2.161595516402621,0.0,0.0,0.0,1.0,0.0,0.02973037834397929,0.022584553317196606,0.03974278452954144,-1.901683218421781,-4.1184556715434955,0.5259865000959588,0.008001057070811335,0.005541076860099713,0.009231837783743957,1.724924292217522,1.4744685963140838,1.9617847894949016,0.04729700318971586,0.04475039702647941,0.04867797971136412,-0.4328928112961363,-0.49063890438536184,-0.3814361871909959,0.7707140172830446,0.759294343511246,0.7862882336528693,-0.46514242046585696,-0.4876191284755027,-0.44193149843505264,0.10494480496723657,0.09763739120416738,0.10996013931787063,-0.5469636699933245,-0.6020541750489805,-0.5102252207977616,0.14223607371661234,0.1401987106108637,0.14535078465651466,-0.3984859824448399,-0.4244976576358024,-0.36461990379906073,0.007687126492116891,0.0035287895874990998,0.013119937511777544,-2.170213481056822,-2.4533652518423175,-1.4868643247237552,0.037533087896721495,0.005088044235452017,0.05625903446112997,-6.745159348246493,-10.23911981737134,-2.5733147397792777
0.4000000000000005,0.2040816326530613,0.0,0.0,0.0,0.4671,,,0.994160472425181,0.801824027495438,0.9799171974006416,2.9889935727082224,0.9025823987157434,3.0502511647279165,3.311601884726723,3.2450956377880926,0.5882955536,0.0,0.0,0.0,151.74,0.323798567050776,0.3324764945192555,0.9670734668,0.5882955536,1.0,0.3130205025590105,0.3395856389194502,0.9667043606611544,0.5806968749960989,1448,RIT,-0.17713434875626832,15.30073209089457,4.173107790214681,0.015808657610918667,0.4708867591439869,0.015808657610918667,0.4708867591439869,0.044506305217739545,0.17815876986206572,-0.3927938775510203,3.9896510204081634,1.9294571428571432,0.8058805429710412,0.0,0.013145618369968656,1.7139660485900672,0.36085163153749455,0.13665707124131585,2.3592046553731865,-0.14465204081632638,1.8040183673469383,0.6321836734693871,0.18826441363717494,0.2183900020824658,0.23917163265306163,2.5807229317012483,4.953909183673472,0.025869161555951935,-1.937605324022137,0.0,0.0,0.0,1.0,0.0,0.03628494822633199,0.022845092943950852,0.04452342007735176,-4.480005652661701,-6.785275176528365,-2.6518598608275292,0.010907230129323153,0.009354661500622195,0.013051909052432035,2.7145135547203614,2.5519336907806105,2.9051470424481725,0.050942835220114224,0.04916811894827304,0.05231367417266174,3.192288102823713,3.1453937324653607,3.240668002470462,0.9153848861911965,0.8974997072426962,0.9248379316477041,3.1554712100554654,3.138082350167082,3.1966359783298697,0.16956074464025528,0.16547317704644277,0.17673987830399843,0.5767020012858066,0.5228925291716496,0.6458556796778157,0.20896098136277708,0.2005500227644867,0.21315956686648632,-1.4178432793436118,-1.4584870162294994,-1.3567393328445956,0.021669677176602287,0.019803640377796174,0.025845480519615365,-0.4580858987319574,-0.7144304866985411,-0.2520187458867831,0.036072898748999105,0.010822286455863776,0.06351856701912541,-2.081242094200077,-3.3170220924108658,-1.4162034776258023
0.4999999999999993,0.222222222222222,0.0,0.0,0.0,0.51,,,0.993438044477672,0.836526502382542,0.9752351058075454,2.932922068592194,0.8899379010987718,3.0074000116757307,3.29564800529456,3.2140316311478654,0.6274715033,0.0,0.0,0.0,197.24,0.3588860687852676,0.3382971858986465,0.9588562933,0.6274715033,1.0,0.3445819394768172,0.3473434123990122,0.9612091161354084,0.6233940746778821,1426,RIT,-0.18790136354779619,15.239396488866545,4.086138574069609,0.015762688614540447,1.3182228318853646,0.015762688614540447,1.3182228318853646,0.052910100208319696,0.17254858156236233,-0.37806444444444454,4.002633333333333,1.9699777777777774,0.8752373113854589,0.0,0.015516703337507386,1.7302072009968983,0.4061529083839812,0.11443919833057686,2.3879403292181074,-0.12066111111111122,1.6922777777777787,0.5293555555555562,0.16210699588477395,0.25775302469135775,0.2974011111111108,3.5843356544981253,5.375061111111108,0.016664783108566984,-2.161595516402621,0.0,0.0,0.0,1.0,0.0,0.041212060145138896,0.032273837878874015,0.04855563402555441,-2.413596742370974,-4.9301745137949675,-0.16170798621896054,0.011018087191278328,0.006522611426054594,0.013856868597603204,0.11451900369396606,0.004835963983417309,0.35062461473936424,0.06545945007116905,0.06275428375080237,0.06730153892892457,5.350187837359934,5.290221963630282,5.430642025959627,1.0654906613103696,1.0413220629185476,1.0808355911374488,-0.9259639260116088,-0.9524979004681455,-0.8722838482029767,0.15042987625395454,0.1457822857726944,0.15303576381592435,1.5713310951686152,1.5296680929608413,1.6367513136018303,0.1917168260789256,0.18488139258288339,0.1976462061197185,1.8741128010103951,1.822404627482591,1.9738897155164203,0.014418174808712911,0.0072377781649699486,0.02357222327452444,-3.5387530075591203,-3.792847424989143,-3.409183847957445,0.04256905925973831,0.009326176743529724,0.07486768396924467,-2.262118762947244,-3.6700427664672715,-1.4122549403145843
1.0,0.25,0.0,0.0,0.0,0.75,,,0.991363669572491,0.672169900373639,0.9888113401724764,2.594329416337999,0.9554957329073775,2.6236849345654503,2.7151658840421886,2.6847868165903432,0.6353526812,0.5804930846309594,0.0094125287187484,0.0174959825683278,0.0,0.3083873936194262,0.3173894821188625,0.980665315,0.6353526812,1.0,0.39483117025625,0.35981440246,0.9515839428556588,0.686369879389307,1318,RIT,0.622746426583853,9.452534562211989,3.98027275310162,0.03046874999999999,2.3560937500000136,0.03046874999999999,2.3560937500000136,0.060333317139681396,0.17136404937966324,-0.35551,4.0225124999999995,2.032025,0.9802968749999998,0.0,0.0269135561201225,1.757068516912403,0.47721683137325066,0.0,3.141592653589793,-0.08392499999999997,1.5211750000000002,0.3718999999999999,0.0,0.0,0.38656500000000005,8.230348369807949,6.019950000000001,0.04241015624999989,-2.5925603071794048,0.0,0.0,0.0,1.0,0.0,0.02716535504229145,0.0036029475848629038,0.045460465634348135,-4.471110850877862,-6.189582134826911,-1.0008209297236803,0.020268860281272838,0.018107242490329935,0.021479135070213123,0.3671701336489316,0.2725276233570861,0.43397964683229495,0.03540179020667564,0.03400128182754223,0.03659312498062644,3.4689266312970486,3.422449668918455,3.5206340158653653,0.5761407101771705,0.5523787589900899,0.5902920425171138,3.3754852950718575,3.3326546399142396,3.4054636311252233,1.5624820762291142e-06,2.712487842166452e-09,0.0005129274622066159,3.0314465985118977,0.1764072019719942,6.040337848070815,1.6401687612953725e-06,2.4545970528159574e-09,0.0003004318057481679,3.010602443273153,0.1192351472554312,6.13530128420045,0.01645530881181967,0.013034389424770107,0.019558085230968306,-1.8650092761746464,-2.015580602796894,-1.6803538262588376,0.047924229617398506,0.027889191588440464,0.08830841232321923,-0.35603510077753503,-3.8970583583469196,2.565942973375949
0.7000000000000002,0.2422145328719723,0.0,0.0,0.0,0.19,0.0679181087933423,0.7370423839363553,0.994474033746745,1.1733015545397,0.9712627508496378,2.8291180791891866,0.8830609622380972,2.9128246467954635,3.2037630471387315,3.111695710234382,0.669087014,0.0,0.0,0.0,0.0,0.3818647576752412,0.3481844151251607,0.9542205772,0.669087014,1.0,0.3804993433230282,0.3562468440587541,0.9544415030841792,0.6690097871088613,1376,RIT,0.3265881140705068,11.153498935176525,4.007055730052486,0.02396175247053387,2.141370632250485,0.02396175247053387,2.141370632250485,0.06315382155766437,0.16605157794690117,-0.36183148788927333,4.016940830449827,2.0146346020761245,0.9509984572182889,0.0,0.02308431348782734,1.7496076183442026,0.4575965863535246,0.06704961102622825,2.430026725081553,-0.09422128027681648,1.5691311418685119,0.41603114186851164,0.09523601320414665,0.30501450886603365,0.3615744290657442,6.180623266186942,5.839202595155712,0.027531877626598915,-2.6188364737988867,0.0,0.0,0.0,1.0,0.0,0.04056459780650368,0.01878273818445843,0.06932413384986656,-3.6727374034208218,-5.967869404133686,-0.8784422160888417,0.02409134797418655,0.02168203125324078,0.025593048983925087,0.06520639040148146,0.003595166951396964,0.2550532871077327,0.06515323095270087,0.06297046959627187,0.06819575242201269,4.270635890930626,4.21942699743292,4.336574800592698,0.9746881697271174,0.9603176007174987,0.9804869131202442,4.2474268824364945,4.227339626610913,4.28995342733069,0.07534206108955555,0.072387161492388,0.07889644899470775,4.465237309056378,4.43189909971909,4.500757551350351,0.09445685128487058,0.08926725629233213,0.09909324803996192,3.4597402892855693,3.398081013781468,3.5402799339937863,0.026370813253916325,0.02044956136752215,0.033354464045163026,-0.28421354836666124,-0.4428365213334482,0.021537167743470628,0.059356136371578216,0.013237066096025115,0.0931790334228157,-6.994743923624521,-10.663994889812631,-2.7744033868043405
1.0,0.25,0.0,0.0,0.0,0.004,,,0.99068993136038,1.00079549790051,0.9697324339594082,2.807878032444422,0.880761986945676,2.8955183245546228,3.1880100118553454,3.091516708283446,0.6863647206,0.0,0.0,0.0,0.0,0.3932181524219925,0.3636097777769294,0.9516135278,0.6863647206,1.0,0.39483117025625,0.35981440246,0.9515839428556588,0.686369879389307,1092,RIT,0.622746426583853,9.452534562211989,3.98027275310162,0.03046874999999999,2.3560937500000136,0.03046874999999999,2.3560937500000136,0.06766230098751592,0.1631616286032399,-0.35551,4.0225124999999995,2.032025,0.9802968749999998,0.0,0.0269135561201225,1.757068516912403,0.47721683137325066,0.0,3.141592653589793,-0.08392499999999997,1.5211750000000002,0.3718999999999999,0.0,0.0,0.38656500000000005,8.230348369807949,6.019950000000001,0.04241015624999989,-2.5925603071794048,0.0,0.0,0.0,1.0,0.0,0.042258876168659976,0.013034853809072591,0.07604970045334737,-1.9856057813693533,-4.126561681326788,1.0216573694214435,0.029802550113681603,0.027734686027657038,0.031561548765042434,2.0554255027874078,1.9693771617313556,2.204404281997658,0.06524966836676271,0.06338987096123022,0.06719009899927718,-0.29822334954989116,-0.35292999220503507,-0.2282993424894224,0.9444074280382126,0.9319045290253342,0.9497521632665483,-0.2966408039226376,-0.3191253184208369,-0.2565703443006173,1.8761075943610634e-06,3.366020144802118e-09,0.0004447627184463243,2.7461236235015347,0.1588382883984688,6.1300833938711605,1.1153765023286478e-06,3.2097776391287574e-09,0.00045805999206147537,3.160143117232587,0.16835964220406888,6.133557690967778,0.032667171303004894,0.026706594403957014,0.03826737916643894,-3.1358227688022176,-3.2967973903652408,-2.8637925565407443,0.021434744675359108,0.006594216385530641,0.03944584876102237,-0.7211904872511178,-2.110904559587838,0.4143176436606986
1.0,0.25,0.0,0.0,0.0,0.04,0.0406861250932905,3.568675525852001,0.990267171961859,0.982542376470068,0.970529801849773,2.8240515877911943,0.8838561925571193,2.9098040909292195,3.1951482736358034,3.100986620892401,0.6864700458,0.9917280069592528,0.011996123151243,0.0293346474384844,0.0,0.3929173854652777,0.3505597065430947,0.9517875739,0.6864700458,1.0,0.39483117025625,0.35981440246,0.9515839428556588,0.686369879389307,1098,RIT,0.622746426583853,9.452534562211989,3.98027275310162,0.03046874999999999,2.3560937500000136,0.03046874999999999,2.3560937500000136,0.06767819825840808,0.16314362572553023,-0.35551,4.0225124999999995,2.032025,0.9802968749999998,0.0,0.0269135561201225,1.757068516912403,0.47721683137325066,0.0,3.141592653589793,-0.08392499999999997,1.5211750000000002,0.3718999999999999,0.0,0.0,0.38656500000000005,8.230348369807949,6.019950000000001,0.04241015624999989,-2.5925603071794048,0.0,0.0,0.0,1.0,0.0,0.04437273100653749,0.014217661695088047,0.07967113897219724,-4.522889994421508,-6.83835716491501,-1.6080836400367966,0.031988723090379034,0.030208830630097484,0.033408622757528574,5.519369509234303,5.432480052630804,5.693965036270659,0.06967135137436486,0.06760052086897822,0.07159288097227397,3.35073620868532,3.3004741761452157,3.432293579500159,1.0087151640011929,0.9915029834968706,1.0155935733615953,3.348252291543665,3.322439352019397,3.3961593071240097,1.2882423181709048e-06,3.394773305180083e-09,0.00041963220994441203,3.2320087516141403,0.03554594869515301,6.035985351477224,3.022279871901098e-06,2.580364469255161e-09,0.0003183582489173058,3.1135630082912806,0.17328835702388729,6.094557774122309,0.03568830726935657,0.029352479253055872,0.04184140423375306,-2.1763917792086582,-2.3438201508142695,-1.8634396586104423,0.021941142480198628,6.864067780910398e-09,0.04028655377716884,-1.2122365875968661,-2.2413837633029683,0.11389758526388441
1.0,0.25,0.0,0.0,0.0,0.5775,,,0.992265342617588,0.873820870485728,0.9783956068615216,3.066062109826774,0.91451592705185,3.1337652053263287,3.352661248569965,3.280229036895717,0.7146479949,1.3087720827538865,0.0108540694743925,0.0316885671189762,0.0,0.4492408406758007,0.3687184242848857,0.9500366626,0.7146479949,1.0,0.39483117025625,0.35981440246,0.9515839428556588,0.686369879389307,1312,RIT,0.622746426583853,9.452534562211989,3.98027275310162,0.03046874999999999,2.3560937500000136,0.03046874999999999,2.3560937500000136,0.07206032007047744,0.15814435745556968,-0.35551,4.0225124999999995,2.032025,0.9802968749999998,0.0,0.0269135561201225,1.757068516912403,0.47721683137325066,0.0,3.141592653589793,-0.08392499999999997,1.5211750000000002,0.3718999999999999,0.0,0.0,0.38656500000000005,8.230348369807949,6.019950000000001,0.04241015624999989,-2.5925603071794048,0.0,0.0,0.0,1.0,0.0,0.05915155418470741,0.027953714379092533,0.09461609489954022,-4.97553959826129,-7.528081683238914,-2.3692110870525696,0.04015301853604569,0.03291813287570386,0.044981956010615144,4.42053614338896,4.222256250030053,4.647057786316714,0.09825495967835018,0.09322633289799526,0.10706514153631812,2.8049107462510197,2.7222022515976976,2.894592200211369,1.344867943979891,1.3085971646895889,1.3642026260285671,2.8169822248521914,2.7842081491369464,2.885936731706996,1.0583776989716477e-06,2.775477943384129e-09,0.00032907947384346465,3.1156265101461944,0.18289848116611387,6.09768556716071,1.2243728557226705e-06,2.4105309244294243e-09,0.0003130195275033248,3.2506810227841,0.17596669001279194,6.128660601491672,0.052811134110852705,0.04290916274019027,0.061882482235992284,-3.350010314169637,-3.5610713565694296,-2.9380268739115007,0.05971249705674197,0.01828021190062643,0.10908005778455578,-6.981412540803057,-10.565238712517377,-2.940656802155054
0.4999999999999993,0.222222222222222,0.0,0.0,0.0,0.06,0.0646934777691281,2.60220087547925,0.991150561849824,0.864674165626478,0.9747660947116604,2.869687847200504,0.8878801136486992,2.9439758550992363,3.232066810695494,3.1505091429088186,0.6225744524,0.0,0.0,0.0,146.68,0.3427670506858359,0.3502021427878219,0.9613023507,0.6225744524,1.0,0.3445819394768172,0.3473434123990122,0.9612091161354084,0.6233940746778821,1211,RIT,-0.18790136354779619,15.239396488866545,4.086138574069609,0.015762688614540447,1.3182228318853646,0.015762688614540447,1.3182228318853646,0.05232189524365333,0.17327475204241066,-0.37806444444444454,4.002633333333333,1.9699777777777774,0.8752373113854589,0.0,0.015516703337507386,1.7302072009968983,0.4061529083839812,0.11443919833057686,2.3879403292181074,-0.12066111111111122,1.6922777777777787,0.5293555555555562,0.16210699588477395,0.25775302469135775,0.2974011111111108,3.5843356544981253,5.375061111111108,0.016664783108566984,-2.161595516402621,0.0,0.0,0.0,1.0,0.0,0.03139199056327591,0.02404912065963765,0.04218921266083926,-5.936094506624585,-8.278607858912995,-3.529160950521521,0.008575439197686996,0.006262355517379518,0.009720798701134977,3.6627644605508376,3.409983053366827,3.8930216035768668,0.04998479429638358,0.049124123121272054,0.05185775476535019,1.9367249843923067,1.890260254704089,1.9832166115636807,0.836328144769622,0.8248865074342547,0.8418822633002221,1.9003806263052365,1.8825091784077062,1.9337133703698028,0.11463592248911159,0.11215316237575634,0.11746628800067019,0.3169884506263143,0.27672249461824094,0.36808331864240973,0.14901346884635547,0.14657592696199107,0.152390126643364,3.077595792304959,3.052688964725539,3.1203432505644386,0.009616379099559258,0.004795711338021497,0.016380952905772544,2.410336809224427,2.2018559262854356,3.0753818388201166,0.02183085451183786,0.0076959858575631705,0.03652870488319269,-0.969700086186855,-1.8228988005876854,-0.4348800292985322
0.4000000000000005,0.2040816326530613,0.0,0.0,0.0,0.6636,,,0.993319269000573,0.637065665681309,0.9899172263758348,2.9787603747954,0.9508434819352825,3.009100453480214,3.1327557388652787,3.1011688719304957,0.5898662994,0.0,0.0,0.0,208.81,0.2951985920051957,0.3390899706059596,0.9812014593,0.5898662994,1.0,0.3130205025590105,0.3395856389194502,0.9667043606611544,0.5806968749960989,1454,RIT,-0.17713434875626832,15.30073209089457,4.173107790214681,0.015808657610918667,0.4708867591439869,0.015808657610918667,0.4708867591439869,0.04467002647270568,0.1779421945145852,-0.3927938775510203,3.9896510204081634,1.9294571428571432,0.8058805429710412,0.0,0.013145618369968656,1.7139660485900672,0.36085163153749455,0.13665707124131585,2.3592046553731865,-0.14465204081632638,1.8040183673469383,0.6321836734693871,0.18826441363717494,0.2183900020824658,0.23917163265306163,2.5807229317012483,4.953909183673472,0.025869161555951935,-1.937605324022137,0.0,0.0,0.0,1.0,0.0,0.021217515290007483,0.015250454532815736,0.0270563905664349,-2.0669496571895194,-4.540479197313195,-0.0038622970077080154,0.005712918491690089,0.003173614697371091,0.007089452067483637,0.05701866372396214,0.005741105196668358,0.18585201310320848,0.03210225552921025,0.030468300390277855,0.033301420542006216,5.52450908257579,5.44378170403387,5.563520516750094,0.5921973228166832,0.5798171301945994,0.6055467552439501,5.425260887459642,5.398395464872243,5.445349076303692,0.10957005378187068,0.10124709763663169,0.11514076679286343,-0.46843026846100644,-0.5236438109627048,-0.4281681525696488,0.13408324151782613,0.13289131007627003,0.1366900845727196,5.293586583857592,5.275627791134399,5.319454472984217,0.01471864444311688,0.013330717946868027,0.01655413360847755,4.490168679820158,4.298187304525256,4.7069308501817275,0.030944982341514438,0.0021419594789131354,0.047859787083088134,-6.612607421663818,-10.135025707566442,-3.7881514084864287
0.4999999999999993,0.222222222222222,0.0,0.0,0.0,0.02,,,0.991568886607483,0.882879828722888,0.974883565655728,2.874573329003081,0.888395424817659,2.948632462656789,3.2356912796946027,3.15442225210982,0.6231760945,0.0,0.0,0.0,146.8,0.3440001261714275,0.3498732288874464,0.9612661334,0.6231760945,1.0,0.3445819394768172,0.3473434123990122,0.9612091161354084,0.6233940746778821,1207,RIT,-0.18790136354779619,15.239396488866545,4.086138574069609,0.015762688614540447,1.3182228318853646,0.015762688614540447,1.3182228318853646,0.05239389421048387,0.17318594049728409,-0.37806444444444454,4.002633333333333,1.9699777777777774,0.8752373113854589,0.0,0.015516703337507386,1.7302072009968983,0.4061529083839812,0.11443919833057686,2.3879403292181074,-0.12066111111111122,1.6922777777777787,0.5293555555555562,0.16210699588477395,0.25775302469135775,0.2974011111111108,3.5843356544981253,5.375061111111108,0.016664783108566984,-2.161595516402621,0.0,0.0,0.0,1.0,0.0,0.03191138297479688,0.024729051329654694,0.043055048294511435,-6.967935854264962,-9.333657973633308,-4.569258996473611,0.008531091697667637,0.006293415746328947,0.01010234873998542,2.5712826611418325,2.2996878323040804,2.8506377789285917,0.05095595670227515,0.049721825605782366,0.05273733660565407,0.8981317027925125,0.8345409146049216,0.9533754337669422,0.8461722077828507,0.8343245373257159,0.8514777367631742,0.8646786370334816,0.8475543253189235,0.8984279189466885,0.11784863136016144,0.11576444210906463,0.12054563680220147,2.9144440896224193,2.880969044105728,2.96146807105643,0.15102452942958544,0.14793730400512,0.1532818618471754,4.661353032134853,4.6364040013294705,4.711265884070184,0.009766122347583082,0.004782720208653886,0.016486687502255667,0.3324228518900288,0.13942723621030306,0.9528021959365391,0.022169349283839845,0.00727105435248798,0.03727955100836457,-1.0431623838941788,-1.8796934721454157,-0.4914981817910391
0.7500000000000013,0.2448979591836735,0.0,0.0,0.0,0.23,,,0.988278606791165,0.862079817341433,0.970282858117512,2.8054387404691954,0.8804580172115718,2.891361747761007,3.186340161174381,3.091651238518893,0.6689803508,0.0,0.0,0.0,72.56,0.3767331132539526,0.3439989640304404,0.9531472899,0.6689803508,1.0,0.385416566825435,0.3574701254265389,0.9534713184168964,0.6750187370840793,1269,RIT,0.4260003573942982,10.549511866711324,3.9975928802337006,0.025960735080191092,2.224787943243811,0.025960735080191092,2.224787943243811,0.06381007071225417,0.1660690432889697,-0.3596526530612244,4.018861224489796,2.0206285714285714,0.9611101496825304,0.0,0.02436249195759436,1.752194615083263,0.46440132620896324,0.05515817928810085,2.4366878469005266,-0.09067244897959176,1.5526020408163264,0.4008204081632649,0.07813601475575616,0.3116678029987506,0.37018795918367364,6.780630176006653,5.901501020408165,0.0318067131257991,-2.6373216687780077,0.0,0.0,0.0,1.0,0.0,0.04137621990089535,0.016714163046263126,0.07191560470307587,-3.376678114365591,-5.750849446305365,-0.5816521508258052,0.027508125418446383,0.025614986774056114,0.02886246152321408,0.22946840707839755,0.11381946136054656,0.40570663512319616,0.06611032434769604,0.0642391349354734,0.06784580612602316,4.485473983223304,4.4435419472808375,4.556945805672308,0.996771397553377,0.9772170755369507,1.0109892483580167,4.461488916967507,4.431507894986148,4.510604248821465,0.05823770733962122,0.056942566159386865,0.060051958838943584,1.3938404289813127,1.348540345028551,1.4597869666464165,0.0776048136566112,0.07543469042809187,0.07942058740125878,0.6134254568877873,0.5742504728031208,0.6845201612994758,0.02996091197282898,0.023479486142959295,0.03616302484605981,0.08114021043899555,-0.12354751463885716,0.4200026721456472,0.024004678372005595,0.005184933578994424,0.0441086782449148,-1.2666274149252157,-2.2411765638333065,-0.38515140198100006
1.0,0.25,0.0,0.0,0.0,0.530775,,,0.99250946631746,0.920872763511858,0.9723068332650824,2.8535723360984075,0.8907611560279458,2.934847558888266,3.203521299495106,3.114805650009328,0.6972013714,0.8853818588134552,0.009595420124316,0.0403341166282037,0.0,0.4036796096929582,0.3780839283550961,0.9535849119,0.6972013714,1.0,0.39483117025625,0.35981440246,0.9515839428556588,0.686369879389307,1304,RIT,0.622746426583853,9.452534562211989,3.98027275310162,0.03046874999999999,2.3560937500000136,0.03046874999999999,2.3560937500000136,0.0693161965865871,0.1612835956069597,-0.35551,4.0225124999999995,2.032025,0.9802968749999998,0.0,0.0269135561201225,1.757068516912403,0.47721683137325066,0.0,3.141592653589793,-0.08392499999999997,1.5211750000000002,0.3718999999999999,0.0,0.0,0.38656500000000005,8.230348369807949,6.019950000000001,0.04241015624999989,-2.5925603071794048,0.0,0.0,0.0,1.0,0.0,0.04182305021359445,0.014089529711321578,0.07585203583643968,-6.785506046173418,-8.863423463426127,-3.7941069371561396,0.027691840493912157,0.021108449408274943,0.03210104523253675,3.70256995000801,3.471958750620113,3.942821400788707,0.06388508552844285,0.058369681203750245,0.07034720753536458,1.0874400237087831,0.9819641629312446,1.1632834201487727,0.9001430776356771,0.8851576910508457,0.9170833518299789,1.1087713490032547,1.0796545005577847,1.1452417669851316,3.1919354301076544e-06,3.2050696724482325e-09,0.0005972908500852061,3.201587769723108,0.060064768194519114,6.044535099045227,1.85238831716913e-06,3.0948541773136788e-09,0.0005313288258215202,3.257989756748611,0.22333520942937699,6.129864793745426,0.031196811571690297,0.025115768038876246,0.037009408522794,-0.25075342679565416,-0.40493615108903036,0.015126404360656216,0.03991020512847088,0.0016988155213694778,0.0639404736066579,-1.0288126168522163,-4.454720673173901,1.1775780980910602
1.0,0.25,0.0,0.0,0.0,0.21,,,0.988268286263264,0.891310903734854,0.9714867212669452,2.832042830911269,0.8875728991959988,2.915163706219182,3.190772085849685,3.099792711992203,0.6880374004,0.9503949154824072,0.01088068290988,0.0311149876679552,0.0,0.3922031010603354,0.3566567235996061,0.9531510659,0.6880374004,1.0,0.39483117025625,0.35981440246,0.9515839428556588,0.686369879389307,1117,RIT,0.622746426583853,9.452534562211989,3.98027275310162,0.03046874999999999,2.3560937500000136,0.03046874999999999,2.3560937500000136,0.0679151722820874,0.162875143072771,-0.35551,4.0225124999999995,2.032025,0.9802968749999998,0.0,0.0269135561201225,1.757068516912403,0.47721683137325066,0.0,3.141592653589793,-0.08392499999999997,1.5211750000000002,0.3718999999999999,0.0,0.0,0.38656500000000005,8.230348369807949,6.019950000000001,0.04241015624999989,-2.5925603071794048,0.0,0.0,0.0,1.0,0.0,0.04333449453106397,0.012156605876555173,0.07744087171673776,-2.6808410543752776,-4.889558878204383,0.3076287360117792,0.030696988253325563,0.028641429210711326,0.03202741383936801,1.2849739504969449,1.2108073290785828,1.432280242950147,0.06683765882136639,0.06485332756044959,0.06876746701167619,5.286046112550417,5.242411233408447,5.354552436764391,0.9674086351589136,0.9515236555231147,0.9780088578312208,-1.0112046625538902,-1.0350799426172,-0.9693685547093684,1.4920347344585414e-06,2.8648610061696472e-09,0.00045891468941521734,3.1108859979103,0.11796792141594083,6.143735992622546,1.9488466371459073e-06,2.7844178419151643e-09,0.0004630169870040277,3.4427136036710984,0.18271091283774754,6.185106782329048,0.0338521999048641,0.027895755788558328,0.03966634163196702,1.6983313299147287,1.5349904592034713,1.9816778577172898,0.02115496403809236,0.004196501016018827,0.0393333965425143,-0.8010427828725197,-2.2400093245580814,0.348475807946387
0.7500000000000013,0.2448979591836735,0.0,0.0,0.0,0.008,,,0.990836331022006,0.978493513822047,0.9706463187104012,2.8177608839331625,0.881898313553193,2.902973853212398,3.195108597702523,3.1013203982399062,0.6749590578,0.0,0.0,0.0,73.02,0.3840018644772037,0.3563533053617504,0.9535114558,0.6749590578,1.0,0.385416566825435,0.3574701254265389,0.9534713184168964,0.6750187370840793,1245,RIT,0.4260003573942982,10.549511866711324,3.9975928802337006,0.025960735080191092,2.224787943243811,0.025960735080191092,2.224787943243811,0.06466962977475875,0.16508317526069952,-0.3596526530612244,4.018861224489796,2.0206285714285714,0.9611101496825304,0.0,0.02436249195759436,1.752194615083263,0.46440132620896324,0.05515817928810085,2.4366878469005266,-0.09067244897959176,1.5526020408163264,0.4008204081632649,0.07813601475575616,0.3116678029987506,0.37018795918367364,6.780630176006653,5.901501020408165,0.0318067131257991,-2.6373216687780077,0.0,0.0,0.0,1.0,0.0,0.040024566270745354,0.015229350521438912,0.06963554546711213,-2.0855639288846946,-4.275940457650119,0.8391196211468472,0.025230632955144827,0.02313545643846514,0.02717818293455578,1.9240350116878426,1.826105828846864,2.0757149145056153,0.06212071641379213,0.060357109783346505,0.06416105301222799,-0.39429511410063167,-0.45123646286618957,-0.3281269832618259,0.9198652242063217,0.9077736154885375,0.9257311681537574,-0.4004025048201796,-0.4211014928931398,-0.3622065269788868,0.053138581237709315,0.0512198842030457,0.054927748747213276,2.323683151283586,2.276007599061772,2.3768237803717733,0.07209199509458275,0.07052378227684464,0.07440511902813117,2.812459978631006,2.773762351162986,2.8693037053456925,0.026882158773896436,0.020809597261573387,0.0326333117972953,-3.289312554517741,-3.463277006664288,-3.0070087754447825,0.021112351194971124,0.006233120646077827,0.03883946054825328,-0.742541359200084,-2.0131857244529128,0.19044382633842655
0.3333333333333333,0.1875,0.0,0.0,0.0,0.6975,,,0.993726111241495,0.554612721155387,0.9917919646831768,2.8630026815722327,0.9564034698936416,2.886696790779915,2.993509299888485,2.9689384698337613,0.5246162472,0.0,0.0,0.0,189.62,0.2441845403160611,0.3165938518712838,0.9862670449,0.5246162472,1.0,0.2849550865647949,0.33276172592,0.971248210181883,0.5405636817226854,1478,RIT,0.04316486925554247,12.104987282981323,4.267052150529734,0.0195087661743164,-0.2104132080077932,0.0195087661743164,-0.2104132080077932,0.03515865002303476,0.18643740207107612,-0.4062575,3.9777843749999997,1.89241875,0.7420158691406249,0.0,0.01654776200957613,1.7036939313984176,0.3258825422735166,0.1497074382305145,2.33851416015625,-0.16658124999999996,1.9061562500000002,0.7261749999999998,0.19871484375,0.18534031250000002,0.18594624999999998,2.13382630909159,4.56895,0.03969810390472408,-2.0624280134784603,0.0,0.0,0.0,1.0,0.0,0.01660189787229538,0.004326208053008665,0.02636397980097262,-2.930526779944815,-6.145741021724346,-1.1535730028612772,0.011337372315956329,0.00969915732148113,0.01300102577754464,-1.394168029854625,-1.5711064516341962,-1.290528979112798,0.022991477434637697,0.021674374216400123,0.024639563538344927,4.501967517196613,4.419021847089933,4.549923734738096,0.4854634021901356,0.4715608316188873,0.5000646471786407,4.404251598836762,4.368059372303197,4.4275863012997,0.10969655736805761,0.1019989585381102,0.11553272794915474,5.376298304343892,5.324150490154952,5.418691120825581,0.12060415040080219,0.11957012635940566,0.122815448333477,3.7127033234029225,3.700093929552471,3.7358004531869136,0.020990038311442527,0.019690953252254603,0.022894446477402904,2.5486594552800357,2.4544901466083626,2.6820420785731462,0.028693920042434873,0.006584241144618317,0.04540408797711393,-0.28561739884577597,-3.810311732075193,1.5130756608322447
0.7500000000000013,0.2448979591836735,0.0,0.0,0.0,0.07,0.0709532200229372,6.152149117248835,0.990122732653599,0.947422270851194,0.9707271077992884,2.8270657012316307,0.882218532208425,2.9123176622117843,3.204495936119979,3.1106910720243204,0.6758961436,0.0,0.0,0.0,73.65,0.3859960259611174,0.3658245161685869,0.9532670689,0.6758961436,1.0,0.385416566825435,0.3574701254265389,0.9534713184168964,0.6750187370840793,1253,RIT,0.4260003573942982,10.549511866711324,3.9975928802337006,0.025960735080191092,2.224787943243811,0.025960735080191092,2.224787943243811,0.06480527197869324,0.16492733361100817,-0.3596526530612244,4.018861224489796,2.0206285714285714,0.9611101496825304,0.0,0.02436249195759436,1.752194615083263,0.46440132620896324,0.05515817928810085,2.4366878469005266,-0.09067244897959176,1.5526020408163264,0.4008204081632649,0.07813601475575616,0.3116678029987506,0.37018795918367364,6.780630176006653,5.901501020408165,0.0318067131257991,-2.6373216687780077,0.0,0.0,0.0,1.0,0.0,0.04006614363587213,0.015543698619067165,0.07008983205707002,-2.5515097323234666,-4.792533504991883,0.3279360865081622,0.025387152227122747,0.02307236184935857,0.0270538871548653,1.331476982727141,1.2162491062139587,1.4938608832642497,0.06306719722254828,0.06103022011858479,0.06548797495780209,5.329505853028449,5.273418838301181,5.397971302881461,0.9318914441458381,0.9184368014368776,0.9377597403503892,-0.96356103390975,-0.9839123076277332,-0.9228549113781606,0.053949797786411235,0.0524625198213558,0.05570376833502264,2.0195533372009353,1.9672495121885647,2.0720682122945955,0.07310958567409864,0.07132142997499549,0.07486165362651655,1.9636735650719501,1.9263366508168418,2.0261694619625326,0.027588223450913857,0.02176784406899572,0.03342211107619773,1.8654895319188118,1.670339670832327,2.159898896018966,0.020961315742707987,0.002687563696905538,0.0380372952785008,-0.8125395604204395,-2.0708913498186767,0.07535254032878691
0.6,0.2343749999999999,0.0,0.0,0.0,0.36,0.2246772131319553,3.431031563077489,0.993819560802835,1.0091719646229,0.9724623135654208,2.817993732989541,0.8841236294506891,2.897792226680429,3.187329960562616,3.099558267545102,0.6489465065,0.0,0.0,0.0,120.31,0.3612744185798116,0.3543796294834465,0.9576925387,0.6489465065,1.0,0.3662667109852408,0.3527113535796874,0.9571899292820022,0.6513011211070794,1400,RIT,0.06720986804102091,12.945682506053204,4.036187802965097,0.019445141293108432,1.852697513103493,0.019445141293108432,1.852697513103493,0.05847880360151458,0.16927240358717363,-0.368196875,4.01133046875,1.9971234375,0.921378650665283,0.0,0.01965705721653513,1.7419899034765147,0.43751934203272236,0.09096421876791287,2.412011665344238,-0.1045890625,1.6174203125000002,0.46046875,0.1296405029296876,0.28599705078125,0.3364103125000001,4.856638693197723,5.6572000000000005,0.019396620303159386,-2.4688778948605195,0.0,0.0,0.0,1.0,0.0,0.034867986625706004,0.018730111546026332,0.055715697872849496,-4.317225323227772,-6.538619208382075,-1.598829731534594,0.01698267898367689,0.014741044927259491,0.018134432066849244,-0.43624719865882,-0.540732554297807,-0.30011988044516347,0.055016381112539814,0.05396567281855218,0.05675838950407165,3.6191224855304087,3.5759591677284766,3.668531616537843,0.8691387494470791,0.8576421203389687,0.873618415268788,3.6230274862714777,3.603037580549591,3.658120299767482,0.08458354918666401,0.08071460923841278,0.08803555560059732,4.348155168018197,4.2624692373463535,4.430885879197312,0.11732676951096299,0.11405978482850032,0.12251201676699947,2.544740253105752,2.5037405812150664,2.5754668620918437,0.01605816052365905,0.009014290951752988,0.022497907722337195,-1.2986868344272757,-1.5223743272963475,-0.9879941124525331,0.03018044818565535,0.00702803082705593,0.051136555079915685,-1.4184276805003666,-4.526152282289734,-0.1259630676021226
1.0,0.25,0.0,0.0,0.0,0.07,0.0702814843584858,5.876123789373597,0.989914737139736,0.967068301109454,0.9700891648918654,2.822551316929844,0.8821459756811936,2.9095792624840526,3.199642003411361,3.103938039042262,0.6874386347,0.9614935036467964,0.0125416043940932,0.0313785877062792,0.0,0.3953744613270699,0.3555866482113856,0.9514149314,0.6874386347,1.0,0.39483117025625,0.35981440246,0.9515839428556588,0.686369879389307,1101,RIT,0.622746426583853,9.452534562211989,3.98027275310162,0.03046874999999999,2.3560937500000136,0.03046874999999999,2.3560937500000136,0.06782455306320856,0.16297783820215886,-0.35551,4.0225124999999995,2.032025,0.9802968749999998,0.0,0.0269135561201225,1.757068516912403,0.47721683137325066,0.0,3.141592653589793,-0.08392499999999997,1.5211750000000002,0.3718999999999999,0.0,0.0,0.38656500000000005,8.230348369807949,6.019950000000001,0.04241015624999989,-2.5925603071794048,0.0,0.0,0.0,1.0,0.0,0.043292516832005745,0.01292677207219129,0.07786001993221571,-3.759235787519655,-5.940709627639197,-0.8007350169650662,0.03080189993318483,0.0282638999378679,0.03240302268031848,0.17862679381470448,0.0913133507335436,0.3216535036107316,0.06770147500118182,0.06554395184454198,0.07060804187823663,4.197991123252979,4.1512682477654,4.262662603906284,0.9771244344444768,0.9627581111561003,0.9830816778491362,4.195284343169904,4.172966012393841,4.237619190389736,1.8234078708091921e-06,2.76977127740684e-09,0.0004240056896890539,3.125910120495335,0.13367487234655512,6.080883453335987,1.5503936643951103e-06,2.4656573794642486e-09,0.00026451900207020605,2.9281660643683445,0.3069481405657211,6.0493980799610245,0.03414587031577976,0.027992026488077852,0.040147317930702316,-0.4582835005426975,-0.6264135363848666,-0.17587030624340905,0.021497465441568164,0.0020024741716332586,0.03909602349110827,-0.8542663501691872,-2.3300187614528824,0.5270728970457655
0.7000000000000002,0.2422145328719723,0.0,0.0,0.0,0.7975,,,0.991393184993525,0.586650777269861,0.990041560162549,2.364032633244054,0.9590905861099156,2.3878115105146875,2.464868978469075,2.4403227290397917,0.56388808,0.0,0.0,0.0,69.98,0.2609394877139943,0.2958264592291506,0.9848310541,0.56388808,1.0,0.3804993433230282,0.3562468440587541,0.9544415030841792,0.6690097871088613,1388,RIT,0.3265881140705068,11.153498935176525,4.007055730052486,0.02396175247053387,2.141370632250485,0.02396175247053387,2.141370632250485,0.049578227450821195,0.1814437543628307,-0.36183148788927333,4.016940830449827,2.0146346020761245,0.9509984572182889,0.0,0.02308431348782734,1.7496076183442026,0.4575965863535246,0.06704961102622825,2.430026725081553,-0.09422128027681648,1.5691311418685119,0.41603114186851164,0.09523601320414665,0.30501450886603365,0.3615744290657442,6.180623266186942,5.839202595155712,0.027531877626598915,-2.6188364737988867,0.0,0.0,0.0,1.0,0.0,0.018106433052540612,0.00270676071767064,0.03090843491353708,-5.455804673262671,-7.404973796681053,-2.2134412951961098,0.013255939161840646,0.010393730615561148,0.014813334348566532,5.340144821427072,5.094560755365322,5.49789428404671,0.02515102171314509,0.022969980898892024,0.026958492141513146,2.3801243785364052,2.2823418991639985,2.496697864331958,0.5042552846578221,0.4886876112959172,0.5220774834636732,2.277816872075962,2.22547501365133,2.310013196428217,0.038762437952547524,0.03483581435324713,0.04093555162122948,4.399760861918402,4.329236936761227,4.443067956365763,0.04131374332538995,0.04025813652649645,0.042819701572395646,0.47624112884403824,0.43599069263021767,0.513501535510673,0.009541015814346743,0.006086304699125745,0.012073483558761523,2.373367387358905,2.125922050622364,2.6210622316142764,0.049638945210525254,0.014954079253851843,0.08749287349493276,-0.23450267802450214,-3.8324521623776637,2.2666486725778023
0.9999999831920442,0.25,1.21703736618e-05,1.20317126489e-05,1.2101043155932653e-05,0.0,0.1584204640259244,4.403179245412478,0.9925237180463568,1.0619442110267807,0.9702626742536056,2.809804277709083,0.8828193140995162,2.8959212306817665,3.182762579877525,3.088115732266272,0.687392122406,0.0,0.0,0.0,,0.3933506775125358,0.3603497375020197,0.952230540945,0.687392122406,1.0,0.3948311539774342,0.3598152894433223,0.9515836144492612,0.6863735800593268,1362,SXS,,,,,,,,,,,,,,,,,,,,,,,,,,,,,,,,,,,,,,,,,,,,,,,,,,,,,,,,,,,,,,,,,,,,,,,,,,,,,,,,,,
0.4999999999999993,0.222222222222222,0.0,0.0,0.0,0.6975,,,0.992565935395825,0.657270823300567,0.9894917932115916,2.836152694738297,0.9529615198744548,2.866272074408017,2.9761460831198487,2.9448721246459133,0.6138240979,0.0,0.0,0.0,179.05,0.3023059099336827,0.3284403203468677,0.980830604,0.6138240979,1.0,0.3445819394768172,0.3473434123990122,0.9612091161354084,0.6233940746778821,1432,RIT,-0.18790136354779619,15.239396488866545,4.086138574069609,0.015762688614540447,1.3182228318853646,0.015762688614540447,1.3182228318853646,0.0512830197656155,0.17455386431297998,-0.37806444444444454,4.002633333333333,1.9699777777777774,0.8752373113854589,0.0,0.015516703337507386,1.7302072009968983,0.4061529083839812,0.11443919833057686,2.3879403292181074,-0.12066111111111122,1.6922777777777787,0.5293555555555562,0.16210699588477395,0.25775302469135775,0.2974011111111108,3.5843356544981253,5.375061111111108,0.016664783108566984,-2.161595516402621,0.0,0.0,0.0,1.0,0.0,0.02184262092721212,0.015462110558573836,0.031877950476774816,-3.100132411779285,-5.252342783296962,-0.5750536439992624,0.006835582895730637,0.004737187970716579,0.008004582821225507,0.9185203468708368,0.6837039898507629,1.2531023539119222,0.034288849886641395,0.03308438510814759,0.03576323211090935,4.594625320076312,4.512169966872786,4.650262695883507,0.58780940496426,0.5704672413929643,0.6017257379779699,4.52771394607788,4.495333170184172,4.546836756374174,0.08497744170538468,0.07770517792670037,0.08955401264764663,-0.7996624275765871,-0.8558477259560267,-0.757567738531189,0.10261530072305325,0.10146342959783614,0.10565063321133064,3.961763866387955,3.9407498102221465,3.9864208178851017,0.006857758671579672,0.004510744948943054,0.01016878895415881,1.804665566465259,1.5936779660363443,2.3518425866291737,0.03645015381714334,0.01157566236323047,0.05758849339436375,-6.565476099188041,-10.161570030426867,-3.9433551947014704
0.7500000000000013,0.2448979591836735,0.0,0.0,0.0,0.15,,,0.989201127498445,0.905756747358873,0.9714103216001028,2.8244046585338367,0.8849276096937313,2.907530006353535,3.1916787628666574,3.100429693480518,0.6727445071,0.0,0.0,0.0,74.3,0.3784969729800325,0.3485965311980123,0.9540575783,0.6727445071,1.0,0.385416566825435,0.3574701254265389,0.9534713184168964,0.6750187370840793,1261,RIT,0.4260003573942982,10.549511866711324,3.9975928802337006,0.025960735080191092,2.224787943243811,0.025960735080191092,2.224787943243811,0.06435006767270317,0.16544996267979434,-0.3596526530612244,4.018861224489796,2.0206285714285714,0.9611101496825304,0.0,0.02436249195759436,1.752194615083263,0.46440132620896324,0.05515817928810085,2.4366878469005266,-0.09067244897959176,1.5526020408163264,0.4008204081632649,0.07813601475575616,0.3116678029987506,0.37018795918367364,6.780630176006653,5.901501020408165,0.0318067131257991,-2.6373216687780077,0.0,0.0,0.0,1.0,0.0,0.04116456645382016,0.01599367262921597,0.07129841449223337,-5.423665023924216,-7.686806077053343,-2.5899502665338314,0.027184618411485645,0.025280683232830215,0.028575980349604367,4.603290378046408,4.503638573902896,4.7774587942082976,0.06586606041882659,0.06399517070164877,0.0676576324479208,2.5075072737826893,2.4692144781251963,2.5781887504818526,0.9845400954107629,0.969240162526184,0.9908481062174593,2.489432799264042,2.467087379746012,2.5333467897489332,0.05744154391203515,0.056540926687163984,0.0591885684847392,0.4540712658690071,0.40067488265275186,0.5156352755714217,0.07705846944237693,0.07505539377202036,0.0787279607436791,3.9566315144783775,3.9176115919159997,4.021656410296639,0.02940435436425326,0.02322349156437893,0.03568738010028137,-3.852073705768148,-4.044969295336112,-3.5318795334883335,0.022679838707499567,0.0022720582781897386,0.040163835936194096,-1.083530617658264,-2.2225672488732853,-0.14619254083541566
0.4999999999999993,0.222222222222222,0.0,0.0,0.0,0.4375,0.362708978672467,1.1742341406094583,0.993775020969278,0.896278395409876,0.9754136041982366,2.9128904935421223,0.890721323323737,2.9863131711561874,3.2702602006569657,3.1898562889888598,0.6283121826,0.0,0.0,0.0,146.69,0.354960515962664,0.3511163226105225,0.960386463,0.6283121826,1.0,0.3445819394768172,0.3473434123990122,0.9612091161354084,0.6233940746778821,1424,RIT,-0.18790136354779619,15.239396488866545,4.086138574069609,0.015762688614540447,1.3182228318853646,0.015762688614540447,1.3182228318853646,0.053011579236391486,0.1724231582359993,-0.37806444444444454,4.002633333333333,1.9699777777777774,0.8752373113854589,0.0,0.015516703337507386,1.7302072009968983,0.4061529083839812,0.11443919833057686,2.3879403292181074,-0.12066111111111122,1.6922777777777787,0.5293555555555562,0.16210699588477395,0.25775302469135775,0.2974011111111108,3.5843356544981253,5.375061111111108,0.016664783108566984,-2.161595516402621,0.0,0.0,0.0,1.0,0.0,0.035293517178995606,0.027541273481788284,0.04669209785053019,-4.646320274957342,-7.024028672703724,-2.2709349800092866,0.009309718737167572,0.006441103966655325,0.010951013671474677,4.8011582640457595,4.5172977342950755,5.033590183638469,0.05624101769937073,0.05492109372182718,0.05827326818613677,3.2143266733628577,3.154384694013231,3.272868339131225,0.9295357771688049,0.9129817136151387,0.9366547184132753,3.2141321922477704,3.193913586732584,3.2524106789286535,0.12367187813246838,0.12045163878324407,0.1284604644988257,3.911061970078769,3.8309149364930892,3.991924814705369,0.16664839647156193,0.16374222411336353,0.17212746610148985,1.8773511940997518,1.8468655807252092,1.9216325312777707,0.010963313707229472,0.004566736403919595,0.019429251794549844,-1.3664668364616976,-1.6369684096118995,-0.6190578963334925,0.03393549269393803,0.006184344577073452,0.061049486511427574,-1.8006796422725735,-3.9850637024125186,-0.7052685960124716
0.4999999999999993,0.222222222222222,0.0,0.0,0.0,0.14,,,0.9903131752804,0.827061457313803,0.9760078415113632,2.903123668360103,0.893330440056258,2.9744880572522567,3.2497758255917906,3.1718066889316514,0.6253138637,0.0,0.0,0.0,145.94,0.3455987854652281,0.3413933692058606,0.9617665439,0.6253138637,1.0,0.3445819394768172,0.3473434123990122,0.9612091161354084,0.6233940746778821,1219,RIT,-0.18790136354779619,15.239396488866545,4.086138574069609,0.015762688614540447,1.3182228318853646,0.015762688614540447,1.3182228318853646,0.05265032522155784,0.17286946028120873,-0.37806444444444454,4.002633333333333,1.9699777777777774,0.8752373113854589,0.0,0.015516703337507386,1.7302072009968983,0.4061529083839812,0.11443919833057686,2.3879403292181074,-0.12066111111111122,1.6922777777777787,0.5293555555555562,0.16210699588477395,0.25775302469135775,0.2974011111111108,3.5843356544981253,5.375061111111108,0.016664783108566984,-2.161595516402621,0.0,0.0,0.0,1.0,0.0,0.033686090770644994,0.02657756463962185,0.04384841232551222,-5.759855432261602,-8.099958920419073,-3.418571817681233,0.009321689062130267,0.007238459084150506,0.010669486545250996,3.602766119395609,3.379373481883527,3.8413797304264232,0.05419234328369993,0.05312487336828802,0.05583526174532966,2.072548307932877,2.021406117757255,2.1260555690579515,0.9007874470234521,0.8850775060583325,0.909738506437294,2.0312824569268413,2.0142648768056555,2.0682910288558976,0.12405042729784455,0.12213874308879835,0.12669633810604738,3.3771614139888855,3.3353668441789153,3.433514370799152,0.16129284781293285,0.15842171348476713,0.1644791106823423,0.09785428234717553,0.07543297437222608,0.15084434335699565,0.010852005438656165,0.005287206020358622,0.018418032182288706,2.576499422758184,2.401042087229598,3.0607159834570563,0.02323451962176859,0.008124401145136885,0.03908907846785257,-1.3441040147969932,-2.110703262058923,-0.7637638303738692
1.0,0.25,0.0,0.0,0.0,0.35,,,0.986619024618628,0.808485717389334,0.9776000794941958,2.956008819815576,0.911403830854116,3.0237403635901874,3.243357905403329,3.170706946150423,0.7065967602,0.9414696930955332,0.0134817047542172,0.0342514608368811,0.0,0.4121308475924762,0.3577230057322929,0.9572300212,0.7065967602,1.0,0.39483117025625,0.35981440246,0.9515839428556588,0.686369879389307,1125,RIT,0.622746426583853,9.452534562211989,3.98027275310162,0.03046874999999999,2.3560937500000136,0.03046874999999999,2.3560937500000136,0.07078103826323927,0.15961153580905077,-0.35551,4.0225124999999995,2.032025,0.9802968749999998,0.0,0.0269135561201225,1.757068516912403,0.47721683137325066,0.0,3.141592653589793,-0.08392499999999997,1.5211750000000002,0.3718999999999999,0.0,0.0,0.38656500000000005,8.230348369807949,6.019950000000001,0.04241015624999989,-2.5925603071794048,0.0,0.0,0.0,1.0,0.0,0.044289536346877156,0.01395768121481829,0.07833873569768282,-6.534866483182374,-8.713829868886005,-3.5649786633937977,0.030588971143678756,0.028821191856313627,0.03193219763015081,3.7520938793842022,3.68195287802902,3.891767846182258,0.06897073246993157,0.06691559448643389,0.07057544164989624,1.3131993537604738,1.274292787639037,1.375387778188754,0.9604267275294787,0.941270471853451,0.9811812439127134,1.275864539421698,1.2355430971001182,1.3197689831434478,2.596202209739811e-06,2.4668515672073127e-09,0.0005921221051237137,3.2552641241766507,0.06944793235614852,6.036433220134044,1.289165437365327e-06,3.1031641897497697e-09,0.00038306287821282845,3.299205481012916,0.21094331625346985,6.264847090716046,0.034706253759305805,0.028544882293014093,0.040757857246686194,0.04866604997199753,-0.09833483582158742,0.3215022394032531,0.017184817606962062,0.0032218125815431076,0.030565920138059685,-6.159007025369851,-7.640907491238586,-2.3939633965240286
1.0,0.25,0.0,0.0,0.0,0.0,,,0.990736917806259,1.00280311375552,0.969853077432152,2.810779766378831,0.8812299836092321,2.898150072195306,3.1896097711823077,3.093452852388823,0.6863736768,0.0,0.0,0.0,0.0,0.3932379086373926,0.3639127188544364,0.9516104403,0.6863736768,1.0,0.39483117025625,0.35981440246,0.9515839428556588,0.686369879389307,1090,RIT,0.622746426583853,9.452534562211989,3.98027275310162,0.03046874999999999,2.3560937500000136,0.03046874999999999,2.3560937500000136,0.06766365266694425,0.1631600979162904,-0.35551,4.0225124999999995,2.032025,0.9802968749999998,0.0,0.0269135561201225,1.757068516912403,0.47721683137325066,0.0,3.141592653589793,-0.08392499999999997,1.5211750000000002,0.3718999999999999,0.0,0.0,0.38656500000000005,8.230348369807949,6.019950000000001,0.04241015624999989,-2.5925603071794048,0.0,0.0,0.0,1.0,0.0,0.043017674653594296,0.012811425497919013,0.07658659177493027,-6.642883855325927,-8.824471508799448,-3.6351081828561655,0.030035618977921397,0.027957586333080788,0.03149809679226639,3.666530906461164,3.575497607501208,3.804072438277922,0.0659340666818029,0.0639981475866994,0.06802479634531645,1.3430176361783215,1.2933849033628393,1.407474758374204,0.9551515524742397,0.9419775206059807,0.9610999212667397,1.344418071500224,1.3214701223497052,1.3856163454784294,2.7763255961054934e-06,2.942525250929986e-09,0.0005407333031884883,3.1785040029112746,0.09135626342341777,6.085946145962031,2.7455597730118836e-06,2.932149381803911e-09,0.0005976410533529379,2.9591149221096757,0.17511169004603247,6.158361077087764,0.033116489278834926,0.027310520482556295,0.0389644700379448,0.14044686577376342,0.003980459336859827,0.4178458457956759,0.02087874282188762,0.004129331344792996,0.03814733392085808,-0.771986672509523,-2.242241602993415,0.4417635509897544
0.9000000000000008,0.2493074792243767,0.0,0.0,0.0,0.5775,,,0.992290816639581,0.872204571720151,0.978532693386188,3.06990158706,0.9148164986736198,3.1372498924248324,3.355756691654566,3.2837176338334664,0.7127002824,0.0,0.0,0.0,24.24,0.4470161647303422,0.3657093606406505,0.9502038874,0.7127002824,1.0,0.3935482092334095,0.3594947871327383,0.951843459226394,0.6848348051898036,1336,RIT,0.5956875967256099,9.596620032564594,3.9825735289591884,0.02979993948902209,2.340576225547977,0.02979993948902209,2.340576225547977,0.07155836351814844,0.15850228445382805,-0.35607229916897504,4.0220168975069255,2.0304781163434904,0.9776955937970423,0.0,0.026558874621321553,1.7564108618115646,0.4754875382272201,0.02089819929801155,2.4482155701686192,-0.08484085872576169,1.5254407202216067,0.3758254847645426,0.029419954533320806,0.3227599757138142,0.3843420775623271,8.004593836280062,6.003872437673132,0.04076639267494243,-2.6061789900677685,0.0,0.0,0.0,1.0,0.0,0.06051753182758923,0.026588347166946472,0.0998659838945677,-5.083473394460609,-7.660352055837471,-2.4494025446924375,0.040739324753002015,0.03521519563106646,0.04325972335694122,4.358739188530385,4.234828139478312,4.611145159477016,0.10059737073999801,0.09768374170453943,0.10340671429017045,2.784374418798962,2.72015020878108,2.8973836387928085,1.3645463843114407,1.331385317429144,1.3867012677409165,2.801429584135677,2.766511251100952,2.8675086805429317,0.027623271177858677,0.02648239718307097,0.029569558789628032,0.07662802767846988,0.0055030744668154285,0.1891076497967039,0.041304841584180685,0.03916587030837045,0.042951191795708436,-1.8942542380499128,-1.9609290607907068,-1.7844184797105749,0.05260406617213398,0.043074257359061285,0.06179579842213728,-3.3987164655788593,-3.6075673944728113,-2.990816453569249,0.06054670431987108,0.018435660889474462,0.11013841212133031,-7.112901599087046,-10.682983912950856,-3.0695530987626274
0.9999998283232604,0.2499999999999981,-2.54835566879e-05,-2.57800521003e-05,-2.563180438137466e-05,0.2186272,0.0781305083149788,0.5502782528047767,0.9923158904426844,1.0758823503838597,0.9698163180516736,2.809440713294891,0.8810873815186084,2.8968791935146623,3.1886062293306785,3.092362353046109,0.686497522206,0.0,0.0,0.0,,0.394706031946096,0.3592985057071018,0.951263356267,0.686497522206,1.0,0.3948312047394824,0.3598125237214067,0.9515846384544588,0.686362040794805,1358,SXS,,,,,,,,,,,,,,,,,,,,,,,,,,,,,,,,,,,,,,,,,,,,,,,,,,,,,,,,,,,,,,,,,,,,,,,,,,,,,,,,,,
0.7000000000000002,0.2422145328719723,0.0,0.0,0.0,0.51,,,0.992852297436726,0.912567875753093,0.9705544896465554,2.850726708171265,0.8802219215772983,2.937214487781523,3.238645435077276,3.143281867387572,0.6699240048,0.0,0.0,0.0,116.26,0.3910203246104485,0.347978660471,0.9515819551,0.6699240048,1.0,0.3804993433230282,0.3562468440587541,0.9544415030841792,0.6690097871088613,1380,RIT,0.3265881140705068,11.153498935176525,4.007055730052486,0.02396175247053387,2.141370632250485,0.02396175247053387,2.141370632250485,0.06327231680295974,0.16591437163701084,-0.36183148788927333,4.016940830449827,2.0146346020761245,0.9509984572182889,0.0,0.02308431348782734,1.7496076183442026,0.4575965863535246,0.06704961102622825,2.430026725081553,-0.09422128027681648,1.5691311418685119,0.41603114186851164,0.09523601320414665,0.30501450886603365,0.3615744290657442,6.180623266186942,5.839202595155712,0.027531877626598915,-2.6188364737988867,0.0,0.0,0.0,1.0,0.0,0.04477632476479532,0.02111062241269901,0.07457791186781096,-2.017618440450584,-4.405081085319257,0.6841730608138031,0.026832550644571018,0.023604180548722112,0.029536924082580535,1.478155163943549,1.3460671383573666,1.6562881068738606,0.07216941059334114,0.0699294930856432,0.0755389406138363,-0.36900896417135454,-0.4195251716129267,-0.29202348889258456,1.0809386761108088,1.0594575347881974,1.0910981787361063,-0.34303945603995345,-0.3717403162887356,-0.29206944736839713,0.07664625764468747,0.07092208333539766,0.0795775766325192,2.0287375896592543,1.9460384630037617,2.0946373391534414,0.10450938994028769,0.10087928309615334,0.1076055604267336,2.813044985584814,2.7667118192678877,2.9059330334145,0.03024112863371028,0.023196004036044646,0.03670395281497375,-3.2526991123311237,-3.5306002220220702,-2.8929258002042295,0.042174447143274674,0.005793007435295037,0.07262241962403375,-2.001498774493483,-4.3318687154012405,-0.5518830230333549
1.0,0.25,0.0,0.0,0.0,0.2775,0.1349919561598227,1.6961540594481477,0.993831847638232,1.14268883063516,0.9701872857791476,2.819040704669181,0.8825267389750184,2.905666509951466,3.1942836179029124,3.099053353262021,0.6850859296,1.0478970655101414,0.0125696707274986,0.0253339993919352,0.0,0.3931015922528148,0.3475869815168266,0.9512320292,0.6850859296,1.0,0.39483117025625,0.35981440246,0.9515839428556588,0.686369879389307,1283,RIT,0.622746426583853,9.452534562211989,3.98027275310162,0.03046874999999999,2.3560937500000136,0.03046874999999999,2.3560937500000136,0.06746955832669614,0.16337982587331182,-0.35551,4.0225124999999995,2.032025,0.9802968749999998,0.0,0.0269135561201225,1.757068516912403,0.47721683137325066,0.0,3.141592653589793,-0.08392499999999997,1.5211750000000002,0.3718999999999999,0.0,0.0,0.38656500000000005,8.230348369807949,6.019950000000001,0.04241015624999989,-2.5925603071794048,0.0,0.0,0.0,1.0,0.0,0.046747055573815754,0.01653465242858892,0.08378597765012989,-4.342663733666475,-6.693168995857762,-1.4690593928803315,0.033839433895869186,0.03166089955940598,0.03558316974013897,-0.6664527203753521,-0.7600905436484489,-0.49744035759181315,0.07371185733112573,0.07125624219302112,0.07635452909950786,3.6031205856283615,3.5561295353066074,3.6809457957840985,1.069491849801807,1.0496244635452086,1.0781220874700845,3.610904212566605,3.5858767804248832,3.6610309792255835,2.539055361968733e-06,3.1697916408320237e-09,0.0005583655583496952,2.9165584334488894,0.19034157659991718,6.082761517350491,1.8665709526934647e-06,2.3933110950808043e-09,0.0004935902783176143,3.1862165024322953,0.17526604709942745,6.233467416449496,0.03791360063549676,0.031057567683436996,0.044552709234372045,-1.698586984342335,-1.8785919270787632,-1.3729095685369241,0.03710102627476586,0.004841815626859956,0.06505235728560599,-1.8229855608152858,-4.52420370262043,-0.4764254894992277
1.0,0.25,0.0,0.0,0.0,0.145,,,0.989033058557429,0.927254033498312,0.9700001164822232,2.802287328261783,0.8818004519510534,2.8889556615977363,3.1779155046490395,3.082578409680232,0.6854208418,0.9034925956709248,0.0121761675718081,0.0299522491858793,0.0,0.3891658809744567,0.3618475394347769,0.9524194241,0.6854208418,1.0,0.39483117025625,0.35981440246,0.9515839428556588,0.686369879389307,1109,RIT,0.622746426583853,9.452534562211989,3.98027275310162,0.03046874999999999,2.3560937500000136,0.03046874999999999,2.3560937500000136,0.06751998860765134,0.16332274885881815,-0.35551,4.0225124999999995,2.032025,0.9802968749999998,0.0,0.0269135561201225,1.757068516912403,0.47721683137325066,0.0,3.141592653589793,-0.08392499999999997,1.5211750000000002,0.3718999999999999,0.0,0.0,0.38656500000000005,8.230348369807949,6.019950000000001,0.04241015624999989,-2.5925603071794048,0.0,0.0,0.0,1.0,0.0,0.04167263147309308,0.01302705221347556,0.07340192416749551,-3.5544427076754355,-5.690353564691362,-0.5121124847082816,0.029025669177355717,0.02694397788327487,0.03034869863063515,0.5715507225409591,0.48853074507550365,0.6976980322091595,0.06306801601373976,0.06125881770160884,0.06483105663912302,4.438509735474247,4.395409207397634,4.4962619401458745,0.915511821820883,0.9044310649272785,0.9195666921264685,4.430179759140845,4.411168179196235,4.468021653810067,2.115194224470157e-06,3.3194911508141885e-09,0.0004533616239085566,3.2130414517692234,0.22525391885793972,6.209069851030879,9.811216770627954e-07,2.5781145654747192e-09,0.00048652883769169754,2.9541836505196084,0.08853009028438732,6.1808639590415115,0.03142156806738228,0.02573581388626468,0.03706532566858697,0.05213906245567035,-0.07787382554778333,0.31226396198675466,0.020426954356830063,0.0038988171781863534,0.03679059586432244,-0.6108511732650539,-2.1578458457414893,0.6088709128244318
0.6,0.2343749999999999,0.0,0.0,0.0,0.6636,,,0.99232915859818,0.731649674351603,0.9873180256787548,2.9457089324467995,0.9462333521710816,2.9835461885968333,3.113089308982851,3.073609190306588,0.6673221661,0.0,0.0,0.0,155.96,0.3536250474025865,0.3573250842176971,0.9743617722,0.6673221661,1.0,0.3662667109852408,0.3527113535796874,0.9571899292820022,0.6513011211070794,1408,RIT,0.06720986804102091,12.945682506053204,4.036187802965097,0.019445141293108432,1.852697513103493,0.019445141293108432,1.852697513103493,0.06094536900847124,0.16633998389137253,-0.368196875,4.01133046875,1.9971234375,0.921378650665283,0.0,0.01965705721653513,1.7419899034765147,0.43751934203272236,0.09096421876791287,2.412011665344238,-0.1045890625,1.6174203125000002,0.46046875,0.1296405029296876,0.28599705078125,0.3364103125000001,4.856638693197723,5.6572000000000005,0.019396620303159386,-2.4688778948605195,0.0,0.0,0.0,1.0,0.0,0.030587856078084896,0.015395657607115908,0.04764327760895303,-2.2869918345580778,-4.272167084923884,0.4926408194090075,0.014662498109876076,0.012519993990839607,0.016516067414831682,2.170478907841713,2.0652385693038773,2.3200358465837683,0.04619578541934999,0.04471418077837694,0.047877378536987675,5.569540206185832,5.503905565485805,5.621048495730944,0.7072527376995117,0.6968341650733473,0.7246493655458348,-0.7613771835535483,-0.7843324207102844,-0.7422049664606405,0.07178511863256554,0.06643497188085512,0.07566067214266034,-0.4161052503131737,-0.48617847823243476,-0.37589707096185787,0.09738429202639522,0.09615701880546856,0.09989675672369212,-0.7872538371893723,-0.8165899465532718,-0.7572071919530048,0.011980812347854308,0.007369171056012403,0.016387184205808893,2.6695270308073917,2.487555354875011,2.8814895054248746,0.041410805236094195,0.010580629742689609,0.06725381509123482,-6.834189862891132,-10.450127066872223,-3.736153606265365
0.4999999999999993,0.222222222222222,0.0,0.0,0.0,0.18,,,0.989894115827804,0.807598461433724,0.9751771827850564,2.910106807181484,0.8896837101053483,2.984182627069234,3.2709453642091475,3.1897512853133168,0.6267106449,0.0,0.0,0.0,158.16,0.3512246413691557,0.3507086551862741,0.9604774145,0.6267106449,1.0,0.3445819394768172,0.3473434123990122,0.9612091161354084,0.6233940746778821,1223,RIT,-0.18790136354779619,15.239396488866545,4.086138574069609,0.015762688614540447,1.3182228318853646,0.015762688614540447,1.3182228318853646,0.05281838383123763,0.1726619027549943,-0.37806444444444454,4.002633333333333,1.9699777777777774,0.8752373113854589,0.0,0.015516703337507386,1.7302072009968983,0.4061529083839812,0.11443919833057686,2.3879403292181074,-0.12066111111111122,1.6922777777777787,0.5293555555555562,0.16210699588477395,0.25775302469135775,0.2974011111111108,3.5843356544981253,5.375061111111108,0.016664783108566984,-2.161595516402621,0.0,0.0,0.0,1.0,0.0,0.03390807258997264,0.027216494427991934,0.04382694890273687,-1.893934948420248,-4.252994634556104,0.4371958517072084,0.009158078034327444,0.007263951545767321,0.010734840955227257,1.1642283161301117,0.9502435691085032,1.4318899929823887,0.05464978236340289,0.053525134842045824,0.056040852720221544,-0.34568284924295645,-0.3939487957026033,-0.28800523154145186,0.901503348023584,0.8883065217121466,0.9092629828687794,-0.38554107544456495,-0.40453054770210795,-0.3484982330474944,0.12481485491888356,0.1231276320440713,0.12816625073675064,2.176915108417249,2.1406117666634934,2.2285711331108926,0.16166630140140426,0.15841074061763927,0.16413459239516748,2.7678816477875454,2.74491284186945,2.823673590095899,0.010728729855380953,0.0049049038082391505,0.01801332910050021,-2.262167389756878,-2.4146827080374074,-1.803879137407157,0.023853541081420307,0.008144714744525574,0.0400072930426473,-1.3626953908131525,-2.117515249755364,-0.8070761930364334
0.3333333333333333,0.1875,0.0,0.0,0.0,0.4375,0.3593138877120957,4.131321610805809,0.994747912188625,0.756290074302792,0.979809749032998,2.912097754481522,0.8934057181336174,2.97210530652053,3.2595468054145478,3.1937357373745376,0.5364215149,0.0,0.0,0.0,172.54,0.2797093388748668,0.3299964588402986,0.971319033,0.5364215149,1.0,0.2849550865647949,0.33276172592,0.971248210181883,0.5405636817226854,1470,RIT,0.04316486925554247,12.104987282981323,4.267052150529734,0.0195087661743164,-0.2104132080077932,0.0195087661743164,-0.2104132080077932,0.03619758307895018,0.18497150400508705,-0.4062575,3.9777843749999997,1.89241875,0.7420158691406249,0.0,0.01654776200957613,1.7036939313984176,0.3258825422735166,0.1497074382305145,2.33851416015625,-0.16658124999999996,1.9061562500000002,0.7261749999999998,0.19871484375,0.18534031250000002,0.18594624999999998,2.13382630909159,4.56895,0.03969810390472408,-2.0624280134784603,0.0,0.0,0.0,1.0,0.0,0.025664457058117818,0.006798893950238133,0.03731153375532678,-4.194684259161252,-7.253492319948969,-2.5743560223092956,0.015072688348046537,0.012157596999189611,0.01692224638262843,3.1913177252895326,3.003694363040748,3.375825077923474,0.03189554020408169,0.02802048352461508,0.033823943695220696,3.343364088680591,3.2638891600635302,3.4102525170032547,0.6633711317865683,0.6524180399877773,0.6685884889497821,3.3316190734108937,3.320545956313758,3.3558474477137152,0.1403077577640925,0.13323163741560634,0.14526395107161075,4.291000806019018,4.225122508392551,4.339846711745298,0.16981266318084653,0.16642452896060447,0.17548754925013293,2.0463439618745314,2.023199616266443,2.0781493108117854,0.027101708546061754,0.024205035014821442,0.029700449330749057,0.2789390313625846,0.19128320387849695,0.4716582064398465,0.02547992704359503,0.0070800370306133035,0.042850943618234,-1.2190692841192465,-3.0235775771710904,-0.6404815046302259
1.0,0.25,0.0,0.0,0.0,0.4524,0.4057777580081294,1.869537256992814,0.992918831212457,0.994811452552977,0.969695962346014,2.8326679334198244,0.8806205187803242,2.92119184096288,3.216672645037981,3.119194476082203,0.6885886705,1.044890061999297,0.0097409838807801,0.0290550736315543,0.0,0.4039926002687266,0.36077162901951,0.9496850804,0.6885886705,1.0,0.39483117025625,0.35981440246,0.9515839428556588,0.686369879389307,1295,RIT,0.622746426583853,9.452534562211989,3.98027275310162,0.03046874999999999,2.3560937500000136,0.03046874999999999,2.3560937500000136,0.06799870223606548,0.16278045960767656,-0.35551,4.0225124999999995,2.032025,0.9802968749999998,0.0,0.0269135561201225,1.757068516912403,0.47721683137325066,0.0,3.141592653589793,-0.08392499999999997,1.5211750000000002,0.3718999999999999,0.0,0.0,0.38656500000000005,8.230348369807949,6.019950000000001,0.04241015624999989,-2.5925603071794048,0.0,0.0,0.0,1.0,0.0,0.046461108612419255,0.016088547245716185,0.08289409330467216,-3.7386141346871513,-6.016370652892934,-0.881393780602421,0.03315266232659231,0.029290824636879452,0.03591435962632213,-0.018275442721438884,-0.13499867988199288,0.13514770365606504,0.07424340455169975,0.07133718768307676,0.0785559709829927,4.196085052739894,4.1424316238984575,4.263369834309819,1.0666085956303264,1.0467538043582327,1.0767961956188778,4.2285580382284556,4.197980981278752,4.278484132735409,2.2810906016060285e-06,2.8931743615422433e-09,0.0005593395643332512,3.139651307759234,0.06561235137248277,6.161693238662961,1.3326076206154142e-06,2.4112618267024762e-09,0.0003341643602817129,3.2988653445500242,0.17409342404127232,6.193685904161718,0.037852475380742545,0.031183436524623156,0.044640530143672676,-0.44526083117726767,-0.6193422806046609,-0.13760108167098206,0.04127837006310009,0.0017015624620866957,0.0713667149988307,-1.884371889108849,-4.357169216064226,-0.25407463672219066
1.0,0.25,0.0,0.0,0.0,0.84,,,0.990892958010282,0.537735920298896,0.9901411644920296,2.1145076450631124,0.9607590512432648,2.1355617975421866,2.2008719484108377,2.1791739138973494,0.521871207,0.4857762382577907,0.0058141293632389,0.0092794203108203,0.0,0.2401422409233913,0.2479574913124587,0.9860449564,0.521871207,1.0,0.39483117025625,0.35981440246,0.9515839428556588,0.686369879389307,1320,RIT,0.622746426583853,9.452534562211989,3.98027275310162,0.03046874999999999,2.3560937500000136,0.03046874999999999,2.3560937500000136,0.04613306411163557,0.18677423326828285,-0.35551,4.0225124999999995,2.032025,0.9802968749999998,0.0,0.0269135561201225,1.757068516912403,0.47721683137325066,0.0,3.141592653589793,-0.08392499999999997,1.5211750000000002,0.3718999999999999,0.0,0.0,0.38656500000000005,8.230348369807949,6.019950000000001,0.04241015624999989,-2.5925603071794048,0.0,0.0,0.0,1.0,0.0,0.017338225321014256,0.0030624825978531347,0.03229257777722293,4.103213942510488,2.4753918262381642,5.393745894719048,0.015569790011054296,0.0140716699446612,0.01746345460652908,3.9363649567089003,3.7966671163100716,4.04256861991186,0.022663133530766544,0.020752909581777237,0.02383227650259229,1.201942042587339,1.1242254472568893,1.2700791148757353,0.48916592649541424,0.4714929142244902,0.5024923915606667,1.0904634868689216,1.048605501812668,1.126598036511676,1.975286202161707e-06,2.886028235498054e-09,0.00045561952816570945,2.906229853155353,0.09208917531595727,6.048292432895692,2.206439125414197e-06,2.219444676005377e-09,0.00036747117109942105,2.897028638871983,0.16669920673297559,6.151316383624437,0.011110779452893182,0.008299784839078395,0.012727454628448463,-0.25795806023350676,-0.5074447142131691,-0.015357946334996875,0.05753844152252213,0.016080826310117858,0.0902905110201992,-0.2565158865035291,-3.9572841717386837,1.8799169729819192
0.999999999458,0.2499999999999999,-3.67050658542e-09,-2.1572848954e-09,-2.913895740615042e-09,5.11e-05,,,0.9937350479750684,1.184610674783749,0.970076144203846,2.8115000766281413,0.8820954511068027,2.898226178869263,3.187296877112826,3.09192066498257,0.686429826547,0.0,0.0,0.0,,0.3931402173131891,0.3589913128200805,0.951614826833,0.686429826547,1.0,0.39483117026017,0.359814402246418,0.9515839429347374,0.6863698784981955,0180,SXS,,,,,,,,,,,,,,,,,,,,,,,,,,,,,,,,,,,,,,,,,,,,,,,,,,,,,,,,,,,,,,,,,,,,,,,,,,,,,,,,,,
0.6666669867277306,0.2400000230443789,8.64427645114e-08,1.55363889098e-07,1.1401122228726713e-07,0.0004338,,,0.9939856269825766,1.137153488696035,0.9718324508023938,2.832178571162503,0.8842881620116709,2.914266310848247,3.2027778871534,3.1125634834480014,0.664090940995,0.0,0.0,0.0,,0.3758950010892091,0.3554121140971347,0.955269623847,0.664090940995,1.0,0.3764589917966816,0.3552423691203513,0.9552307175925971,0.664030731451419,0007,SXS,,,,,,,,,,,,,,,,,,,,,,,,,,,,,,,,,,,,,,,,,,,,,,,,,,,,,,,,,,,,,,,,,,,,,,,,,,,,,,,,,,
0.5000048741557509,0.2222229443123313,1.85749017003e-06,-9.30287910028e-06,-1.8626570966072449e-06,0.0,,,0.9930250969885164,0.9554489060307636,0.9749758736450576,2.8741211333431047,0.8888007582587991,2.9478894924834167,3.233706887214676,3.152786197474168,0.62343865629,0.0,0.0,0.0,,0.3442635384599837,0.3465460823424564,0.961239544339,0.62343865629,1.0,0.3445831946891599,0.3473431552476402,0.9612090414374032,0.623392889677949,0184,SXS,,,,,,,,,,,,,,,,,,,,,,,,,,,,,,,,,,,,,,,,,,,,,,,,,,,,,,,,,,,,,,,,,,,,,,,,,,,,,,,,,,
0.4000005095076276,0.2040817440613265,9.3726223667e-08,2.47751085117e-07,1.37733366977619e-07,0.0,,,0.9946028536885814,0.9442524412001874,0.9780195837625636,2.917479538217978,0.8934797083960713,2.9830481788453245,3.265300275767076,3.1935276165655,0.580731153894,0.0,0.0,0.0,,0.3132179082117055,0.3397097113061136,0.966732213783,0.580731153894,1.0,0.3130206946348921,0.3395857048473334,0.966704324186728,0.580697240400416,0259,SXS,,,,,,,,,,,,,,,,,,,,,,,,,,,,,,,,,,,,,,,,,,,,,,,,,,,,,,,,,,,,,,,,,,,,,,,,,,,,,,,,,,
1.0,0.25,0.0,0.0,0.0,1.0,,,0.9942653528950136,0.743206,0.9904780151482496,2.842090145762892,0.962093396984032,2.8694126495452834,2.9540688613727832,2.925940262423764,0.6848608276633493,0.0,0.0,0.0,,0.3547188665040033,0.3354612865279662,0.978120614830896,0.6848608276633493,1.0,0.39483117025625,0.3598048862656129,0.9516091105454858,0.686369879389307,37,ET,,,,,,,,,,,,,,,,,,,,,,,,,,,,,,,,,,,,,,,,,,,,,,,,,,,,,,,,,,,,,,,,,,,,,,,,,,,,,,,,,,
1.0,0.25,0.0,0.0,0.0,1.0,,,0.994273518241642,0.826336,0.9863047153433826,3.059232875608377,0.945593983017182,3.1017117002662844,3.235249938717925,3.1909422698718792,0.7251249393066969,0.0,0.0,0.0,,0.4186500841882234,0.3702470004306057,0.965214125196875,0.7251249393066969,1.0,0.39483117025625,0.35980487122618,0.9516091503216608,0.686369879389307,42,ET,,,,,,,,,,,,,,,,,,,,,,,,,,,,,,,,,,,,,,,,,,,,,,,,,,,,,,,,,,,,,,,,,,,,,,,,,,,,,,,,,,
1.0,0.25,0.0,0.0,0.0,1.0,,,0.994276815471343,0.8578620000000001,0.9823706255001574,3.0833004325519613,0.9301040916911408,3.1386325613941795,3.315005772037643,3.2565642938132515,0.7279767360639445,0.0,0.0,0.0,,0.4419401890795819,0.3881670295846078,0.95755358050386,0.7279767360639445,1.0,0.39483117025625,0.3598048651224642,0.9516091664647212,0.686369879389307,44,ET,,,,,,,,,,,,,,,,,,,,,,,,,,,,,,,,,,,,,,,,,,,,,,,,,,,,,,,,,,,,,,,,,,,,,,,,,,,,,,,,,,
1.0,0.25,0.0,0.0,0.0,1.0,,,0.9942801313126304,0.888342,0.9778248855403264,3.0701762723445487,0.9122830135639046,3.1398017352033656,3.365377001102614,3.2907493809032102,0.7156441096834125,0.0,0.0,0.0,,0.45515791106901,0.3772741485656325,0.949032883258425,0.7156441096834125,1.0,0.39483117025625,0.3598048593757429,0.9516091816636062,0.686369879389307,46,ET,,,,,,,,,,,,,,,,,,,,,,,,,,,,,,,,,,,,,,,,,,,,,,,,,,,,,,,,,,,,,,,,,,,,,,,,,,,,,,,,,,
1.0,0.25,0.0,0.0,0.0,1.0,,,0.9942834376642096,0.91774,0.9676871317854726,2.750425591244708,0.8728367700463893,2.842267403277253,3.151133964141462,3.0493117876318374,0.6749533496274226,0.0,0.0,0.0,,0.3796113857854896,0.3463842169751387,0.950347006036316,0.6749533496274226,1.0,0.39483117025625,0.3598048540133983,0.9516091958458952,0.686369879389307,48,ET,,,,,,,,,,,,,,,,,,,,,,,,,,,,,,,,,,,,,,,,,,,,,,,,,,,,,,,,,,,,,,,,,,,,,,,,,,,,,,,,,,
1.0,0.25,0.0,0.0,0.0,1.0,,,0.9942867013356244,0.946018,0.9714524600476192,2.905578591210519,0.8874397642651428,2.9909632336183405,3.274113588561726,3.180645700083628,0.6966118840004853,0.0,0.0,0.0,,0.4196276604344495,0.3642316214869083,0.948582680148995,0.6966118840004853,1.0,0.39483117025625,0.3598048496854157,0.9516092072925112,0.686369879389307,50,ET,,,,,,,,,,,,,,,,,,,,,,,,,,,,,,,,,,,,,,,,,,,,,,,,,,,,,,,,,,,,,,,,,,,,,,,,,,,,,,,,,,
0.66666,0.2399995199923199,0.0,0.0,0.0,1.0,,,0.995005276123084,0.826336,0.9850679525336016,3.1312747972768022,0.938247524636286,3.1787398922309285,3.337365370071878,3.287531671953251,0.7070259025486876,0.0,0.0,0.0,,0.4231339772149465,0.3744380662300415,0.962294878632578,0.7070259025486876,1.0,0.376458949759304,0.3552423484121438,0.9552307291558274,0.6640306341929862,42_q150,ET,,,,,,,,,,,,,,,,,,,,,,,,,,,,,,,,,,,,,,,,,,,,,,,,,,,,,,,,,,,,,,,,,,,,,,,,,,,,,,,,,,
0.49999,0.2222207407111108,0.0,0.0,0.0,1.0,,,0.9964103765058626,0.826336,0.9787909143476822,3.097459721616371,0.9055705919795588,3.16457751723276,3.420450872687227,3.347906237158859,0.633212925392018,0.0,0.0,0.0,,0.3852873994342192,0.3270866871781948,0.95710025547492,0.633212925392018,1.0,0.3445817432572322,0.3473433639472025,0.9612091515961968,0.6233938169848606,42_q200,ET,,,,,,,,,,,,,,,,,,,,,,,,,,,,,,,,,,,,,,,,,,,,,,,,,,,,,,,,,,,,,,,,,,,,,,,,,,,,,,,,,,
0.46511,0.2166781963659471,0.0,0.0,0.0,1.0,,,0.9968660755333724,0.826336,0.981191296203045,3.077920506613008,0.9140115598145973,3.136921942259129,3.367485316309729,3.304147282454664,0.6303448195483053,0.0,0.0,0.0,,0.3642765028147984,0.3370204992234562,0.96339632373981,0.6303448195483053,1.0,0.3348381973535613,0.3449405279807953,0.9629499632029862,0.6104802478462287,42_q215,ET,,,,,,,,,,,,,,,,,,,,,,,,,,,,,,,,,,,,,,,,,,,,,,,,,,,,,,,,,,,,,,,,,,,,,,,,,,,,,,,,,,
